State,Institute,Course,Quota,Fee,Stipend Year 1,Bond Years,Bond Penalty,Beds,,,
Assam,"Gauhati Med Coll, Guwahati",DA,Assam Govt Quota,"?17,900*","?55,200*",2*,"?15,00,000*",2185,,,
Assam,"Gauhati Med Coll, Guwahati",DA,Assam NEC Quota,"?17,900*","?55,200*",2*,"?15,00,000*",2185,,,
Assam,"Gauhati Med Coll, Guwahati",DA,Assam SHQ Quota,"?17,900*","?55,200*",2*,"?15,00,000*",2185,,,
Assam,"Assam Med Coll, Dibrugarh",DCH,Assam Govt Quota,"?17,900*","?55,200*",2*,"?15,00,000*",1365,,,
Assam,"Gauhati Med Coll, Guwahati",DCH,Assam Govt Quota,"?17,900*","?55,200*",2*,"?15,00,000*",2185,,,
Assam,"Assam Med Coll, Dibrugarh",DCH,Assam NEC Quota,"?17,900*","?55,200*",2*,"?15,00,000*",1365,,,
Assam,"Gauhati Med Coll, Guwahati",DCH,Assam NEC Quota,"?17,900*","?55,200*",2*,"?15,00,000*",2185,,,
Assam,"Assam Med Coll, Dibrugarh",DCH,Assam SHQ Quota,"?17,900*","?55,200*",2*,"?15,00,000*",1365,,,
Assam,"Gauhati Med Coll, Guwahati",DCH,Assam SHQ Quota,"?17,900*","?55,200*",2*,"?15,00,000*",2185,,,
Assam,"Gauhati Med Coll, Guwahati",DCP,Assam Govt Quota,"?17,900*","?55,200*",2*,"?15,00,000*",2185,,,
Assam,"Gauhati Med Coll, Guwahati",DCP,Assam NEC Quota,"?17,900*","?55,200*",2*,"?15,00,000*",2185,,,
Assam,"Gauhati Med Coll, Guwahati",DCP,Assam SHQ Quota,"?17,900*","?55,200*",2*,"?15,00,000*",2185,,,
Assam,"Gauhati Med Coll, Guwahati",DFM,Assam Govt Quota,"?17,900*","?55,200*",2*,"?15,00,000*",2185,,,
Assam,"Gauhati Med Coll, Guwahati",DFM,Assam NEC Quota,"?17,900*","?55,200*",2*,"?15,00,000*",2185,,,
Assam,"Gauhati Med Coll, Guwahati",DFM,Assam SHQ Quota,"?17,900*","?55,200*",2*,"?15,00,000*",2185,,,
Assam,"Gauhati Med Coll, Guwahati",DLO,Assam Govt Quota,"?17,900*","?55,200*",2*,"?15,00,000*",2185,,,
Assam,"Gauhati Med Coll, Guwahati",DLO,Assam NEC Quota,"?17,900*","?55,200*",2*,"?15,00,000*",2185,,,
Assam,"Gauhati Med Coll, Guwahati",DLO,Assam SHQ Quota,"?17,900*","?55,200*",2*,"?15,00,000*",2185,,,
Assam,"Gauhati Med Coll, Guwahati",ANAESTHESIOLOGY,Assam Govt Quota,"?17,900*","?55,200*",2*,"?20,00,000*",2185,,,
Assam,"Assam Med Coll, Dibrugarh",ANAESTHESIOLOGY,Assam Govt Quota,"?17,900*","?55,200*",2*,"?20,00,000*",1365,,,
Assam,"Tezpur Med Coll, Tezpur",ANAESTHESIOLOGY,Assam Govt Quota,"?17,900*","?55,200*",2*,"?20,00,000*",500,,,
Assam,"Fakhruddin Ali Ahmed, Barpeta",ANAESTHESIOLOGY,Assam Govt Quota,"?17,900*","?55,200*",2*,"?20,00,000*",470,,,
Assam,"Jorhat Med Coll, Jorhat",ANAESTHESIOLOGY,Assam Govt Quota,"?17,900*","?55,200*",2*,"?20,00,000*",814,,,
Assam,"Silchar Med Coll, Silchar",ANAESTHESIOLOGY,Assam Govt Quota,"?17,900*","?55,200*",2*,"?20,00,000*",1256,,,
Assam,"Gauhati Med Coll, Guwahati",ANAESTHESIOLOGY,Assam NEC Quota,"?17,900*","?55,200*",2*,"?20,00,000*",2185,,,
Assam,"Assam Med Coll, Dibrugarh",ANAESTHESIOLOGY,Assam NEC Quota,"?17,900*","?55,200*",2*,"?20,00,000*",1365,,,
Assam,"Tezpur Med Coll, Tezpur",ANAESTHESIOLOGY,Assam NEC Quota,"?17,900*","?55,200*",2*,"?20,00,000*",500,,,
Assam,"Fakhruddin Ali Ahmed, Barpeta",ANAESTHESIOLOGY,Assam NEC Quota,"?17,900*","?55,200*",2*,"?20,00,000*",470,,,
Assam,"Jorhat Med Coll, Jorhat",ANAESTHESIOLOGY,Assam NEC Quota,"?17,900*","?55,200*",2*,"?20,00,000*",814,,,
Assam,"Silchar Med Coll, Silchar",ANAESTHESIOLOGY,Assam NEC Quota,"?17,900*","?55,200*",2*,"?20,00,000*",1256,,,
Assam,"Gauhati Med Coll, Guwahati",ANAESTHESIOLOGY,Assam SHQ Quota,"?17,900*","?55,200*",2*,"?20,00,000*",2185,,,
Assam,"Assam Med Coll, Dibrugarh",ANAESTHESIOLOGY,Assam SHQ Quota,"?17,900*","?55,200*",2*,"?20,00,000*",1365,,,
Assam,"Tezpur Med Coll, Tezpur",ANAESTHESIOLOGY,Assam SHQ Quota,"?17,900*","?55,200*",2*,"?20,00,000*",500,,,
Assam,"Fakhruddin Ali Ahmed, Barpeta",ANAESTHESIOLOGY,Assam SHQ Quota,"?17,900*","?55,200*",2*,"?20,00,000*",470,,,
Assam,"Jorhat Med Coll, Jorhat",ANAESTHESIOLOGY,Assam SHQ Quota,"?17,900*","?55,200*",2*,"?20,00,000*",814,,,
Assam,"Silchar Med Coll, Silchar",ANAESTHESIOLOGY,Assam SHQ Quota,"?17,900*","?55,200*",2*,"?20,00,000*",1256,,,
Assam,"Assam Med Coll, Dibrugarh",ANATOMY,Assam Govt Quota,"?17,900*","?55,200*",2*,"?20,00,000*",1365,,,
Assam,"Gauhati Med Coll, Guwahati",ANATOMY,Assam Govt Quota,"?17,900*","?55,200*",2*,"?20,00,000*",2185,,,
Assam,"Jorhat Med Coll, Jorhat",ANATOMY,Assam Govt Quota,"?17,900*","?55,200*",2*,"?20,00,000*",814,,,
Assam,"Silchar Med Coll, Silchar",ANATOMY,Assam Govt Quota,"?17,900*","?55,200*",2*,"?20,00,000*",1256,,,
Assam,"Assam Med Coll, Dibrugarh",ANATOMY,Assam NEC Quota,"?17,900*","?55,200*",2*,"?20,00,000*",1365,,,
Assam,"Gauhati Med Coll, Guwahati",ANATOMY,Assam NEC Quota,"?17,900*","?55,200*",2*,"?20,00,000*",2185,,,
Assam,"Jorhat Med Coll, Jorhat",ANATOMY,Assam NEC Quota,"?17,900*","?55,200*",2*,"?20,00,000*",814,,,
Assam,"Silchar Med Coll, Silchar",ANATOMY,Assam NEC Quota,"?17,900*","?55,200*",2*,"?20,00,000*",1256,,,
Assam,"Assam Med Coll, Dibrugarh",ANATOMY,Assam SHQ Quota,"?17,900*","?55,200*",2*,"?20,00,000*",1365,,,
Assam,"Gauhati Med Coll, Guwahati",ANATOMY,Assam SHQ Quota,"?17,900*","?55,200*",2*,"?20,00,000*",2185,,,
Assam,"Jorhat Med Coll, Jorhat",ANATOMY,Assam SHQ Quota,"?17,900*","?55,200*",2*,"?20,00,000*",814,,,
Assam,"Silchar Med Coll, Silchar",ANATOMY,Assam SHQ Quota,"?17,900*","?55,200*",2*,"?20,00,000*",1256,,,
Assam,"Tezpur Med Coll, Tezpur",BIOCHEMISTRY,Assam Govt Quota,"?17,900*","?55,200*",2*,"?20,00,000*",500,,,
Assam,"Gauhati Med Coll, Guwahati",BIOCHEMISTRY,Assam Govt Quota,"?17,900*","?55,200*",2*,"?20,00,000*",2185,,,
Assam,"Assam Med Coll, Dibrugarh",BIOCHEMISTRY,Assam Govt Quota,"?17,900*","?55,200*",2*,"?20,00,000*",1365,,,
Assam,"Fakhruddin Ali Ahmed, Barpeta",BIOCHEMISTRY,Assam Govt Quota,"?17,900*","?55,200*",2*,"?20,00,000*",470,,,
Assam,"Jorhat Med Coll, Jorhat",BIOCHEMISTRY,Assam Govt Quota,"?17,900*","?55,200*",2*,"?20,00,000*",814,,,
Assam,"Silchar Med Coll, Silchar",BIOCHEMISTRY,Assam Govt Quota,"?17,900*","?55,200*",2*,"?20,00,000*",1256,,,
Assam,"Tezpur Med Coll, Tezpur",BIOCHEMISTRY,Assam NEC Quota,"?17,900*","?55,200*",2*,"?20,00,000*",500,,,
Assam,"Gauhati Med Coll, Guwahati",BIOCHEMISTRY,Assam NEC Quota,"?17,900*","?55,200*",2*,"?20,00,000*",2185,,,
Assam,"Assam Med Coll, Dibrugarh",BIOCHEMISTRY,Assam NEC Quota,"?17,900*","?55,200*",2*,"?20,00,000*",1365,,,
Assam,"Fakhruddin Ali Ahmed, Barpeta",BIOCHEMISTRY,Assam NEC Quota,"?17,900*","?55,200*",2*,"?20,00,000*",470,,,
Assam,"Jorhat Med Coll, Jorhat",BIOCHEMISTRY,Assam NEC Quota,"?17,900*","?55,200*",2*,"?20,00,000*",814,,,
Assam,"Silchar Med Coll, Silchar",BIOCHEMISTRY,Assam NEC Quota,"?17,900*","?55,200*",2*,"?20,00,000*",1256,,,
Assam,"Tezpur Med Coll, Tezpur",BIOCHEMISTRY,Assam SHQ Quota,"?17,900*","?55,200*",2*,"?20,00,000*",500,,,
Assam,"Gauhati Med Coll, Guwahati",BIOCHEMISTRY,Assam SHQ Quota,"?17,900*","?55,200*",2*,"?20,00,000*",2185,,,
Assam,"Assam Med Coll, Dibrugarh",BIOCHEMISTRY,Assam SHQ Quota,"?17,900*","?55,200*",2*,"?20,00,000*",1365,,,
Assam,"Fakhruddin Ali Ahmed, Barpeta",BIOCHEMISTRY,Assam SHQ Quota,"?17,900*","?55,200*",2*,"?20,00,000*",470,,,
Assam,"Jorhat Med Coll, Jorhat",BIOCHEMISTRY,Assam SHQ Quota,"?17,900*","?55,200*",2*,"?20,00,000*",814,,,
Assam,"Silchar Med Coll, Silchar",BIOCHEMISTRY,Assam SHQ Quota,"?17,900*","?55,200*",2*,"?20,00,000*",1256,,,
Assam,"Gauhati Med Coll, Guwahati",DERMATOLOGY,Assam Govt Quota,"?17,900*","?55,200*",2*,"?20,00,000*",2185,,,
Assam,"Assam Med Coll, Dibrugarh",DERMATOLOGY,Assam Govt Quota,"?17,900*","?55,200*",2*,"?20,00,000*",1365,,,
Assam,"Jorhat Med Coll, Jorhat",DERMATOLOGY,Assam Govt Quota,"?17,900*","?55,200*",2*,"?20,00,000*",814,,,
Assam,"Silchar Med Coll, Silchar",DERMATOLOGY,Assam Govt Quota,"?17,900*","?55,200*",2*,"?20,00,000*",1256,,,
Assam,"Gauhati Med Coll, Guwahati",DERMATOLOGY,Assam NEC Quota,"?17,900*","?55,200*",2*,"?20,00,000*",2185,,,
Assam,"Assam Med Coll, Dibrugarh",DERMATOLOGY,Assam NEC Quota,"?17,900*","?55,200*",2*,"?20,00,000*",1365,,,
Assam,"Jorhat Med Coll, Jorhat",DERMATOLOGY,Assam NEC Quota,"?17,900*","?55,200*",2*,"?20,00,000*",814,,,
Assam,"Silchar Med Coll, Silchar",DERMATOLOGY,Assam NEC Quota,"?17,900*","?55,200*",2*,"?20,00,000*",1256,,,
Assam,"Gauhati Med Coll, Guwahati",DERMATOLOGY,Assam SHQ Quota,"?17,900*","?55,200*",2*,"?20,00,000*",2185,,,
Assam,"Assam Med Coll, Dibrugarh",DERMATOLOGY,Assam SHQ Quota,"?17,900*","?55,200*",2*,"?20,00,000*",1365,,,
Assam,"Jorhat Med Coll, Jorhat",DERMATOLOGY,Assam SHQ Quota,"?17,900*","?55,200*",2*,"?20,00,000*",814,,,
Assam,"Silchar Med Coll, Silchar",DERMATOLOGY,Assam SHQ Quota,"?17,900*","?55,200*",2*,"?20,00,000*",1256,,,
Assam,"Gauhati Med Coll, Guwahati",EMERGENCY MEDICINE,Assam Govt Quota,"?17,900*","?55,200*",2*,"?20,00,000*",2185,,,
Assam,"Gauhati Med Coll, Guwahati",EMERGENCY MEDICINE,Assam NEC Quota,"?17,900*","?55,200*",2*,"?20,00,000*",2185,,,
Assam,"Gauhati Med Coll, Guwahati",EMERGENCY MEDICINE,Assam SHQ Quota,"?17,900*","?55,200*",2*,"?20,00,000*",2185,,,
Assam,"Gauhati Med Coll, Guwahati",FORENSIC MEDICINE,Assam Govt Quota,"?17,900*","?55,200*",2*,"?20,00,000*",2185,,,
Assam,"Assam Med Coll, Dibrugarh",FORENSIC MEDICINE,Assam Govt Quota,"?17,900*","?55,200*",2*,"?20,00,000*",1365,,,
Assam,"Jorhat Med Coll, Jorhat",FORENSIC MEDICINE,Assam Govt Quota,"?17,900*","?55,200*",2*,"?20,00,000*",814,,,
Assam,"Silchar Med Coll, Silchar",FORENSIC MEDICINE,Assam Govt Quota,"?17,900*","?55,200*",2*,"?20,00,000*",1256,,,
Assam,"Gauhati Med Coll, Guwahati",FORENSIC MEDICINE,Assam NEC Quota,"?17,900*","?55,200*",2*,"?20,00,000*",2185,,,
Assam,"Assam Med Coll, Dibrugarh",FORENSIC MEDICINE,Assam NEC Quota,"?17,900*","?55,200*",2*,"?20,00,000*",1365,,,
Assam,"Jorhat Med Coll, Jorhat",FORENSIC MEDICINE,Assam NEC Quota,"?17,900*","?55,200*",2*,"?20,00,000*",814,,,
Assam,"Silchar Med Coll, Silchar",FORENSIC MEDICINE,Assam NEC Quota,"?17,900*","?55,200*",2*,"?20,00,000*",1256,,,
Assam,"Gauhati Med Coll, Guwahati",FORENSIC MEDICINE,Assam SHQ Quota,"?17,900*","?55,200*",2*,"?20,00,000*",2185,,,
Assam,"Assam Med Coll, Dibrugarh",FORENSIC MEDICINE,Assam SHQ Quota,"?17,900*","?55,200*",2*,"?20,00,000*",1365,,,
Assam,"Jorhat Med Coll, Jorhat",FORENSIC MEDICINE,Assam SHQ Quota,"?17,900*","?55,200*",2*,"?20,00,000*",814,,,
Assam,"Silchar Med Coll, Silchar",FORENSIC MEDICINE,Assam SHQ Quota,"?17,900*","?55,200*",2*,"?20,00,000*",1256,,,
Assam,"Gauhati Med Coll, Guwahati",GENERAL MEDICINE,Assam Govt Quota,"?17,900*","?55,200*",2*,"?20,00,000*",2185,,,
Assam,"Silchar Med Coll, Silchar",GENERAL MEDICINE,Assam Govt Quota,"?17,900*","?55,200*",2*,"?20,00,000*",1256,,,
Assam,"Assam Med Coll, Dibrugarh",GENERAL MEDICINE,Assam Govt Quota,"?17,900*","?55,200*",2*,"?20,00,000*",1365,,,
Assam,"Tezpur Med Coll, Tezpur",GENERAL MEDICINE,Assam Govt Quota,"?17,900*","?55,200*",2*,"?20,00,000*",500,,,
Assam,"Fakhruddin Ali Ahmed, Barpeta",GENERAL MEDICINE,Assam Govt Quota,"?17,900*","?55,200*",2*,"?20,00,000*",470,,,
Assam,"Jorhat Med Coll, Jorhat",GENERAL MEDICINE,Assam Govt Quota,"?17,900*","?55,200*",2*,"?20,00,000*",814,,,
Assam,"Gauhati Med Coll, Guwahati",GENERAL MEDICINE,Assam NEC Quota,"?17,900*","?55,200*",2*,"?20,00,000*",2185,,,
Assam,"Silchar Med Coll, Silchar",GENERAL MEDICINE,Assam NEC Quota,"?17,900*","?55,200*",2*,"?20,00,000*",1256,,,
Assam,"Assam Med Coll, Dibrugarh",GENERAL MEDICINE,Assam NEC Quota,"?17,900*","?55,200*",2*,"?20,00,000*",1365,,,
Assam,"Tezpur Med Coll, Tezpur",GENERAL MEDICINE,Assam NEC Quota,"?17,900*","?55,200*",2*,"?20,00,000*",500,,,
Assam,"Fakhruddin Ali Ahmed, Barpeta",GENERAL MEDICINE,Assam NEC Quota,"?17,900*","?55,200*",2*,"?20,00,000*",470,,,
Assam,"Jorhat Med Coll, Jorhat",GENERAL MEDICINE,Assam NEC Quota,"?17,900*","?55,200*",2*,"?20,00,000*",814,,,
Assam,"Gauhati Med Coll, Guwahati",GENERAL MEDICINE,Assam SHQ Quota,"?17,900*","?55,200*",2*,"?20,00,000*",2185,,,
Assam,"Silchar Med Coll, Silchar",GENERAL MEDICINE,Assam SHQ Quota,"?17,900*","?55,200*",2*,"?20,00,000*",1256,,,
Assam,"Assam Med Coll, Dibrugarh",GENERAL MEDICINE,Assam SHQ Quota,"?17,900*","?55,200*",2*,"?20,00,000*",1365,,,
Assam,"Tezpur Med Coll, Tezpur",GENERAL MEDICINE,Assam SHQ Quota,"?17,900*","?55,200*",2*,"?20,00,000*",500,,,
Assam,"Fakhruddin Ali Ahmed, Barpeta",GENERAL MEDICINE,Assam SHQ Quota,"?17,900*","?55,200*",2*,"?20,00,000*",470,,,
Assam,"Jorhat Med Coll, Jorhat",GENERAL MEDICINE,Assam SHQ Quota,"?17,900*","?55,200*",2*,"?20,00,000*",814,,,
Assam,"Gauhati Med Coll, Guwahati",MICROBIOLOGY,Assam Govt Quota,"?17,900*","?55,200*",2*,"?20,00,000*",2185,,,
Assam,"Assam Med Coll, Dibrugarh",MICROBIOLOGY,Assam Govt Quota,"?17,900*","?55,200*",2*,"?20,00,000*",1365,,,
Assam,"Tezpur Med Coll, Tezpur",MICROBIOLOGY,Assam Govt Quota,"?17,900*","?55,200*",2*,"?20,00,000*",500,,,
Assam,"Fakhruddin Ali Ahmed, Barpeta",MICROBIOLOGY,Assam Govt Quota,"?17,900*","?55,200*",2*,"?20,00,000*",470,,,
Assam,"Jorhat Med Coll, Jorhat",MICROBIOLOGY,Assam Govt Quota,"?17,900*","?55,200*",2*,"?20,00,000*",814,,,
Assam,"Silchar Med Coll, Silchar",MICROBIOLOGY,Assam Govt Quota,"?17,900*","?55,200*",2*,"?20,00,000*",1256,,,
Assam,"Gauhati Med Coll, Guwahati",MICROBIOLOGY,Assam NEC Quota,"?17,900*","?55,200*",2*,"?20,00,000*",2185,,,
Assam,"Assam Med Coll, Dibrugarh",MICROBIOLOGY,Assam NEC Quota,"?17,900*","?55,200*",2*,"?20,00,000*",1365,,,
Assam,"Tezpur Med Coll, Tezpur",MICROBIOLOGY,Assam NEC Quota,"?17,900*","?55,200*",2*,"?20,00,000*",500,,,
Assam,"Fakhruddin Ali Ahmed, Barpeta",MICROBIOLOGY,Assam NEC Quota,"?17,900*","?55,200*",2*,"?20,00,000*",470,,,
Assam,"Jorhat Med Coll, Jorhat",MICROBIOLOGY,Assam NEC Quota,"?17,900*","?55,200*",2*,"?20,00,000*",814,,,
Assam,"Silchar Med Coll, Silchar",MICROBIOLOGY,Assam NEC Quota,"?17,900*","?55,200*",2*,"?20,00,000*",1256,,,
Assam,"Gauhati Med Coll, Guwahati",MICROBIOLOGY,Assam SHQ Quota,"?17,900*","?55,200*",2*,"?20,00,000*",2185,,,
Assam,"Assam Med Coll, Dibrugarh",MICROBIOLOGY,Assam SHQ Quota,"?17,900*","?55,200*",2*,"?20,00,000*",1365,,,
Assam,"Tezpur Med Coll, Tezpur",MICROBIOLOGY,Assam SHQ Quota,"?17,900*","?55,200*",2*,"?20,00,000*",500,,,
Assam,"Fakhruddin Ali Ahmed, Barpeta",MICROBIOLOGY,Assam SHQ Quota,"?17,900*","?55,200*",2*,"?20,00,000*",470,,,
Assam,"Jorhat Med Coll, Jorhat",MICROBIOLOGY,Assam SHQ Quota,"?17,900*","?55,200*",2*,"?20,00,000*",814,,,
Assam,"Silchar Med Coll, Silchar",MICROBIOLOGY,Assam SHQ Quota,"?17,900*","?55,200*",2*,"?20,00,000*",1256,,,
Assam,"Assam Med Coll, Dibrugarh",PAEDIATRICS,Assam Govt Quota,"?17,900*","?55,200*",2*,"?20,00,000*",1365,,,
Assam,"Gauhati Med Coll, Guwahati",PAEDIATRICS,Assam Govt Quota,"?17,900*","?55,200*",2*,"?20,00,000*",2185,,,
Assam,"Tezpur Med Coll, Tezpur",PAEDIATRICS,Assam Govt Quota,"?17,900*","?55,200*",2*,"?20,00,000*",500,,,
Assam,"Jorhat Med Coll, Jorhat",PAEDIATRICS,Assam Govt Quota,"?17,900*","?55,200*",2*,"?20,00,000*",814,,,
Assam,"Fakhruddin Ali Ahmed, Barpeta",PAEDIATRICS,Assam Govt Quota,"?17,900*","?55,200*",2*,"?20,00,000*",470,,,
Assam,"Silchar Med Coll, Silchar",PAEDIATRICS,Assam Govt Quota,"?17,900*","?55,200*",2*,"?20,00,000*",1256,,,
Assam,"Assam Med Coll, Dibrugarh",PAEDIATRICS,Assam NEC Quota,"?17,900*","?55,200*",2*,"?20,00,000*",1365,,,
Assam,"Gauhati Med Coll, Guwahati",PAEDIATRICS,Assam NEC Quota,"?17,900*","?55,200*",2*,"?20,00,000*",2185,,,
Assam,"Tezpur Med Coll, Tezpur",PAEDIATRICS,Assam NEC Quota,"?17,900*","?55,200*",2*,"?20,00,000*",500,,,
Assam,"Jorhat Med Coll, Jorhat",PAEDIATRICS,Assam NEC Quota,"?17,900*","?55,200*",2*,"?20,00,000*",814,,,
Assam,"Fakhruddin Ali Ahmed, Barpeta",PAEDIATRICS,Assam NEC Quota,"?17,900*","?55,200*",2*,"?20,00,000*",470,,,
Assam,"Silchar Med Coll, Silchar",PAEDIATRICS,Assam NEC Quota,"?17,900*","?55,200*",2*,"?20,00,000*",1256,,,
Assam,"Assam Med Coll, Dibrugarh",PAEDIATRICS,Assam SHQ Quota,"?17,900*","?55,200*",2*,"?20,00,000*",1365,,,
Assam,"Gauhati Med Coll, Guwahati",PAEDIATRICS,Assam SHQ Quota,"?17,900*","?55,200*",2*,"?20,00,000*",2185,,,
Assam,"Tezpur Med Coll, Tezpur",PAEDIATRICS,Assam SHQ Quota,"?17,900*","?55,200*",2*,"?20,00,000*",500,,,
Assam,"Jorhat Med Coll, Jorhat",PAEDIATRICS,Assam SHQ Quota,"?17,900*","?55,200*",2*,"?20,00,000*",814,,,
Assam,"Fakhruddin Ali Ahmed, Barpeta",PAEDIATRICS,Assam SHQ Quota,"?17,900*","?55,200*",2*,"?20,00,000*",470,,,
Assam,"Silchar Med Coll, Silchar",PAEDIATRICS,Assam SHQ Quota,"?17,900*","?55,200*",2*,"?20,00,000*",1256,,,
Assam,"Assam Med Coll, Dibrugarh",PATHOLOGY,Assam Govt Quota,"?17,900*","?55,200*",2*,"?20,00,000*",1365,,,
Assam,"Gauhati Med Coll, Guwahati",PATHOLOGY,Assam Govt Quota,"?17,900*","?55,200*",2*,"?20,00,000*",2185,,,
Assam,"Tezpur Med Coll, Tezpur",PATHOLOGY,Assam Govt Quota,"?17,900*","?55,200*",2*,"?20,00,000*",500,,,
Assam,"Fakhruddin Ali Ahmed, Barpeta",PATHOLOGY,Assam Govt Quota,"?17,900*","?55,200*",2*,"?20,00,000*",470,,,
Assam,"Jorhat Med Coll, Jorhat",PATHOLOGY,Assam Govt Quota,"?17,900*","?55,200*",2*,"?20,00,000*",814,,,
Assam,"Silchar Med Coll, Silchar",PATHOLOGY,Assam Govt Quota,"?17,900*","?55,200*",2*,"?20,00,000*",1256,,,
Assam,"Assam Med Coll, Dibrugarh",PATHOLOGY,Assam NEC Quota,"?17,900*","?55,200*",2*,"?20,00,000*",1365,,,
Assam,"Gauhati Med Coll, Guwahati",PATHOLOGY,Assam NEC Quota,"?17,900*","?55,200*",2*,"?20,00,000*",2185,,,
Assam,"Tezpur Med Coll, Tezpur",PATHOLOGY,Assam NEC Quota,"?17,900*","?55,200*",2*,"?20,00,000*",500,,,
Assam,"Fakhruddin Ali Ahmed, Barpeta",PATHOLOGY,Assam NEC Quota,"?17,900*","?55,200*",2*,"?20,00,000*",470,,,
Assam,"Jorhat Med Coll, Jorhat",PATHOLOGY,Assam NEC Quota,"?17,900*","?55,200*",2*,"?20,00,000*",814,,,
Assam,"Silchar Med Coll, Silchar",PATHOLOGY,Assam NEC Quota,"?17,900*","?55,200*",2*,"?20,00,000*",1256,,,
Assam,"Assam Med Coll, Dibrugarh",PATHOLOGY,Assam SHQ Quota,"?17,900*","?55,200*",2*,"?20,00,000*",1365,,,
Assam,"Gauhati Med Coll, Guwahati",PATHOLOGY,Assam SHQ Quota,"?17,900*","?55,200*",2*,"?20,00,000*",2185,,,
Assam,"Tezpur Med Coll, Tezpur",PATHOLOGY,Assam SHQ Quota,"?17,900*","?55,200*",2*,"?20,00,000*",500,,,
Assam,"Fakhruddin Ali Ahmed, Barpeta",PATHOLOGY,Assam SHQ Quota,"?17,900*","?55,200*",2*,"?20,00,000*",470,,,
Assam,"Jorhat Med Coll, Jorhat",PATHOLOGY,Assam SHQ Quota,"?17,900*","?55,200*",2*,"?20,00,000*",814,,,
Assam,"Silchar Med Coll, Silchar",PATHOLOGY,Assam SHQ Quota,"?17,900*","?55,200*",2*,"?20,00,000*",1256,,,
Assam,"Gauhati Med Coll, Guwahati",PHARMACOLOGY,Assam Govt Quota,"?17,900*","?55,200*",2*,"?20,00,000*",2185,,,
Assam,"Assam Med Coll, Dibrugarh",PHARMACOLOGY,Assam Govt Quota,"?17,900*","?55,200*",2*,"?20,00,000*",1365,,,
Assam,"Tezpur Med Coll, Tezpur",PHARMACOLOGY,Assam Govt Quota,"?17,900*","?55,200*",2*,"?20,00,000*",500,,,
Assam,"Jorhat Med Coll, Jorhat",PHARMACOLOGY,Assam Govt Quota,"?17,900*","?55,200*",2*,"?20,00,000*",814,,,
Assam,"Silchar Med Coll, Silchar",PHARMACOLOGY,Assam Govt Quota,"?17,900*","?55,200*",2*,"?20,00,000*",1256,,,
Assam,"Gauhati Med Coll, Guwahati",PHARMACOLOGY,Assam NEC Quota,"?17,900*","?55,200*",2*,"?20,00,000*",2185,,,
Assam,"Assam Med Coll, Dibrugarh",PHARMACOLOGY,Assam NEC Quota,"?17,900*","?55,200*",2*,"?20,00,000*",1365,,,
Assam,"Tezpur Med Coll, Tezpur",PHARMACOLOGY,Assam NEC Quota,"?17,900*","?55,200*",2*,"?20,00,000*",500,,,
Assam,"Jorhat Med Coll, Jorhat",PHARMACOLOGY,Assam NEC Quota,"?17,900*","?55,200*",2*,"?20,00,000*",814,,,
Assam,"Silchar Med Coll, Silchar",PHARMACOLOGY,Assam NEC Quota,"?17,900*","?55,200*",2*,"?20,00,000*",1256,,,
Assam,"Gauhati Med Coll, Guwahati",PHARMACOLOGY,Assam SHQ Quota,"?17,900*","?55,200*",2*,"?20,00,000*",2185,,,
Assam,"Assam Med Coll, Dibrugarh",PHARMACOLOGY,Assam SHQ Quota,"?17,900*","?55,200*",2*,"?20,00,000*",1365,,,
Assam,"Tezpur Med Coll, Tezpur",PHARMACOLOGY,Assam SHQ Quota,"?17,900*","?55,200*",2*,"?20,00,000*",500,,,
Assam,"Jorhat Med Coll, Jorhat",PHARMACOLOGY,Assam SHQ Quota,"?17,900*","?55,200*",2*,"?20,00,000*",814,,,
Assam,"Silchar Med Coll, Silchar",PHARMACOLOGY,Assam SHQ Quota,"?17,900*","?55,200*",2*,"?20,00,000*",1256,,,
Assam,"Assam Med Coll, Dibrugarh",PHYSIOLOGY,Assam Govt Quota,"?17,900*","?55,200*",2*,"?20,00,000*",1365,,,
Assam,"Gauhati Med Coll, Guwahati",PHYSIOLOGY,Assam Govt Quota,"?17,900*","?55,200*",2*,"?20,00,000*",2185,,,
Assam,"Jorhat Med Coll, Jorhat",PHYSIOLOGY,Assam Govt Quota,"?17,900*","?55,200*",2*,"?20,00,000*",814,,,
Assam,"Silchar Med Coll, Silchar",PHYSIOLOGY,Assam Govt Quota,"?17,900*","?55,200*",2*,"?20,00,000*",1256,,,
Assam,"Assam Med Coll, Dibrugarh",PHYSIOLOGY,Assam NEC Quota,"?17,900*","?55,200*",2*,"?20,00,000*",1365,,,
Assam,"Gauhati Med Coll, Guwahati",PHYSIOLOGY,Assam NEC Quota,"?17,900*","?55,200*",2*,"?20,00,000*",2185,,,
Assam,"Jorhat Med Coll, Jorhat",PHYSIOLOGY,Assam NEC Quota,"?17,900*","?55,200*",2*,"?20,00,000*",814,,,
Assam,"Silchar Med Coll, Silchar",PHYSIOLOGY,Assam NEC Quota,"?17,900*","?55,200*",2*,"?20,00,000*",1256,,,
Assam,"Assam Med Coll, Dibrugarh",PHYSIOLOGY,Assam SHQ Quota,"?17,900*","?55,200*",2*,"?20,00,000*",1365,,,
Assam,"Gauhati Med Coll, Guwahati",PHYSIOLOGY,Assam SHQ Quota,"?17,900*","?55,200*",2*,"?20,00,000*",2185,,,
Assam,"Jorhat Med Coll, Jorhat",PHYSIOLOGY,Assam SHQ Quota,"?17,900*","?55,200*",2*,"?20,00,000*",814,,,
Assam,"Silchar Med Coll, Silchar",PHYSIOLOGY,Assam SHQ Quota,"?17,900*","?55,200*",2*,"?20,00,000*",1256,,,
Assam,"Silchar Med Coll, Silchar",PSYCHIATRY,Assam Govt Quota,"?17,900*","?55,200*",2*,"?20,00,000*",1256,,,
Assam,"Gauhati Med Coll, Guwahati",PSYCHIATRY,Assam Govt Quota,"?17,900*","?55,200*",2*,"?20,00,000*",2185,,,
Assam,"Assam Med Coll, Dibrugarh",PSYCHIATRY,Assam Govt Quota,"?17,900*","?55,200*",2*,"?20,00,000*",1365,,,
Assam,"Jorhat Med Coll, Jorhat",PSYCHIATRY,Assam Govt Quota,"?17,900*","?55,200*",2*,"?20,00,000*",814,,,
Assam,"Tezpur Med Coll, Tezpur",PSYCHIATRY,Assam Govt Quota,"?17,900*","?55,200*",2*,"?20,00,000*",500,,,
Assam,"Lokopriya (LGBRIMH),Tezpur",PSYCHIATRY,Assam Govt Quota,"?56,850*","?1,00,980",2*,"?5,00,000*",336,,,
Assam,"Silchar Med Coll, Silchar",PSYCHIATRY,Assam NEC Quota,"?17,900*","?55,200*",2*,"?20,00,000*",1256,,,
Assam,"Gauhati Med Coll, Guwahati",PSYCHIATRY,Assam NEC Quota,"?17,900*","?55,200*",2*,"?20,00,000*",2185,,,
Assam,"Assam Med Coll, Dibrugarh",PSYCHIATRY,Assam NEC Quota,"?17,900*","?55,200*",2*,"?20,00,000*",1365,,,
Assam,"Jorhat Med Coll, Jorhat",PSYCHIATRY,Assam NEC Quota,"?17,900*","?55,200*",2*,"?20,00,000*",814,,,
Assam,"Tezpur Med Coll, Tezpur",PSYCHIATRY,Assam NEC Quota,"?17,900*","?55,200*",2*,"?20,00,000*",500,,,
Assam,"Lokopriya (LGBRIMH),Tezpur",PSYCHIATRY,Assam NEC Quota,"?56,850*","?1,00,980",2*,"?5,00,000*",336,,,
Assam,"Silchar Med Coll, Silchar",PSYCHIATRY,Assam SHQ Quota,"?17,900*","?55,200*",2*,"?20,00,000*",1256,,,
Assam,"Gauhati Med Coll, Guwahati",PSYCHIATRY,Assam SHQ Quota,"?17,900*","?55,200*",2*,"?20,00,000*",2185,,,
Assam,"Assam Med Coll, Dibrugarh",PSYCHIATRY,Assam SHQ Quota,"?17,900*","?55,200*",2*,"?20,00,000*",1365,,,
Assam,"Jorhat Med Coll, Jorhat",PSYCHIATRY,Assam SHQ Quota,"?17,900*","?55,200*",2*,"?20,00,000*",814,,,
Assam,"Tezpur Med Coll, Tezpur",PSYCHIATRY,Assam SHQ Quota,"?17,900*","?55,200*",2*,"?20,00,000*",500,,,
Assam,"Lokopriya (LGBRIMH),Tezpur",PSYCHIATRY,Assam SHQ Quota,"?56,850*","?1,00,980",2*,"?5,00,000*",336,,,
Assam,"Assam Med Coll, Dibrugarh",RADIATION ONCOLOGY,Assam Govt Quota,"?17,900*","?55,200*",2*,"?20,00,000*",1365,,,
Assam,"Gauhati Med Coll, Guwahati",RADIATION ONCOLOGY,Assam Govt Quota,"?17,900*","?55,200*",2*,"?20,00,000*",2185,,,
Assam,"Dr B Borooah, Guwahati",RADIATION ONCOLOGY,Assam Govt Quota,"?1,05,000*","?1,00,800",1*,"?25,00,000*",275,,,
Assam,"Assam Med Coll, Dibrugarh",RADIATION ONCOLOGY,Assam NEC Quota,"?17,900*","?55,200*",2*,"?20,00,000*",1365,,,
Assam,"Gauhati Med Coll, Guwahati",RADIATION ONCOLOGY,Assam NEC Quota,"?17,900*","?55,200*",2*,"?20,00,000*",2185,,,
Assam,"Dr B Borooah, Guwahati",RADIATION ONCOLOGY,Assam NEC Quota,"?1,05,000*","?1,00,800",1*,"?25,00,000*",275,,,
Assam,"Assam Med Coll, Dibrugarh",RADIATION ONCOLOGY,Assam SHQ Quota,"?17,900*","?55,200*",2*,"?20,00,000*",1365,,,
Assam,"Gauhati Med Coll, Guwahati",RADIATION ONCOLOGY,Assam SHQ Quota,"?17,900*","?55,200*",2*,"?20,00,000*",2185,,,
Assam,"Dr B Borooah, Guwahati",RADIATION ONCOLOGY,Assam SHQ Quota,"?1,05,000*","?1,00,800",1*,"?25,00,000*",275,,,
Assam,"Assam Med Coll, Dibrugarh",RADIO DIAGNOSIS,Assam Govt Quota,"?17,900*","?55,200*",2*,"?20,00,000*",1365,,,
Assam,"Gauhati Med Coll, Guwahati",RADIO DIAGNOSIS,Assam Govt Quota,"?17,900*","?55,200*",2*,"?20,00,000*",2185,,,
Assam,"Tezpur Med Coll, Tezpur",RADIO DIAGNOSIS,Assam Govt Quota,"?17,900*","?55,200*",2*,"?20,00,000*",500,,,
Assam,"Fakhruddin Ali Ahmed, Barpeta",RADIO DIAGNOSIS,Assam Govt Quota,"?17,900*","?55,200*",2*,"?20,00,000*",470,,,
Assam,"Jorhat Med Coll, Jorhat",RADIO DIAGNOSIS,Assam Govt Quota,"?17,900*","?55,200*",2*,"?20,00,000*",814,,,
Assam,"Silchar Med Coll, Silchar",RADIO DIAGNOSIS,Assam Govt Quota,"?17,900*","?55,200*",2*,"?20,00,000*",1256,,,
Assam,"Assam Med Coll, Dibrugarh",RADIO DIAGNOSIS,Assam NEC Quota,"?17,900*","?55,200*",2*,"?20,00,000*",1365,,,
Assam,"Gauhati Med Coll, Guwahati",RADIO DIAGNOSIS,Assam NEC Quota,"?17,900*","?55,200*",2*,"?20,00,000*",2185,,,
Assam,"Tezpur Med Coll, Tezpur",RADIO DIAGNOSIS,Assam NEC Quota,"?17,900*","?55,200*",2*,"?20,00,000*",500,,,
Assam,"Fakhruddin Ali Ahmed, Barpeta",RADIO DIAGNOSIS,Assam NEC Quota,"?17,900*","?55,200*",2*,"?20,00,000*",470,,,
Assam,"Jorhat Med Coll, Jorhat",RADIO DIAGNOSIS,Assam NEC Quota,"?17,900*","?55,200*",2*,"?20,00,000*",814,,,
Assam,"Silchar Med Coll, Silchar",RADIO DIAGNOSIS,Assam NEC Quota,"?17,900*","?55,200*",2*,"?20,00,000*",1256,,,
Assam,"Assam Med Coll, Dibrugarh",RADIO DIAGNOSIS,Assam SHQ Quota,"?17,900*","?55,200*",2*,"?20,00,000*",1365,,,
Assam,"Gauhati Med Coll, Guwahati",RADIO DIAGNOSIS,Assam SHQ Quota,"?17,900*","?55,200*",2*,"?20,00,000*",2185,,,
Assam,"Tezpur Med Coll, Tezpur",RADIO DIAGNOSIS,Assam SHQ Quota,"?17,900*","?55,200*",2*,"?20,00,000*",500,,,
Assam,"Fakhruddin Ali Ahmed, Barpeta",RADIO DIAGNOSIS,Assam SHQ Quota,"?17,900*","?55,200*",2*,"?20,00,000*",470,,,
Assam,"Jorhat Med Coll, Jorhat",RADIO DIAGNOSIS,Assam SHQ Quota,"?17,900*","?55,200*",2*,"?20,00,000*",814,,,
Assam,"Silchar Med Coll, Silchar",RADIO DIAGNOSIS,Assam SHQ Quota,"?17,900*","?55,200*",2*,"?20,00,000*",1256,,,
Assam,"Gauhati Med Coll, Guwahati",SPM,Assam Govt Quota,"?17,900*","?55,200*",2*,"?20,00,000*",2185,,,
Assam,"Assam Med Coll, Dibrugarh",SPM,Assam Govt Quota,"?17,900*","?55,200*",2*,"?20,00,000*",1365,,,
Assam,"Tezpur Med Coll, Tezpur",SPM,Assam Govt Quota,"?17,900*","?55,200*",2*,"?20,00,000*",500,,,
Assam,"Jorhat Med Coll, Jorhat",SPM,Assam Govt Quota,"?17,900*","?55,200*",2*,"?20,00,000*",814,,,
Assam,"Fakhruddin Ali Ahmed, Barpeta",SPM,Assam Govt Quota,"?17,900*","?55,200*",2*,"?20,00,000*",470,,,
Assam,"Gauhati Med Coll, Guwahati",SPM,Assam NEC Quota,"?17,900*","?55,200*",2*,"?20,00,000*",2185,,,
Assam,"Assam Med Coll, Dibrugarh",SPM,Assam NEC Quota,"?17,900*","?55,200*",2*,"?20,00,000*",1365,,,
Assam,"Tezpur Med Coll, Tezpur",SPM,Assam NEC Quota,"?17,900*","?55,200*",2*,"?20,00,000*",500,,,
Assam,"Jorhat Med Coll, Jorhat",SPM,Assam NEC Quota,"?17,900*","?55,200*",2*,"?20,00,000*",814,,,
Assam,"Gauhati Med Coll, Guwahati",SPM,Assam SHQ Quota,"?17,900*","?55,200*",2*,"?20,00,000*",2185,,,
Assam,"Assam Med Coll, Dibrugarh",SPM,Assam SHQ Quota,"?17,900*","?55,200*",2*,"?20,00,000*",1365,,,
Assam,"Tezpur Med Coll, Tezpur",SPM,Assam SHQ Quota,"?17,900*","?55,200*",2*,"?20,00,000*",500,,,
Assam,"Jorhat Med Coll, Jorhat",SPM,Assam SHQ Quota,"?17,900*","?55,200*",2*,"?20,00,000*",814,,,
Assam,"Gauhati Med Coll, Guwahati",TBRD,Assam Govt Quota,"?17,900*","?55,200*",2*,"?20,00,000*",2185,,,
Assam,"Gauhati Med Coll, Guwahati",TBRD,Assam NEC Quota,"?17,900*","?55,200*",2*,"?20,00,000*",2185,,,
Assam,"Gauhati Med Coll, Guwahati",TBRD,Assam SHQ Quota,"?17,900*","?55,200*",2*,"?20,00,000*",2185,,,
Assam,"Assam Med Coll, Dibrugarh",ENT,Assam Govt Quota,"?17,900*","?55,200*",2*,"?20,00,000*",1365,,,
Assam,"Silchar Med Coll, Silchar",ENT,Assam Govt Quota,"?17,900*","?55,200*",2*,"?20,00,000*",1256,,,
Assam,"Gauhati Med Coll, Guwahati",ENT,Assam Govt Quota,"?17,900*","?55,200*",2*,"?20,00,000*",2185,,,
Assam,"Tezpur Med Coll, Tezpur",ENT,Assam Govt Quota,"?17,900*","?55,200*",2*,"?20,00,000*",500,,,
Assam,"Jorhat Med Coll, Jorhat",ENT,Assam Govt Quota,"?17,900*","?55,200*",2*,"?20,00,000*",814,,,
Assam,"Assam Med Coll, Dibrugarh",ENT,Assam NEC Quota,"?17,900*","?55,200*",2*,"?20,00,000*",1365,,,
Assam,"Silchar Med Coll, Silchar",ENT,Assam NEC Quota,"?17,900*","?55,200*",2*,"?20,00,000*",1256,,,
Assam,"Gauhati Med Coll, Guwahati",ENT,Assam NEC Quota,"?17,900*","?55,200*",2*,"?20,00,000*",2185,,,
Assam,"Tezpur Med Coll, Tezpur",ENT,Assam NEC Quota,"?17,900*","?55,200*",2*,"?20,00,000*",500,,,
Assam,"Jorhat Med Coll, Jorhat",ENT,Assam NEC Quota,"?17,900*","?55,200*",2*,"?20,00,000*",814,,,
Assam,"Assam Med Coll, Dibrugarh",ENT,Assam SHQ Quota,"?17,900*","?55,200*",2*,"?20,00,000*",1365,,,
Assam,"Silchar Med Coll, Silchar",ENT,Assam SHQ Quota,"?17,900*","?55,200*",2*,"?20,00,000*",1256,,,
Assam,"Gauhati Med Coll, Guwahati",ENT,Assam SHQ Quota,"?17,900*","?55,200*",2*,"?20,00,000*",2185,,,
Assam,"Tezpur Med Coll, Tezpur",ENT,Assam SHQ Quota,"?17,900*","?55,200*",2*,"?20,00,000*",500,,,
Assam,"Jorhat Med Coll, Jorhat",ENT,Assam SHQ Quota,"?17,900*","?55,200*",2*,"?20,00,000*",814,,,
Assam,"Assam Med Coll, Dibrugarh",GENERAL SURGERY,Assam Govt Quota,"?17,900*","?55,200*",2*,"?20,00,000*",1365,,,
Assam,"Gauhati Med Coll, Guwahati",GENERAL SURGERY,Assam Govt Quota,"?17,900*","?55,200*",2*,"?20,00,000*",2185,,,
Assam,"Silchar Med Coll, Silchar",GENERAL SURGERY,Assam Govt Quota,"?17,900*","?55,200*",2*,"?20,00,000*",1256,,,
Assam,"Tezpur Med Coll, Tezpur",GENERAL SURGERY,Assam Govt Quota,"?17,900*","?55,200*",2*,"?20,00,000*",500,,,
Assam,"Fakhruddin Ali Ahmed, Barpeta",GENERAL SURGERY,Assam Govt Quota,"?17,900*","?55,200*",2*,"?20,00,000*",470,,,
Assam,"Jorhat Med Coll, Jorhat",GENERAL SURGERY,Assam Govt Quota,"?17,900*","?55,200*",2*,"?20,00,000*",814,,,
Assam,"Assam Med Coll, Dibrugarh",GENERAL SURGERY,Assam NEC Quota,"?17,900*","?55,200*",2*,"?20,00,000*",1365,,,
Assam,"Gauhati Med Coll, Guwahati",GENERAL SURGERY,Assam NEC Quota,"?17,900*","?55,200*",2*,"?20,00,000*",2185,,,
Assam,"Silchar Med Coll, Silchar",GENERAL SURGERY,Assam NEC Quota,"?17,900*","?55,200*",2*,"?20,00,000*",1256,,,
Assam,"Tezpur Med Coll, Tezpur",GENERAL SURGERY,Assam NEC Quota,"?17,900*","?55,200*",2*,"?20,00,000*",500,,,
Assam,"Fakhruddin Ali Ahmed, Barpeta",GENERAL SURGERY,Assam NEC Quota,"?17,900*","?55,200*",2*,"?20,00,000*",470,,,
Assam,"Jorhat Med Coll, Jorhat",GENERAL SURGERY,Assam NEC Quota,"?17,900*","?55,200*",2*,"?20,00,000*",814,,,
Assam,"Assam Med Coll, Dibrugarh",GENERAL SURGERY,Assam SHQ Quota,"?17,900*","?55,200*",2*,"?20,00,000*",1365,,,
Assam,"Gauhati Med Coll, Guwahati",GENERAL SURGERY,Assam SHQ Quota,"?17,900*","?55,200*",2*,"?20,00,000*",2185,,,
Assam,"Silchar Med Coll, Silchar",GENERAL SURGERY,Assam SHQ Quota,"?17,900*","?55,200*",2*,"?20,00,000*",1256,,,
Assam,"Tezpur Med Coll, Tezpur",GENERAL SURGERY,Assam SHQ Quota,"?17,900*","?55,200*",2*,"?20,00,000*",500,,,
Assam,"Fakhruddin Ali Ahmed, Barpeta",GENERAL SURGERY,Assam SHQ Quota,"?17,900*","?55,200*",2*,"?20,00,000*",470,,,
Assam,"Jorhat Med Coll, Jorhat",GENERAL SURGERY,Assam SHQ Quota,"?17,900*","?55,200*",2*,"?20,00,000*",814,,,
Assam,"Assam Med Coll, Dibrugarh",OBG,Assam Govt Quota,"?17,900*","?55,200*",2*,"?20,00,000*",1365,,,
Assam,"Gauhati Med Coll, Guwahati",OBG,Assam Govt Quota,"?17,900*","?55,200*",2*,"?20,00,000*",2185,,,
Assam,"Silchar Med Coll, Silchar",OBG,Assam Govt Quota,"?17,900*","?55,200*",2*,"?20,00,000*",1256,,,
Assam,"Tezpur Med Coll, Tezpur",OBG,Assam Govt Quota,"?17,900*","?55,200*",2*,"?20,00,000*",500,,,
Assam,"Fakhruddin Ali Ahmed, Barpeta",OBG,Assam Govt Quota,"?17,900*","?55,200*",2*,"?20,00,000*",470,,,
Assam,"Jorhat Med Coll, Jorhat",OBG,Assam Govt Quota,"?17,900*","?55,200*",2*,"?20,00,000*",814,,,
Assam,"Assam Med Coll, Dibrugarh",OBG,Assam NEC Quota,"?17,900*","?55,200*",2*,"?20,00,000*",1365,,,
Assam,"Gauhati Med Coll, Guwahati",OBG,Assam NEC Quota,"?17,900*","?55,200*",2*,"?20,00,000*",2185,,,
Assam,"Silchar Med Coll, Silchar",OBG,Assam NEC Quota,"?17,900*","?55,200*",2*,"?20,00,000*",1256,,,
Assam,"Tezpur Med Coll, Tezpur",OBG,Assam NEC Quota,"?17,900*","?55,200*",2*,"?20,00,000*",500,,,
Assam,"Fakhruddin Ali Ahmed, Barpeta",OBG,Assam NEC Quota,"?17,900*","?55,200*",2*,"?20,00,000*",470,,,
Assam,"Jorhat Med Coll, Jorhat",OBG,Assam NEC Quota,"?17,900*","?55,200*",2*,"?20,00,000*",814,,,
Assam,"Assam Med Coll, Dibrugarh",OBG,Assam SHQ Quota,"?17,900*","?55,200*",2*,"?20,00,000*",1365,,,
Assam,"Gauhati Med Coll, Guwahati",OBG,Assam SHQ Quota,"?17,900*","?55,200*",2*,"?20,00,000*",2185,,,
Assam,"Silchar Med Coll, Silchar",OBG,Assam SHQ Quota,"?17,900*","?55,200*",2*,"?20,00,000*",1256,,,
Assam,"Tezpur Med Coll, Tezpur",OBG,Assam SHQ Quota,"?17,900*","?55,200*",2*,"?20,00,000*",500,,,
Assam,"Fakhruddin Ali Ahmed, Barpeta",OBG,Assam SHQ Quota,"?17,900*","?55,200*",2*,"?20,00,000*",470,,,
Assam,"Jorhat Med Coll, Jorhat",OBG,Assam SHQ Quota,"?17,900*","?55,200*",2*,"?20,00,000*",814,,,
Assam,"Assam Med Coll, Dibrugarh",OPHTHALMOLOGY,Assam Govt Quota,"?17,900*","?55,200*",2*,"?20,00,000*",1365,,,
Assam,"Silchar Med Coll, Silchar",OPHTHALMOLOGY,Assam Govt Quota,"?17,900*","?55,200*",2*,"?20,00,000*",1256,,,
Assam,"Gauhati Med Coll, Guwahati",OPHTHALMOLOGY,Assam Govt Quota,"?17,900*","?55,200*",2*,"?20,00,000*",2185,,,
Assam,"Jorhat Med Coll, Jorhat",OPHTHALMOLOGY,Assam Govt Quota,"?17,900*","?55,200*",2*,"?20,00,000*",814,,,
Assam,"Tezpur Med Coll, Tezpur",OPHTHALMOLOGY,Assam Govt Quota,"?17,900*","?55,200*",2*,"?20,00,000*",500,,,
Assam,"Assam Med Coll, Dibrugarh",OPHTHALMOLOGY,Assam NEC Quota,"?17,900*","?55,200*",2*,"?20,00,000*",1365,,,
Assam,"Silchar Med Coll, Silchar",OPHTHALMOLOGY,Assam NEC Quota,"?17,900*","?55,200*",2*,"?20,00,000*",1256,,,
Assam,"Gauhati Med Coll, Guwahati",OPHTHALMOLOGY,Assam NEC Quota,"?17,900*","?55,200*",2*,"?20,00,000*",2185,,,
Assam,"Jorhat Med Coll, Jorhat",OPHTHALMOLOGY,Assam NEC Quota,"?17,900*","?55,200*",2*,"?20,00,000*",814,,,
Assam,"Tezpur Med Coll, Tezpur",OPHTHALMOLOGY,Assam NEC Quota,"?17,900*","?55,200*",2*,"?20,00,000*",500,,,
Assam,"Assam Med Coll, Dibrugarh",OPHTHALMOLOGY,Assam SHQ Quota,"?17,900*","?55,200*",2*,"?20,00,000*",1365,,,
Assam,"Silchar Med Coll, Silchar",OPHTHALMOLOGY,Assam SHQ Quota,"?17,900*","?55,200*",2*,"?20,00,000*",1256,,,
Assam,"Gauhati Med Coll, Guwahati",OPHTHALMOLOGY,Assam SHQ Quota,"?17,900*","?55,200*",2*,"?20,00,000*",2185,,,
Assam,"Jorhat Med Coll, Jorhat",OPHTHALMOLOGY,Assam SHQ Quota,"?17,900*","?55,200*",2*,"?20,00,000*",814,,,
Assam,"Tezpur Med Coll, Tezpur",OPHTHALMOLOGY,Assam SHQ Quota,"?17,900*","?55,200*",2*,"?20,00,000*",500,,,
Assam,"Assam Med Coll, Dibrugarh",ORTHOPAEDICS,Assam Govt Quota,"?17,900*","?55,200*",2*,"?20,00,000*",1365,,,
Assam,"Silchar Med Coll, Silchar",ORTHOPAEDICS,Assam Govt Quota,"?17,900*","?55,200*",2*,"?20,00,000*",1256,,,
Assam,"Gauhati Med Coll, Guwahati",ORTHOPAEDICS,Assam Govt Quota,"?17,900*","?55,200*",2*,"?20,00,000*",2185,,,
Assam,"Tezpur Med Coll, Tezpur",ORTHOPAEDICS,Assam Govt Quota,"?17,900*","?55,200*",2*,"?20,00,000*",500,,,
Assam,"Jorhat Med Coll, Jorhat",ORTHOPAEDICS,Assam Govt Quota,"?17,900*","?55,200*",2*,"?20,00,000*",814,,,
Assam,"Assam Med Coll, Dibrugarh",ORTHOPAEDICS,Assam NEC Quota,"?17,900*","?55,200*",2*,"?20,00,000*",1365,,,
Assam,"Silchar Med Coll, Silchar",ORTHOPAEDICS,Assam NEC Quota,"?17,900*","?55,200*",2*,"?20,00,000*",1256,,,
Assam,"Gauhati Med Coll, Guwahati",ORTHOPAEDICS,Assam NEC Quota,"?17,900*","?55,200*",2*,"?20,00,000*",2185,,,
Assam,"Tezpur Med Coll, Tezpur",ORTHOPAEDICS,Assam NEC Quota,"?17,900*","?55,200*",2*,"?20,00,000*",500,,,
Assam,"Jorhat Med Coll, Jorhat",ORTHOPAEDICS,Assam NEC Quota,"?17,900*","?55,200*",2*,"?20,00,000*",814,,,
Assam,"Assam Med Coll, Dibrugarh",ORTHOPAEDICS,Assam SHQ Quota,"?17,900*","?55,200*",2*,"?20,00,000*",1365,,,
Assam,"Silchar Med Coll, Silchar",ORTHOPAEDICS,Assam SHQ Quota,"?17,900*","?55,200*",2*,"?20,00,000*",1256,,,
Assam,"Gauhati Med Coll, Guwahati",ORTHOPAEDICS,Assam SHQ Quota,"?17,900*","?55,200*",2*,"?20,00,000*",2185,,,
Assam,"Tezpur Med Coll, Tezpur",ORTHOPAEDICS,Assam SHQ Quota,"?17,900*","?55,200*",2*,"?20,00,000*",500,,,
Assam,"Jorhat Med Coll, Jorhat",ORTHOPAEDICS,Assam SHQ Quota,"?17,900*","?55,200*",2*,"?20,00,000*",814,,,
