Round,AI Rank,State,Institute,Course,Quota,Category,Fee,Stipend Year 1,Bond Years,Bond Penalty,Beds
5,3394,Madhya Pradesh,"Gandhi Med Coll, Bhopal",RADIO DIAGNOSIS,AIQ,GEN,"1,01,500",75444,1,1000000,1135
5,5375,Delhi,"Aakash HC SS Hospital, Dwarka",DNBGENERAL MEDICINE,DNB Post MBBS,GEN,125000,80000,0,0,200
5,6631,Maharashtra,"Grant Med Coll, Mumbai",DERMATOLOGY,AIQ,GEN,"1,43,300",92522,1,5000000,2844
5,6691,Maharashtra,"Topiwala, Mumbai",RADIO DIAGNOSIS,AIQ,EWS,"1,43,300",92522,1,5000000,1300
5,6733,Pondicherry,"IGMC & RI, Pondicherry",GENERAL MEDICINE,AIQ,OBC,"1,10,000",43000,0,0,750
5,7304,Andhra Pradesh,"Govt Med Coll, Ananthapuram",DERMATOLOGY,AIQ,GEN,"48,600",60823,0,0,500
5,7611,Karnataka,"Raichur IMS, Raichur",DERMATOLOGY,AIQ,GEN,"1,24,150",56250,3,"50,00,000",500
5,12468,Madhya Pradesh,"Gandhi Med Coll, Bhopal",PAEDIATRICS,AIQ,GEN,"1,01,500",75444,1,1000000,1135
5,12491,Punjab,"Govt Med Coll, Patiala",PAEDIATRICS,AIQ,OBC,"1,25,000","67,968",1,"10,00,000",1130
5,12888,Haryana,"Asian IMS, Faridabad",DNBGENERAL MEDICINE,DNB Post MBBS,GEN,125000,58100,0,0,425
5,13229,Andhra Pradesh,"Govt Siddhartha, Vijaywada",PAEDIATRICS,AIQ,GEN,"48,600",60823,0,0,707
5,13997,Maharashtra,"Dr B Nanavati Hosp, Mumbai",DNBPAEDIATRICS,DNB Post MBBS,GEN,125000,86630,0,0,348
5,14085,Goa,"Goa Med Coll, Panaji",TBRD,AIQ,OBC,"1,22,522",60000,1,"50,00,000",1160
5,14186,Madhya Pradesh,"SSMC, Rewa",OBG,AIQ,GEN,"1,01,500",75444,1,1000000,1140
5,14216,Tamil Nadu,Coimbatore Med Coll,PAEDIATRICS,AIQ,GEN,"50,000","52,451",2,"40,00,000",1182
5,14725,Tamil Nadu,"Apollo Hosp, Greams Rd,Chennai",DNBGENERAL MEDICINE,DNB Post MBBS,GEN,125000,52451,0,0,745
5,15615,Delhi,"Kalra Hosp & SRCNC, Delhi",DNBGENERAL MEDICINE,DNB Post MBBS,GEN,125000,65000,0,0,116
5,16311,Chhattisgarh,"Shri Balaji IMS, Raipur",DNBGENERAL MEDICINE,DNB Post MBBS,GEN,125000,"67,500",0,0,436
5,16654,Uttar Pradesh,"KGMU, Lucknow",ORTHOPAEDICS,AIQ,OBC,"54,700",109955,2,"40,00,000",4500
5,16712,Maharashtra,"Grant Med Coll, Mumbai",TBRD,AIQ,EWS,"1,43,300",92522,1,5000000,2844
5,16875,Gujarat,"SAL Hosp & Med Inst, Ahmedabad",DNBGENERAL MEDICINE,DNB Post MBBS,GEN,125000,"84,000",0,0,230
5,16902,Maharashtra,"Shri VR Naik Govt, Yavatmal",OPHTHALMOLOGY,AIQ,GEN,"1,43,300",92522,1,5000000,756
5,17131,Uttar Pradesh,"Govt Allopathic Med Coll,Banda",GENERAL SURGERY,AIQ,GEN,40000,"1,00,980",2,"40,00,000",430
5,17308,Rajasthan,"Govt Med Coll, Kota",TBRD,AIQ,GEN,"12,812","82,800",2,"25,00,000",2581
5,17346,Karnataka,"Manipal Hosp, Rustum Bagh, BLR",DNBPAEDIATRICS,DNB Post MBBS,GEN,125000,"56,250",0,0,600
5,17450,Tamil Nadu,Thanjavur Med Coll,OBG,AIQ,GEN,"50,000","52,451",2,"40,00,000",1466
5,17776,Tamil Nadu,"Vijaya Hospital, Chennai",DNBGENERAL MEDICINE,DNB Post MBBS,GEN,125000,52451,0,0,281
5,17795,Maharashtra,"Shri VR Naik Govt, Yavatmal",GENERAL SURGERY,AIQ,GEN,"1,43,300",92522,1,5000000,756
5,18321,Manipur,"RIMS, Imphal",ORTHOPAEDICS,AIQ,GEN,"5,000",106380,1,"20,00,000",1074
5,18402,Jharkhand,"Tata Motors Hosp, Jamshedpur",DNBOBG,DNB Post MBBS,GEN,125000,56100,0,0,404
5,18475,Madhya Pradesh,"SSMC, Rewa",GENERAL SURGERY,AIQ,GEN,"1,01,500",75444,1,1000000,1140
5,18583,Karnataka,"Sri Sathya Sai, Chikkaballapura",DNBGENERAL MEDICINE,DNB Post MBBS,GEN,125000,"45,000",0,0,300
5,18950,Dadra and Nagar Haveli,"NAMO MERI Govt MedColl,Silvassa",OBG,AIQ,GEN,"11,25,000",50000,3,5000000,650
5,19437,Andhra Pradesh,"Rajiv Gandhi IMS, Ongole",GENERAL SURGERY,AIQ,GEN,"48,600",60823,0,0,500
5,19509,Maharashtra,"Grant Med Coll, Mumbai",ANAESTHESIOLOGY,AIQ,GEN,"1,43,300",92522,1,5000000,2844
5,19636,Chhattisgarh,"Pt JNM Med Coll, Raipur",GENERAL SURGERY,AIQ,GEN,"20,000",67500,2,"50,00,000",1246
5,19713,Delhi,"ESI, Basaidarpur, Delhi",GENERAL SURGERY,AIQ,OBC,"2,50,000","1,15,000",2,"10,00,000",600
5,19848,Andhra Pradesh,"Rajiv Gandhi IMS, Ongole",PAEDIATRICS,AIQ,OBC,"48,600",60823,0,0,500
5,19959,Uttar Pradesh,"MLB Med Coll, Jhansi",TBRD,AIQ,GEN,40000,"1,00,980",2,"40,00,000",700
5,20267,Andhra Pradesh,"Dr Ramesh Cardiac Hosp, Guntur",DMRD(NBEMS),NBE Diploma,GEN,125000,60823,0,0,350
5,20305,Uttarakhand,"KVR Hospital, Kashipur",DNBPAEDIATRICS,DNB Post MBBS,GEN,125000,"75,000",0,0,100
5,20451,Dadra and Nagar Haveli,"NAMO MERI Govt MedColl,Silvassa",OBG,AIQ,GEN,"11,25,000",50000,3,5000000,650
5,20499,Tamil Nadu,"St Isabels Hospital, Chennai",DNBOBG,DNB Post MBBS,GEN,125000,52451,0,0,300
5,21261,Chhattisgarh,"CIMS, Bilaspur",GENERAL SURGERY,AIQ,GEN,"20,000",67500,2,"50,00,000",550
5,21274,Himachal Pradesh,"RPG, Tanda",OBG,AIQ,OBC,"39,000","40,000",3,"40,00,000",802
5,21811,Tamil Nadu,"Dr Rangarajan Mem Hosp,Chennai",DNBPAEDIATRICS,DNB Post MBBS,GEN,125000,50923,0,0,176
5,21876,Madhya Pradesh,"MGM Med Coll, Indore",OPHTHALMOLOGY,AIQ,GEN,"1,01,500",75444,1,1000000,1300
5,22058,Haryana,"Asian IMS, Faridabad",DNBTBRD,DNB Post MBBS,GEN,125000,58100,0,0,425
5,22063,Andhra Pradesh,"Medicover Hosp MVP, ViZAG",DNBTBRD,DNB Post MBBS,GEN,125000,60823,0,0,-
5,22074,Madhya Pradesh,"Bundelkhand Med Coll, Sagar",OPHTHALMOLOGY,AIQ,GEN,"1,01,500",75444,1,1000000,750
5,22098,Tamil Nadu,Govt Dharmapuri Med Coll,GENERAL SURGERY,AIQ,OBC,"50,000","52,451",2,"40,00,000",Info Not Available
5,22193,Pondicherry,"IGMC & RI, Pondicherry",ORTHOPAEDICS,AIQ,GEN,"1,10,000",43000,0,0,750
5,22483,Uttar Pradesh,"JNMC (AMU), Aligarh",ANAESTHESIOLOGY,AIQ,GEN,38000,"1,08,000",0,0,1269
5,22485,Jammu and Kashmir,"Govt Med Coll, Srinagar",OPHTHALMOLOGY,AIQ,GEN,"35,750",59500,0,0,2150
5,23107,Telangana,"Kakatiya Med Coll, Warangal",TBRD,AIQ,GEN,"25,000",58289,1,2000000,1150
5,23277,West Bengal,"IPGMER, Kolkata",EMERGENCY MEDICINE,AIQ,GEN,"12,000",49884,3,"30,00,000",2300
5,23396,Maharashtra,"Ruby Hall Clinic, Pune",DNBNEUROSURGERY 6 YRS,DNB Post MBBS,GEN,125000,89000,0,0,600
5,23419,Andhra Pradesh,"Rangaraya Med Coll, Kakinada",ORTHOPAEDICS,AIQ,EWS,"48,600",60823,0,0,1450
5,23729,Karnataka,"Manipal Hosp, Rustum Bagh, BLR",DNBGENERAL SURGERY,DNB Post MBBS,GEN,125000,"56,250",0,0,600
5,23784,Gujarat,"ESIC Model Hospital, Ahmedabad",DNBPAEDIATRICS,DNB Post MBBS,OBC,125000,70000,1,"7,50,000",250
5,24252,Madhya Pradesh,"NSC Bose Med Coll, Jabalpur",ANAESTHESIOLOGY,AIQ,GEN,"1,01,500",75444,1,1000000,1150
5,24703,Uttar Pradesh,"Dr RML IMS, Lucknow",RADIATION ONCOLOGY,AIQ,OBC,"37,500",108672,2,"40,00,000",Info Not Available
5,24707,Odisha,"Bhima Bhoi Med Coll, Balangir",DMRD(NBEMS),NBE Diploma,OBC,125000,70868,2,"34,78,000",Info Not Available
5,25004,Madhya Pradesh,"Gandhi Med Coll, Bhopal",EMERGENCY MEDICINE,AIQ,GEN,"1,01,500",75444,1,1000000,1135
5,25173,Haryana,"Pt BD Sharma, Rohtak",SPORTS MEDICINE,AIQ,GEN,"1,25,000","1,00,980",0,0,2080
5,25525,Maharashtra,"BJMC, Pune",ANAESTHESIOLOGY,AIQ,GEN,"1,43,300",92522,1,5000000,1296
5,25877,Maharashtra,"Bhaktivedanta Hosp, Thane",DNBOPHTHALMOLOGY,DNB Post MBBS,GEN,125000,"82,769",0,0,200
5,25932,Karnataka,"Inst of Aero, IAF, Bangaluru",AVIATION MEDICINE,AFMS,GEN,"26,000",56250,5,"57,50,000",Info Not Available
5,26083,Delhi,"ESI, Basaidarpur, Delhi",PATHOLOGY,AIQ,GEN,"2,50,000","1,15,000",2,"10,00,000",600
5,26198,Jharkhand,"MGM Med Coll, Jamshedpur",DCH,AIQ,GEN,1500,54500,3,"30,00,000",540
5,26271,Gujarat,"Govt Med Coll, Bhavnagar",ENT,AIQ,OBC,"30,000",100800,1,"40,00,000",720
5,26398,Karnataka,"Bhagwan MahaveerJain,Bangalore",DNBGENERAL SURGERY,DNB Post MBBS,GEN,125000,"45,000",0,0,470
5,26546,Dadra and Nagar Haveli,"NAMO MERI Govt MedColl,Silvassa",OBG,AIQ,OBC,"11,25,000",50000,3,5000000,650
5,26636,Dadra and Nagar Haveli,"NAMO MERI Govt MedColl,Silvassa",GENERAL SURGERY,AIQ,OBC,"10,00,000",50000,3,5000000,650
5,26788,Uttar Pradesh,"Govt Med Coll, Azamgarh",ENT,AIQ,GEN,40000,"1,00,980",2,"40,00,000",550
5,26930,Tamil Nadu,"Kilpauk Med Coll, Chennai",EMERGENCY MEDICINE,AIQ,GEN,"50,000","52,451",2,"40,00,000",1700
5,27162,Madhya Pradesh,"Gandhi Med Coll, Bhopal",GENERAL MEDICINE,AIQ,SC,"1,01,500",75444,1,1000000,1135
5,27289,Tamil Nadu,"Rajah Muthiah, Annamalainagar",OPHTHALMOLOGY,AIQ,GEN,"50,000","52,451",2,"40,00,000",1400
5,27312,Uttar Pradesh,"KGMU, Lucknow",ANAESTHESIOLOGY,AIQ,OBC,"54,700",109955,2,"40,00,000",4500
5,27995,Karnataka,"Gadag IMS, Gadag",PSYCHIATRY,AIQ,GEN,"1,24,150",56250,3,"50,00,000",Info Not Available
5,28026,Andhra Pradesh,"INDLAS VIMHANS Hosp,Vijayawada",DNBPSYCHIATRY,DNB Post MBBS,GEN,125000,44075,0,0,120
5,28167,Tamil Nadu,"PrashanthHosp,Velachery,Chennai",DNBGENERAL SURGERY,DNB Post MBBS,GEN,125000,52451,0,0,230
5,28319,Himachal Pradesh,"RPG, Tanda",OPHTHALMOLOGY,AIQ,OBC,"39,000","40,000",3,"40,00,000",802
5,28399,Uttar Pradesh,"Heritage Hospital, Varanasi",DNBEMERGENCY MEDICINE,DNB Post MBBS,GEN,125000,56100,0,0,150
5,28526,Uttar Pradesh,"Sushrut Inst of Plastic,Lucknow",DNBPLASTIC SURGERY 6 YRS,DNB Post MBBS,GEN,125000,68000,0,0,120
5,28620,Dadra and Nagar Haveli,"NAMO MERI Govt MedColl,Silvassa",OPHTHALMOLOGY,AIQ,GEN,"10,00,000",50000,3,5000000,650
5,28626,Andhra Pradesh,"Rangaraya Med Coll, Kakinada",ANAESTHESIOLOGY,AIQ,GEN,"48,600",60823,0,0,1450
5,28763,Madhya Pradesh,"MGM Med Coll, Indore",RADIATION ONCOLOGY,AIQ,GEN,"1,01,500",75444,1,1000000,1300
5,28781,Andhra Pradesh,"Kurnool Med Coll, Kurnool",ENT,AIQ,GEN,"48,600",60823,0,0,1150
5,28842,Maharashtra,"Paediatric Surg Center, Sangli",DNBPAEDIATRIC SURGERY 6 YRS,DNB Post MBBS,GEN,125000,80000,0,0,-
5,29161,Rajasthan,"Jeevan Rekha SS Hosp, Jaipur",DNBORTHOPAEDICS,DNB Post MBBS,GEN,125000,60000,0,0,300
5,29248,Madhya Pradesh,"SSMC, Rewa",ANAESTHESIOLOGY,AIQ,GEN,"1,01,500",75444,1,1000000,1140
5,29266,Gujarat,"PDU Med Coll, Rajkot",ANAESTHESIOLOGY,AIQ,GEN,"30,000",100800,1,"40,00,000",750
5,29280,Dadra and Nagar Haveli,"NAMO MERI Govt MedColl,Silvassa",GENERAL SURGERY,AIQ,OBC,"10,00,000",50000,3,5000000,650
5,29532,Andhra Pradesh,"Dr Ramesh Cardiac Hosp, Guntur",DNBORTHOPAEDICS,DNB Post MBBS,GEN,125000,60823,0,0,350
5,29816,Uttar Pradesh,"UP Univ of Med Sci, Etawah",ENT,AIQ,OBC,40000,"1,00,980",2,"40,00,000",1268
5,29875,Madhya Pradesh,"Govt Med Coll, Ratlam",ENT,AIQ,EWS,"1,01,500",75444,1,1000000,300
5,29960,Andhra Pradesh,"Andhra Med Coll, Vizag",OPHTHALMOLOGY,AIQ,OBC,"48,600",60823,0,0,1030
5,30203,Maharashtra,"Dr AmbedkarCentRlwyHosp, MUM",DCH(NBEMS),NBE Diploma,GEN,125000,"95,358",0,0,366
5,30994,Tamil Nadu,"Madurai Med Coll, Madurai",ANAESTHESIOLOGY,AIQ,EWS,"50,000","52,451",2,"40,00,000",3518
5,31574,Andhra Pradesh,"Apollo Hospital, Kakinada",DNBNEUROSURGERY 6 YRS,DNB Post MBBS,GEN,125000,"58,289",0,0,150
5,31943,Uttar Pradesh,"Heritage Hospital, Varanasi",DNBANAESTHESIOLOGY,DNB Post MBBS,GEN,125000,56100,0,0,150
5,32207,Tamil Nadu,Thanjavur Med Coll,ANAESTHESIOLOGY,AIQ,OBC,"50,000","52,451",2,"40,00,000",1466
5,32351,Karnataka,"KS Hospital, Koppal, Karnataka",DNBNEUROSURGERY 6 YRS,DNB Post MBBS,GEN,125000,"45,000",0,0,200
5,32541,West Bengal,"College of Med & JNM, Kalyani",ANAESTHESIOLOGY,AIQ,GEN,"12,000",49884,3,"30,00,000",450
5,32815,Kerala,"Cosmopolitan Hosp, Trivandrum",DNBORTHOPAEDICS,DNB Post MBBS,GEN,125000,57876,0,0,360
5,33155,Tamil Nadu,"ShanmugaHosp(CancerInst),Salem",DNBEMERGENCY MEDICINE,DNB Post MBBS,GEN,125000,52451,0,0,151
5,33229,Karnataka,"Kidwai Memorial, Bangalore",DMRT,AIQ,GEN,"1,24,150",56250,3,"25,00,000",680
5,33625,Madhya Pradesh,"Bundelkhand Med Coll, Sagar",ANAESTHESIOLOGY,AIQ,OBC,"1,01,500",75444,1,1000000,750
5,33650,Karnataka,"Mandya IMS, Mandya",ANAESTHESIOLOGY,AIQ,OBC,"1,24,150",56250,3,"50,00,000",Info Not Available
5,33661,Tamil Nadu,"ShanmugaHosp(CancerInst),Salem",DNBEMERGENCY MEDICINE,DNB Post MBBS,GEN,125000,52451,0,0,151
5,33699,Tamil Nadu,Govt Thiruvarur Med Coll,ANAESTHESIOLOGY,AIQ,OBC,"50,000","52,451",2,"40,00,000",555
5,34166,Haryana,"Saraswati Mission, Kurukshetra",DO(NBEMS),NBE Diploma,GEN,125000,"40,000",0,0,100
5,34399,Gujarat,"Mahavir Hospital, Surendranagar, Gujarat",DGO(NBEMS),NBE Diploma,GEN,125000,"35,000",0,0,-
5,34614,Andhra Pradesh,Area Hospital Sriikalahasthi,DGO(NBEMS),NBE Diploma,OBC,125000,60823,0,0,Info Not Available
5,34719,Rajasthan,"Govt Med Coll, Churu",PATHOLOGY,AIQ,GEN,"12,812","82,800",2,"25,00,000",-
5,35422,Uttar Pradesh,"KGMU, Lucknow",IHBT,AIQ,OBC,"54,700",109955,2,"40,00,000",4500
5,35745,Maharashtra,"Govt Med Coll, Nagpur",RADIATION ONCOLOGY,AIQ,EWS,"1,43,300",92522,1,5000000,1866
5,36029,Madhya Pradesh,"District Hospital, Gwalior, MP",DGO(NBEMS),NBE Diploma,OBC,125000,75444,3,2000000,200
5,36103,Maharashtra,"MGM Med Coll, Navi Mumbai",GENERAL MEDICINE,MNG,GEN,"40,00,000",88000,1,2500000,1740
5,36474,Rajasthan,"Govt Med Coll, Kota",OBG,AIQ,SC,"12,812","82,800",2,"25,00,000",2581
5,36903,Madhya Pradesh,"Jabalpur Hosp & Res Center, MP",DA(NBEMS),NBE Diploma,GEN,125000,45000,0,0,300
5,37003,Nagaland,"Naga Hospital Authority, Kohima",DGO(NBEMS),NBE Diploma,OBC,125000,"35,000",#N/A,#N/A,300
5,37151,Jammu and Kashmir,"Govt Med Coll Hosp, Anantnag",DNBFAMILY MEDICINE,DNB Post MBBS,OBC,125000,"59,500",0,0,363
5,37661,Telangana,"Kakatiya Med Coll, Warangal",OBG,AIQ,SC,"25,000",58289,1,2000000,1150
5,37812,Delhi,"ABVIMS (Dr RML Hosp), Delhi",PATHOLOGY,AIQ,OBC,"41,000","1,20,965",0,0,1626
5,38077,Maharashtra,"Sadhu Vaswani Missions, Pune",DA(NBEMS),NBE Diploma,GEN,125000,"90,000",0,0,369
5,38274,Tamil Nadu,"Mohan Kumaramangalam, Salem",PSYCHIATRY,AIQ,EWS,"50,000","52,451",2,"40,00,000",1642
5,38971,Punjab,"Amandeep Hospital, Pathankot",DA(NBEMS),NBE Diploma,GEN,125000,67968,0,0,110
5,39574,Uttar Pradesh,"Raj Eye Hospital, Gorakhpur",DO(NBEMS),NBE Diploma,GEN,125000,"35,000",0,0,Info Not Available
5,40066,Madhya Pradesh,"District Hospital, Ujjain, MP",DLO(NBEMS),NBE Diploma,GEN,125000,75444,3,2000000,700
5,40981,Maharashtra,"MGIMS, Wardha",PATHOLOGY,AIQ,GEN,"1,43,300",89698,1,5000000,1000
5,42042,Rajasthan,"JLNMC, Ajmer",PALLIATIVE MEDICINE,AIQ,OBC,"10,982","82,800",2,"25,00,000",1428
5,42548,Rajasthan,"Dr Kamdar Eye Hosp, Jodhpur",DO(NBEMS),NBE Diploma,GEN,125000,"35,000",0,0,Info Not Available
5,42652,Delhi,"Hindu Rao Hospital, Delhi",DNBPATHOLOGY,DNB Post MBBS,OBC,125000,126927,0,0,980
5,42769,Chhattisgarh,"Pt JNM Med Coll, Raipur",SPM,AIQ,GEN,"20,000",67500,2,"50,00,000",1246
5,43348,Gujarat,"MP Shah, Jamnagar",DTBCD,AIQ,EWS,"20,000","75,600",1,"40,00,000",1250
5,43483,Arunachal Pradesh,"Bakin Pertin Hosp, Po Pasighat",DA(NBEMS),NBE Diploma,GEN,125000,"35,000",2,"1,00,00,000",-
5,43698,Uttar Pradesh,"UP Univ of Med Sci, Etawah",GENERAL SURGERY,AIQ,SC,40000,"1,00,980",2,"40,00,000",1268
5,43879,Maharashtra,"BARC Hosp, Mumbai",DNBGENERAL SURGERY,DNB Post MBBS,SC,125000,96000,0,0,390
5,46253,Maharashtra,"Seth GS, Mumbai",PATHOLOGY,AIQ,EWS,"1,43,300",92522,1,5000000,2250
5,48072,Uttar Pradesh,"Govt Med Coll, Kannauj",OPHTHALMOLOGY,AIQ,SC,40000,"1,00,980",2,"40,00,000",470
5,48159,Haryana,"ESIC Med Coll, Faridabad",IHBT,AIQ,GEN,"2,50,000","1,15,853",2,"10,00,000",625
5,49256,Maharashtra,"Grant Med Coll, Mumbai",EMERGENCY MEDICINE,AIQ,SC,"1,43,300",92522,1,5000000,2844
5,49918,Gujarat,"BJMC, Ahmedabad",ORTHOPAEDICS,AIQ,ST,"30,000",100800,1,"40,00,000",1557
5,50662,Maharashtra,"BVDU, Sangli",OBG,MNG,GEN,"26,74,110","76,000",1,"12,00,000",853
5,50837,Dadra and Nagar Haveli,"NAMO MERI Govt MedColl,Silvassa",PATHOLOGY,AIQ,GEN,"6,25,000",50000,3,5000000,650
5,51858,Delhi,"Dr B L Kapur Mem Hosp, Delhi",DNBIHBT,DNB Post MBBS,GEN,125000,60000,0,0,465
5,52389,Maharashtra,"Govt Med Coll & Hosp, Alibag",DNBPATHOLOGY,DNB Post MBBS,GEN,125000,"75,144",1,5000000,-
5,52448,Odisha,"Bhima Bhoi Med Coll, Balangir",DLO(NBEMS),NBE Diploma,GEN,125000,70868,2,"34,78,000",Info Not Available
5,52561,Dadra and Nagar Haveli,"NAMO MERI Govt MedColl,Silvassa",GENERAL SURGERY,AIQ,SC,"10,00,000",50000,3,5000000,650
5,52588,Jammu and Kashmir,"District Hospital,Udhampur, J&K",DFAM(NBEMS),NBE Diploma,GEN,125000,48000,0,0,200
5,53023,Maharashtra,"Govt Medical College, Osmanabad",DNBGENERAL SURGERY,DNB Post MBBS,SC,125000,"75,144",1,5000000,430
5,53543,Andhra Pradesh,"District Hosp,Malkapatnam, AP",DMRD(NBEMS),NBE Diploma,SC,125000,60823,0,0,553
5,53928,Odisha,"VIMSAR, Burla",PATHOLOGY,AIQ,GEN,"38,500","88,686",2,"66,30,000",1071
5,54228,Jammu and Kashmir,"Assoc Hosp Govt MC, Baramulla",DNBPATHOLOGY,DNB Post MBBS,EWS,125000,48000,0,0,363
5,55330,Assam,"Tezpur Med Coll, Tezpur",SPM,AIQ,GEN,"17,900","55,200",2,"20,00,000",500
5,55604,Maharashtra,"Seth GS, Mumbai",MICROBIOLOGY,AIQ,GEN,"1,43,300",92522,1,5000000,2250
5,55746,Bihar,"Darbhanga, Lehriasarai",PATHOLOGY,AIQ,OBC,"9,000",82000,3,"25,00,000",1030
5,55976,Madhya Pradesh,"Govt Med Coll, Ratlam",ANAESTHESIOLOGY,AIQ,SC,"1,01,500",75444,1,1000000,300
5,56191,Dadra and Nagar Haveli,"NAMO MERI Govt MedColl,Silvassa",ANAESTHESIOLOGY,AIQ,SC,"11,25,000",50000,3,5000000,650
5,56289,Andhra Pradesh,"Rajiv Gandhi IMS, Ongole",OPHTHALMOLOGY,AIQ,SC,"48,600",60823,0,0,500
5,57021,Maharashtra,"Govt Med Coll, Nanded",SPM,AIQ,GEN,"1,43,300",92522,1,5000000,750
5,57094,Haryana,"MMIMS, Mullana, Ambala",GENERAL SURGERY,MNG,GEN,"27,95,000",56100,1,1000000,940
5,57183,Gujarat,"PDU Med Coll, Rajkot",OPHTHALMOLOGY,AIQ,SC,"30,000",100800,1,"40,00,000",750
5,57618,Assam,"Tezpur Med Coll, Tezpur",OPHTHALMOLOGY,AIQ,SC,"17,900","55,200",2,"20,00,000",500
5,58402,Gujarat,"MP Shah, Jamnagar",IHBT,AIQ,OBC,"30,000",100800,1,"40,00,000",1250
5,58717,Bihar,"Darbhanga, Lehriasarai",ANAESTHESIOLOGY,AIQ,SC,"9,000",82000,3,"25,00,000",1030
5,59329,Rajasthan,"General Hospital, Karauli",DFAM(NBEMS),NBE Diploma,GEN,125000,"60,375",0,0,Info Not Available
5,59402,Delhi,"MAMC, Delhi",FORENSIC MEDICINE,AIQ,GEN,"57,600","1,26,927",0,0,2800
5,59618,Karnataka,"Sub Division Hosp, Gangavathi",DGO(NBEMS),NBE Diploma,SC,125000,"45,000",1,2000000,130
5,59657,Andhra Pradesh,"Andhra Med Coll, Vizag",FORENSIC MEDICINE,AIQ,GEN,"48,600",60823,0,0,1030
5,60997,Jammu and Kashmir,"JLNM Hosp, Rainawari",DNBOPHTHALMOLOGY,DNB Post MBBS,SC,125000,48000,0,0,200
5,61131,West Bengal,"IPGMER, Kolkata",RADIATION ONCOLOGY,AIQ,SC,"12,000",49884,3,"30,00,000",2300
5,62167,Tamil Nadu,"Stanley Med Coll, Chennai",SPM,AIQ,EWS,"50,000","52,451",2,"40,00,000",1661
5,63065,West Bengal,"Asansol Dist Hosp, Asansol",DO(NBEMS),NBE Diploma,EWS,125000,49884,0,0,375
5,63312,Madhya Pradesh,"District Hospital, Sagar, MP",DFAM(NBEMS),NBE Diploma,OBC,125000,75444,3,2000000,-
5,63597,Andhra Pradesh,"Govt Dist Hosp,Noonepalle",DA(NBEMS),NBE Diploma,SC,125000,60823,0,0,200
5,63662,Maharashtra,"Govt Med Coll, Nanded",SPM,AIQ,OBC,"1,43,300",92522,1,5000000,750
5,66310,Assam,"Haji Abdul Majid, Hojai, Assam",DFAM(NBEMS),NBE Diploma,GEN,125000,"35,000",0,0,181
5,66856,Delhi,"Lady Hardinge, Delhi",ANATOMY,AIQ,OBC,"57,600","1,26,927",0,0,877
5,66879,Telangana,"Rajiv Gandhi IMS, Adilabad",SPM,AIQ,GEN,"25,000",58289,1,2000000,Info Not Available
5,67566,Pondicherry,"IG GovtGenHosp&PGI,Pondicherry",DLO(NBEMS),NBE Diploma,SC,125000,43000,0,0,626
5,67947,Assam,"Haji Abdul Majid, Hojai, Assam",DFAM(NBEMS),NBE Diploma,GEN,125000,"35,000",0,0,181
5,68105,Maharashtra,"Grant Med Coll, Mumbai",FORENSIC MEDICINE,AIQ,OBC,"1,43,300",92522,1,5000000,2844
5,68228,Delhi,"ESI, Basaidarpur, Delhi",PATHOLOGY,AIQ,SC,"2,50,000","1,15,000",2,"10,00,000",600
5,69013,Madhya Pradesh,"Gandhi Med Coll, Bhopal",MICROBIOLOGY,AIQ,GEN,"1,01,500",75444,1,1000000,1135
5,69135,Maharashtra,"DY Patil, Pimpri, Pune",ANAESTHESIOLOGY,MNG,GEN,"35,00,000","76,629",1,0,2011
5,69189,Karnataka,"District Hospital, Haveri",DA(NBEMS),NBE Diploma,SC,125000,"45,000",1,2000000,Info Not Available
5,69219,Pondicherry,"IGMC & RI, Pondicherry",FORENSIC MEDICINE,AIQ,GEN,"1,10,000",43000,0,0,750
5,69428,Madhya Pradesh,"SSMC, Rewa",OBG,AIQ,ST,"1,01,500",75444,1,1000000,1140
5,69518,Madhya Pradesh,"Bundelkhand Med Coll, Sagar",SPM,AIQ,GEN,"1,01,500",75444,1,1000000,750
5,70420,Telangana,"Gandhi Med Coll, Secunderabad",BIOCHEMISTRY,AIQ,GEN,"25,000",58289,1,2000000,1200
5,70681,Maharashtra,"Seth GS, Mumbai",MICROBIOLOGY,AIQ,SC,"1,43,300",92522,1,5000000,2250
5,70797,Madhya Pradesh,"Gandhi Med Coll, Bhopal",PATHOLOGY,AIQ,SC,"1,01,500",75444,1,1000000,1135
5,70982,Pondicherry,"Vinayaka Missions, Karaikal",OPHTHALMOLOGY,MNG,GEN,"27,00,000",40000,0,0,590
5,72573,Tamil Nadu,Tirunelveli Med Coll,PATHOLOGY,AIQ,EWS,"50,000","52,451",2,"40,00,000",1737
5,72588,Odisha,"SCB, Cuttack",IHBT,AIQ,OBC,"38,500",70686,2,"53,30,000",2106
5,72692,Assam,"Jorhat Med Coll, Jorhat",PATHOLOGY,AIQ,OBC,"17,900","55,200",2,"20,00,000",814
5,72880,Odisha,"MKCG, Berhampur",IHBT,AIQ,OBC,"38,500",70686,2,"53,30,000",1140
5,73559,Odisha,"FakirMohanMed,Balasore,Odisha",DFAM(NBEMS),NBE Diploma,EWS,125000,70868,2,"34,78,000",360
5,73699,Rajasthan,"SK Hospital, Sikar, Rajasthan",DO(NBEMS),NBE Diploma,SC,125000,"60,375",0,0,Info Not Available
5,73942,Andhra Pradesh,"Govt Siddhartha, Vijaywada",MICROBIOLOGY,AIQ,GEN,"48,600",60823,0,0,707
5,74476,Karnataka,"Wenlock Dist Hosp, Mangalore",DNBIHBT,DNB Post MBBS,OBC,125000,"45,000",1,2000000,705
5,74905,Maharashtra,"JN Med College, Meghe, Wardha",GENERAL SURGERY,MNG,GEN,"40,00,000","66,829",1,500000,2150
5,75187,Uttar Pradesh,"KGMU, Lucknow",IHBT,AIQ,SC,"54,700",109955,2,"40,00,000",4500
5,75232,Uttar Pradesh,"JNMC (AMU), Aligarh",PHARMACOLOGY,AIQ,GEN,38000,"1,08,000",0,0,1269
5,75564,Delhi,"MAMC, Delhi",PHYSIOLOGY,AIQ,GEN,"57,600","1,26,927",0,0,2800
5,76285,Telangana,"Rajiv Gandhi IMS, Adilabad",PATHOLOGY,AIQ,SC,"25,000",58289,1,2000000,Info Not Available
5,76353,Tamil Nadu,"Chettinad Hosp&RI,Kanchipuram",TBRD,MNG,GEN,"38,00,000",48000,0,0,1180
5,76512,Uttar Pradesh,"JNMC (AMU), Aligarh",PHARMACOLOGY,AIQ,GEN,38000,"1,08,000",0,0,1269
5,76520,Tripura,"Agartala Med Coll, Agartala",SPM,AIQ,GEN,"1,50,000","55,200",1,"35,00,000",580
5,76665,Jammu and Kashmir,"Govt Med Coll, Srinagar",MICROBIOLOGY,AIQ,GEN,"35,750",59500,0,0,2150
5,77039,Jammu and Kashmir,"Govt Med Coll Hosp, Jammu",DNBBIOCHEMISTRY,DNB Post MBBS,GEN,125000,"59,500",0,0,2220
5,77235,Uttar Pradesh,"Govt Med Coll, Kannauj",MICROBIOLOGY,AIQ,OBC,40000,"1,00,980",2,"40,00,000",470
5,77751,Jharkhand,"MGM Med Coll, Jamshedpur",PATHOLOGY,AIQ,EWS,1500,54500,3,"30,00,000",540
5,77808,Telangana,"Govt Med Coll, Nizamabad",FORENSIC MEDICINE,AIQ,GEN,"25,000",58289,1,2000000,500
5,78540,Dadra and Nagar Haveli,"NAMO MERI Govt MedColl,Silvassa",SPM,AIQ,GEN,"5,75,000",50000,3,5000000,650
5,79422,Maharashtra,"JN Med College, Meghe, Wardha",TBRD,MNG,GEN,"37,00,000","66,829",1,500000,2150
5,80796,Karnataka,"Bangalore Med Coll, Bangalore",GENERAL SURGERY,AIQ,ST,"1,24,150",56250,3,"50,00,000",1993
5,82582,Tamil Nadu,"SRM Med Coll, Kancheepuram",ANAESTHESIOLOGY,MNG,GEN,"30,00,000",50923,0,0,1590
5,83924,Tamil Nadu,Tirunelveli Med Coll,TBRD,AIQ,ST,"50,000","52,451",2,"40,00,000",1737
5,84713,West Bengal,"Uttarpara StateGenHosp,Hooghly",DLO(NBEMS),NBE Diploma,SC,125000,49884,0,0,Info Not Available
5,84908,Meghalaya,"NEIGRIHMS, Shillong",PHARMACOLOGY,AIQ,GEN,"16,300","96,000",0,0,594
5,85223,Jammu and Kashmir,"Govt Med Coll Hosp,Karan Nagar",DNBIHBT,DNB Post MBBS,OBC,125000,"59,500",0,0,1020
5,85579,Maharashtra,"AFMC, Pune",PHYSIOLOGY,AFMS,GEN,"1,43,500",91282,5,"57,50,000",1082
5,85654,Kerala,"Govt Med Coll, Kozhikode",PHYSIOLOGY,AIQ,GEN,"69,470",57876,1,"50,00,000",3025
5,86417,Andhra Pradesh,"Area Hospital, Gudiwada, AP",DFAM(NBEMS),NBE Diploma,SC,125000,60823,0,0,-
5,86491,Haryana,"Kalpana Chawala Govt MC,Karnal",BIOCHEMISTRY,AIQ,GEN,"1,25,000","1,00,980",0,0,500
5,87394,Uttar Pradesh,"Govt IMS, Kasna",PATHOLOGY,AIQ,SC,40000,"1,00,980",2,"40,00,000",500
5,87892,Uttar Pradesh,"BRD Med Coll, Gorakhpur",ANAESTHESIOLOGY,AIQ,ST,40000,"1,00,980",2,"40,00,000",1050
5,88727,Uttar Pradesh,"Govt Med Coll, Firozobad",PATHOLOGY,AIQ,SC,40000,"1,00,980",2,"40,00,000",517
5,89498,Pondicherry,"SLIMS, Pondicherry",ORTHOPAEDICS,MNG,GEN,"55,00,000",43000,0,0,1230
5,89701,Jammu and Kashmir,"Govt Med Coll, Srinagar",PATHOLOGY,AIQ,SC,"35,750",59500,0,0,2150
5,89724,Andhra Pradesh,"Rajiv Gandhi IMS, Kadapa",FORENSIC MEDICINE,AIQ,GEN,"48,600",60823,0,0,715
5,89772,Uttar Pradesh,"IMS(BHU), Varanasi",ANATOMY,AIQ,GEN,"48,226","1,00,706",0,0,1165
5,91132,Pondicherry,"MGMC & RI, Pondicherry",OPHTHALMOLOGY,MNG,GEN,"35,00,000",40000,0,0,1380
5,91184,Tamil Nadu,"Meenakshi Med Coll, Enathur",OPHTHALMOLOGY,MNG,GEN,"35,00,000",25000,0,0,1110
5,91238,Madhya Pradesh,"Bundelkhand Med Coll, Sagar",BIOCHEMISTRY,AIQ,GEN,"1,01,500",75444,1,1000000,750
5,93051,Pondicherry,"SLIMS, Pondicherry",OPHTHALMOLOGY,MNG,GEN,"35,00,000",43000,0,0,1230
5,93208,West Bengal,"District Hospital, Howrah",DLO(NBEMS),NBE Diploma,SC,125000,49884,0,0,642
5,93771,West Bengal,"RG Kar Med Coll, Kolkata",ANAESTHESIOLOGY,AIQ,ST,"12,000",49884,3,"30,00,000",1663
5,94018,Tamil Nadu,"Chettinad Hosp&RI,Kanchipuram",FORENSIC MEDICINE,MNG,GEN,"4,00,000",48000,0,0,1180
5,94072,Chhattisgarh,"CIMS, Bilaspur",SPM,AIQ,OBC,"20,000",67500,2,"50,00,000",550
5,94361,Karnataka,Kodagu Inst of Med Sciences,PHARMACOLOGY,AIQ,GEN,"69,150",56250,3,"50,00,000",600
5,94782,Mizoram,"Civil Hospital, Aizawl",DO(NBEMS),NBE Diploma,SC,125000,50000,0,0,300
5,95977,Haryana,"MMIMS, Mullana, Ambala",GENERAL MEDICINE,NRI,GEN,"83,50,000",56100,1,1000000,940
5,96350,Maharashtra,"DY Patil, Pimpri, Pune",GENERAL SURGERY,MNG,GEN,"45,00,000","76,629",1,0,2011
5,96409,Uttar Pradesh,"Santosh Med Coll, Ghaziabad",PSYCHIATRY,MNG,GEN,"30,00,000",56010,0,0,800
5,96475,Bihar,"Jawaharlal Nehru, Bhagalpur",BIOCHEMISTRY,AIQ,GEN,"9,000",82000,3,"25,00,000",800
5,97099,Uttar Pradesh,"Auton. State Med Coll, Ayodhya",PHARMACOLOGY,AIQ,GEN,40000,"1,00,980",2,"40,00,000",-
5,97209,Uttar Pradesh,"LLRM Med Coll, Meerut",PHARMACOLOGY,AIQ,OBC,40000,"1,00,980",2,"40,00,000",1090
5,97861,Rajasthan,"SP Med Coll, Bikaner",MICROBIOLOGY,AIQ,SC,"12,812","82,800",2,"25,00,000",Info Not Available
5,98007,Uttarakhand,"VCSG Med Coll, Pauri Garhwal",MICROBIOLOGY,AIQ,GEN,"1,00,000","76,600",0,0,Info Not Available
5,98187,Madhya Pradesh,"NSC Bose Med Coll, Jabalpur",PHARMACOLOGY,AIQ,GEN,"1,01,500",75444,1,1000000,1150
5,98268,Tamil Nadu,"ACS Med Coll, Chennai",SPM,MNG,GEN,"10,00,000","20,000",0,0,1050
5,98824,Madhya Pradesh,"SSMC, Rewa",MICROBIOLOGY,AIQ,GEN,"1,01,500",75444,1,1000000,1140
5,99063,Jammu and Kashmir,"Govt Med Coll Hosp, Jammu",DNBHEALTH ADMINISTRATION,DNB Post MBBS,OBC,125000,"59,500",0,0,2220
5,99433,Uttar Pradesh,"LLRM Med Coll, Meerut",PHYSIOLOGY,AIQ,GEN,40000,"1,00,980",2,"40,00,000",1090
5,100078,Rajasthan,"Govt Hosp, Barmer",DFAM(NBEMS),NBE Diploma,SC,125000,"60,375",0,0,Info Not Available
5,100179,Uttar Pradesh,"UP Univ of Med Sci, Etawah",MICROBIOLOGY,AIQ,OBC,40000,"1,00,980",2,"40,00,000",1268
5,100304,Maharashtra,"DY Patil, Navi Mumbai",GENERAL SURGERY,MNG,GEN,"43,50,000",76629,1,1000000,1662
5,100801,Rajasthan,"JLNMC, Ajmer",FORENSIC MEDICINE,AIQ,GEN,"10,982","82,800",2,"25,00,000",1428
5,101372,Maharashtra,"DY Patil, Pimpri, Pune",GENERAL SURGERY,MNG,GEN,"45,00,000","76,629",1,0,2011
5,101663,Maharashtra,"Seth GS, Mumbai",ANATOMY,AIQ,GEN,"1,43,300",92522,1,5000000,2250
5,101869,Gujarat,"GMERS Med Coll Hosp, Junagadh",DNBCOMMUNITY MEDICINE,DNB Post MBBS,OBC,125000,"1,00,800",0,0,Info Not Available
5,102217,Maharashtra,"Lokmanya Tilak, Sion, Mumbai",FORENSIC MEDICINE,AIQ,OBC,"1,43,300",92522,1,5000000,1462
5,102879,Bihar,"AN Magadh, Gaya",BIOCHEMISTRY,AIQ,GEN,"9,000",82000,3,"25,00,000",425
5,103771,Tamil Nadu,"Madurai Med Coll, Madurai",SPM,AIQ,SC,"50,000","52,451",2,"40,00,000",3518
5,103809,West Bengal,Midnapore Medical College,GENERAL SURGERY,AIQ,ST,"12,000",49884,3,"30,00,000",1051
5,104133,Assam,"Jorhat Med Coll, Jorhat",SPM,AIQ,OBC,"17,900","55,200",2,"20,00,000",814
5,105711,Odisha,"Apollo Hospital, Bhubaneswar",DNBMICROBIOLOGY,DNB Post MBBS,GEN,125000,66916,0,0,350
5,106424,Punjab,"Govt Med Coll, Patiala",FORENSIC MEDICINE,AIQ,GEN,"1,00,000","67,968",1,"10,00,000",1130
5,107080,Karnataka,"Bidar IMS, Bidar",PHARMACOLOGY,AIQ,GEN,"69,150",56250,3,"50,00,000",500
5,107394,Odisha,"MKCG, Berhampur",FORENSIC MEDICINE,AIQ,GEN,"38,500","88,686",2,"66,30,000",1140
5,107742,Jharkhand,"Rajendra IMS, Ranchi",ANATOMY,AIQ,GEN,1500,"1,00,770",3,"30,00,000",1754
5,108034,Jammu and Kashmir,"Govt Med Coll Hosp, Anantnag",DNBCOMMUNITY MEDICINE,DNB Post MBBS,OBC,125000,"59,500",0,0,363
5,108810,Madhya Pradesh,Bhopal Memorial Hosp & RC,MICROBIOLOGY,AIQ,OBC,"1,27,420",75444,1,1000000,350
5,109378,Delhi,"Hindu Rao, Delhi",DA,DU,GEN,"57,600","1,26,927",0,0,832
5,109452,Jammu and Kashmir,"Assoc Hosp Govt MC, Kathua",DNBCOMMUNITY MEDICINE,DNB Post MBBS,GEN,125000,"59,500",0,0,564
5,109777,Dadra and Nagar Haveli,"NAMO MERI Govt MedColl,Silvassa",GENERAL SURGERY,AIQ,ST,"10,00,000",50000,3,5000000,650
5,110321,Assam,"Gauhati Med Coll, Guwahati",FORENSIC MEDICINE,AIQ,GEN,"17,900","55,200",2,"20,00,000",2185
5,110380,Maharashtra,"JN Med College, Meghe, Wardha",PATHOLOGY,MNG,GEN,"15,55,000","66,829",1,500000,2150
5,110396,Dadra and Nagar Haveli,"NAMO MERI Govt MedColl,Silvassa",MICROBIOLOGY,AIQ,GEN,"5,75,000",50000,3,5000000,650
5,111394,Uttar Pradesh,"JNMC (AMU), Aligarh",RADIATION ONCOLOGY,AIQ,ST,38000,"1,08,000",0,0,1269
5,111727,Maharashtra,"Topiwala, Mumbai",FORENSIC MEDICINE,AIQ,OBC,"1,43,300",92522,1,5000000,1300
5,112082,Delhi,"Lady Hardinge, Delhi",ANATOMY,AIQ,OBC,"57,600","1,26,927",0,0,877
5,113187,Rajasthan,"JLNMC, Ajmer",BIOCHEMISTRY,AIQ,GEN,"10,982","82,800",2,"25,00,000",1428
5,113336,Maharashtra,"BJMC, Pune",FORENSIC MEDICINE,AIQ,OBC,"1,43,300",92522,1,5000000,1296
5,113429,Tamil Nadu,Chengalpattu Med Coll,SPM,AIQ,SC,"50,000","52,451",2,"40,00,000",700
5,113533,Haryana,"MMIMS, Mullana, Ambala",PATHOLOGY,MNG,GEN,"17,95,000",56100,1,1000000,940
5,114451,Rajasthan,"SNMC, Jodhpur",FORENSIC MEDICINE,AIQ,OBC,"12,812","82,800",2,"25,00,000",3101
5,114915,Delhi,"Lady Hardinge, Delhi",SPM,DU,GEN,"57,600","1,26,927",0,0,877
5,115429,Assam,"Assam Med Coll, Dibrugarh",PHARMACOLOGY,AIQ,GEN,"17,900","55,200",2,"20,00,000",1365
5,115523,West Bengal,Bankura Sammilani Med Coll,FORENSIC MEDICINE,AIQ,GEN,"12,000",49884,3,"30,00,000",1441
5,115600,Karnataka,"Hassan IMS, Hassan",PSYCHIATRY,AIQ,ST,"1,24,150",56250,3,"50,00,000",Info Not Available
5,117306,Pondicherry,"Aarupadai Veedu, Pondicherry",RADIO DIAGNOSIS,NRI,GEN,"65,41,000",40000,0,0,584
5,117562,Maharashtra,"BVDU, Pune",RADIO DIAGNOSIS,NRI,GEN,"1,15,73,000","76,000",1,"12,00,000",856
5,118468,Rajasthan,"Jhalawar Med Coll, Jhalawar",FORENSIC MEDICINE,AIQ,GEN,"88,265","82,800",2,"25,00,000",Info Not Available
5,118652,Jammu and Kashmir,"Gove Med Coll, Jammu",PHYSIOLOGY,AIQ,GEN,"25,000",59500,0,0,1700
5,118835,Dadra and Nagar Haveli,"NAMO MERI Govt MedColl,Silvassa",PATHOLOGY,AIQ,ST,"6,25,000",50000,3,5000000,650
5,119310,Gujarat,"SBKS, Vadodara",PATHOLOGY,JM,GEN,"13,50,000","1,00,800",1,"15,00,000",1340
5,119906,Telangana,"Gandhi Med Coll, Secunderabad",PSYCHIATRY,AIQ,ST,"25,000",58289,1,2000000,1200
5,120683,Rajasthan,"SNMC, Jodhpur",FORENSIC MEDICINE,AIQ,EWS,"12,812","82,800",2,"25,00,000",3101
5,121843,Madhya Pradesh,"Bundelkhand Med Coll, Sagar",PHARMACOLOGY,AIQ,OBC,"1,01,500",75444,1,1000000,750
5,122188,Tamil Nadu,Coimbatore Med Coll,PHARMACOLOGY,AIQ,SC,"50,000","52,451",2,"40,00,000",1182
5,123319,Gujarat,"GMERS MedColl Hosp,Himmatnagar",DNBMICROBIOLOGY,DNB Post MBBS,GEN,125000,"1,00,800",0,0,700
5,123954,Assam,"Fakhruddin Ali Ahmed, Barpeta",MICROBIOLOGY,AIQ,GEN,"17,900","55,200",2,"20,00,000",470
5,123997,Himachal Pradesh,"LalBahShastri Govt Med, Mandi",MICROBIOLOGY,AIQ,GEN,"39,000","40,000",3,"40,00,000",500
5,124125,Uttar Pradesh,"Rajkiya Med Coll, Jalaun",SPM,AIQ,SC,40000,"1,00,980",2,"40,00,000",Info Not Available
5,124312,Maharashtra,"Rural Med Coll, LONI",PATHOLOGY,MNG,GEN,"16,80,000","64,559",0,0,1275
5,124539,Bihar,"Govt Med Coll, Bettiah",MICROBIOLOGY,AIQ,GEN,"9,000",82000,3,"25,00,000",470
5,124589,Uttar Pradesh,"Govt Allopathic Med Coll,Banda",SPM,AIQ,SC,40000,"1,00,980",2,"40,00,000",430
5,124615,Tamil Nadu,"Sree Balaji Med Coll, Chennai",BIOCHEMISTRY,MNG,GEN,"1,00,000","25,000",0,0,1250
5,124750,Delhi,"UCMS, Delhi",SPM,DU,SC,"57,600","1,26,927",0,0,1000
5,125052,Madhya Pradesh,"Gandhi Med Coll, Bhopal",FORENSIC MEDICINE,AIQ,OBC,"1,01,500",75444,1,1000000,1135
5,125071,Maharashtra,"Govt Med Coll, Nanded",FORENSIC MEDICINE,AIQ,OBC,"1,43,300",92522,1,5000000,750
5,125540,Assam,"Assam Med Coll, Dibrugarh",MICROBIOLOGY,AIQ,OBC,"17,900","55,200",2,"20,00,000",1365
5,126025,Karnataka,"Sri Siddhartha IMS, T. Begur",PATHOLOGY,MNG,GEN,"10,00,000",30000,0,0,720
5,126945,Tripura,"Agartala Med Coll, Agartala",PHARMACOLOGY,AIQ,GEN,"1,50,000","55,200",1,"35,00,000",580
5,127154,West Bengal,"Durgapur SD Hosp, Bidhannagar",DCH(NBEMS),NBE Diploma,ST,125000,49884,0,0,Info Not Available
5,127494,Punjab,"Govt Med Coll, Patiala",BIOCHEMISTRY,AIQ,GEN,"1,00,000","67,968",1,"10,00,000",1130
5,127506,West Bengal,Midnapore Medical College,ANAESTHESIOLOGY,AIQ,ST,"12,000",49884,3,"30,00,000",1051
5,127581,Maharashtra,"Govt Med Coll, Nagpur",RADIATION ONCOLOGY,AIQ,ST,"1,43,300",92522,1,5000000,1866
5,127903,Madhya Pradesh,"NSC Bose Med Coll, Jabalpur",SPM,AIQ,SC,"1,01,500",75444,1,1000000,1150
5,128046,Rajasthan,"Govt Med Coll, Pali",PHYSIOLOGY,AIQ,GEN,"12,812","82,800",2,"25,00,000",-
5,128072,Madhya Pradesh,"Atal Bihari Vajpayee, Vidisha",PHYSIOLOGY,AIQ,GEN,"1,01,500",75444,1,1000000,300
5,128282,Goa,"Goa Med Coll, Panaji",ANATOMY,AIQ,GEN,"1,22,522",60000,1,"50,00,000",1160
5,128945,West Bengal,Burdwan Medical College,PHARMACOLOGY,AIQ,OBC,"12,000",49884,3,"30,00,000",1099
5,129689,Bihar,"SriKrishna MedColl,Muzaffarpur",DNBFORENSIC MEDICINE,DNB Post MBBS,SC,125000,82000,3,"25,00,000",610
5,129793,Madhya Pradesh,"Atal Bihari Vajpayee, Vidisha",FORENSIC MEDICINE,AIQ,OBC,"1,01,500",75444,1,1000000,300
5,129795,Jammu and Kashmir,"Gove Med Coll, Jammu",ANATOMY,AIQ,GEN,"25,000",59500,0,0,1700
5,131098,Dadra and Nagar Haveli,"NAMO MERI Govt MedColl,Silvassa",MICROBIOLOGY,AIQ,GEN,"5,75,000",50000,3,5000000,650
5,131368,Tamil Nadu,"Rajah Muthiah, Annamalainagar",BIOCHEMISTRY,AIQ,GEN,"50,000","52,451",2,"40,00,000",1400
5,131828,Tamil Nadu,"Chettinad Hosp&RI,Kanchipuram",MICROBIOLOGY,MNG,GEN,"6,00,000",48000,0,0,1180
5,132227,Madhya Pradesh,"Govt Med Coll, Datia",BIOCHEMISTRY,AIQ,GEN,"1,01,500",75444,1,1000000,540
5,132497,Maharashtra,"INHS, Aswini",PATHOLOGY,AFMS,GEN,"1,71,850",91082,5,"57,50,000",825
5,132582,Madhya Pradesh,"Atal Bihari Vajpayee, Vidisha",BIOCHEMISTRY,AIQ,GEN,"1,01,500",75444,1,1000000,300
5,132752,Tamil Nadu,"Meenakshi Med Coll, Enathur",SPM,MNG,GEN,"4,00,000",#N/A,0,0,1110
5,132968,Madhya Pradesh,"Gandhi Med Coll, Bhopal",BIOCHEMISTRY,AIQ,OBC,"1,01,500",75444,1,1000000,1135
5,133351,West Bengal,"BOLPUR SUB DIV HOSP, Birbhum",DTBCD(NBEMS),NBE Diploma,ST,125000,49884,0,0,Info Not Available
5,134273,Karnataka,"Bidar IMS, Bidar",FORENSIC MEDICINE,AIQ,GEN,"69,150",56250,3,"50,00,000",500
5,134443,Uttar Pradesh,"Santosh Med Coll, Ghaziabad",PHARMACOLOGY,MNG,GEN,"2,00,000",56010,0,0,800
5,134835,Maharashtra,"Seth GS, Mumbai",ANATOMY,AIQ,GEN,"1,43,300",92522,1,5000000,2250
5,134873,Assam,"Assam Med Coll, Dibrugarh",FORENSIC MEDICINE,AIQ,GEN,"17,900","55,200",2,"20,00,000",1365
5,135047,Dadra and Nagar Haveli,"NAMO MERI Govt MedColl,Silvassa",MICROBIOLOGY,AIQ,GEN,"5,75,000",50000,3,5000000,650
5,135218,Chhattisgarh,"Pt JNM Med Coll, Raipur",FORENSIC MEDICINE,AIQ,OBC,"20,000",67500,2,"50,00,000",1246
5,135461,Uttarakhand,"Govt Med Coll, Haldwani",ANATOMY,AIQ,GEN,"1,00,000","71,257",0,0,600
5,135891,Uttar Pradesh,"KGMU, Lucknow",PHARMACOLOGY,AIQ,SC,"54,700",109955,2,"40,00,000",4500
5,136018,Assam,"Gauhati Med Coll, Guwahati",FORENSIC MEDICINE,AIQ,OBC,"17,900","55,200",2,"20,00,000",2185
5,136180,Delhi,"Base Hospital, Delhi Cantt",DNBDERMATOLOGY,AFMS-DNB,GEN,125000,131976,5,"57,50,000",-
5,136512,Madhya Pradesh,"Govt Med Coll, Ratlam",ANATOMY,AIQ,GEN,"1,01,500",75444,1,1000000,300
5,137320,Dadra and Nagar Haveli,"NAMO MERI Govt MedColl,Silvassa",SPM,AIQ,SC,"5,75,000",50000,3,5000000,650
5,138991,Jharkhand,"Rajendra IMS, Ranchi",PATHOLOGY,AIQ,ST,1500,"1,00,770",3,"30,00,000",1754
5,139058,West Bengal,Burdwan Medical College,FORENSIC MEDICINE,AIQ,GEN,"12,000",49884,3,"30,00,000",1099
5,139515,Maharashtra,"BVDU, Sangli",MICROBIOLOGY,MNG,GEN,"10,00,000","76,000",1,"12,00,000",853
5,140734,Uttar Pradesh,"Santosh Med Coll, Ghaziabad",ANATOMY,MNG,GEN,"75,000",56010,0,0,800
5,140784,Andhra Pradesh,"Rajiv Gandhi IMS, Ongole",PHYSIOLOGY,AIQ,GEN,"48,600",60823,0,0,500
5,141410,Madhya Pradesh,"Gaja Raja Med Coll, Gwalior",PHYSIOLOGY,AIQ,GEN,"1,01,500",75444,1,1000000,1100
5,141679,West Bengal,Midnapore Medical College,FORENSIC MEDICINE,AIQ,GEN,"12,000",49884,3,"30,00,000",1051
5,141788,Tripura,"Agartala Med Coll, Agartala",FORENSIC MEDICINE,AIQ,GEN,"1,50,000","55,200",1,"35,00,000",580
5,142438,Karnataka,"Shri Atal Bihari Vajpayee, BLR",BIOCHEMISTRY,AIQ,OBC,"41,650",56250,3,"50,00,000",956
5,143208,Maharashtra,"DY Patil, Pimpri, Pune",GENERAL MEDICINE,NRI,GEN,"1,08,55,000","76,629",1,0,2011
5,143349,Maharashtra,"Rural Med Coll, LONI",PHARMACOLOGY,MNG,GEN,"6,70,000","64,559",0,0,1275
5,143617,Uttar Pradesh,"JNMC (AMU), Aligarh",ANATOMY,AIQ,SC,38000,"1,08,000",0,0,1269
5,145659,Kerala,"Govt Med Coll, Thrissur",PHYSIOLOGY,AIQ,OBC,"69,470",57876,1,"50,00,000",1400
5,145949,Maharashtra,"BVDU, Sangli",PAEDIATRICS,NRI,GEN,"87,46,000","76,000",1,"12,00,000",853
5,145986,Karnataka,"Bidar IMS, Bidar",BIOCHEMISTRY,AIQ,GEN,"41,650",56250,3,"50,00,000",500
5,146240,Gujarat,"Govt Med Coll, Surat",DCP,AIQ,ST,"20,000","75,600",1,"40,00,000",1150
5,147358,Haryana,"MMIMS, Mullana, Ambala",RADIO DIAGNOSIS,NRI,GEN,"1,00,20,000",56100,1,1000000,940
5,147363,Karnataka,"Belagavi IMS, Belagavi",MICROBIOLOGY,AIQ,OBC,"69,150",56250,3,"50,00,000",1000
5,148168,Andhra Pradesh,"Kurnool Med Coll, Kurnool",PHYSIOLOGY,AIQ,GEN,"48,600",60823,0,0,1150
5,148214,Telangana,"Govt Med Coll, Suryapet",BIOCHEMISTRY,AIQ,GEN,"25,000",58289,1,2000000,580
5,148799,Kerala,"TD Med Coll, Allepey",FORENSIC MEDICINE,AIQ,EWS,"69,470",57876,1,"50,00,000",1050
5,148946,Maharashtra,"MPGIMER, Nashik",MICROBIOLOGY,AIQ,SC,"1,43,300",92522,1,5000000,-
5,149930,Assam,"Gauhati Med Coll, Guwahati",DFM,AIQ,SC,"17,900","55,200",2,"15,00,000",2185
5,151102,Karnataka,"Koppal Inst of MS, Koppal",BIOCHEMISTRY,AIQ,GEN,"41,650",56250,3,"50,00,000",Info Not Available
5,151522,Kerala,"Govt of Med Sci, Pariyaram",PHYSIOLOGY,AIQ,GEN,"69,470",57876,1,"50,00,000",1752
5,151718,Karnataka,"Kasturba Med Coll, Manipal",PHARMACOLOGY,MNG,GEN,"12,10,000","45,000",0,0,2032
5,152073,Maharashtra,"SRTT, Ambajogai",BIOCHEMISTRY,AIQ,GEN,"1,43,300",92522,1,5000000,518
5,152245,Andhra Pradesh,"Andhra Med Coll, Vizag",MICROBIOLOGY,AIQ,ST,"48,600",60823,0,0,1030
5,152764,Maharashtra,"BVDU, Pune",GENERAL MEDICINE,NRI,GEN,"1,06,09,000","76,000",1,"12,00,000",856
5,153378,West Bengal,Calcutta National Med Coll,PHYSIOLOGY,AIQ,GEN,"12,000",49884,3,"30,00,000",1470
5,153495,Assam,"Assam Med Coll, Dibrugarh",ANATOMY,AIQ,GEN,"17,900","55,200",2,"20,00,000",1365
5,154748,Madhya Pradesh,"Govt Med Coll, Datia",PHYSIOLOGY,AIQ,GEN,"1,01,500",75444,1,1000000,540
5,154961,Telangana,"Govt Med Coll, Nalgonda",BIOCHEMISTRY,AIQ,OBC,"25,000",58289,1,2000000,580
5,155212,Telangana,"Rajiv Gandhi IMS, Adilabad",BIOCHEMISTRY,AIQ,GEN,"25,000",58289,1,2000000,Info Not Available
5,156332,Madhya Pradesh,"Gandhi Med Coll, Bhopal",BIOCHEMISTRY,AIQ,SC,"1,01,500",75444,1,1000000,1135
5,157271,Uttar Pradesh,"Auton. State Med Coll, Deoria",ANATOMY,AIQ,GEN,40000,"1,00,980",2,"40,00,000",340
5,159337,Madhya Pradesh,"NSC Bose Med Coll, Jabalpur",PHYSIOLOGY,AIQ,GEN,"1,01,500",75444,1,1000000,1150
5,159448,Gujarat,"GMERS MedColl Hosp,Mehsana",DNBMICROBIOLOGY,DNB Post MBBS,OBC,125000,"1,00,800",0,0,Info Not Available
5,159632,Madhya Pradesh,"Gandhi Med Coll, Bhopal",ANATOMY,AIQ,GEN,"1,01,500",75444,1,1000000,1135
5,159771,West Bengal,"RG Kar Med Coll, Kolkata",PHYSIOLOGY,AIQ,GEN,"12,000",49884,3,"30,00,000",1663
5,160607,Tamil Nadu,"Meenakshi Med Coll, Enathur",PHYSIOLOGY,MNG,GEN,"1,00,000",#N/A,0,0,1110
5,160799,West Bengal,Burdwan Medical College,FORENSIC MEDICINE,AIQ,OBC,"12,000",49884,3,"30,00,000",1099
5,160826,Maharashtra,"BVDU, Pune",GENERAL MEDICINE,NRI,GEN,"1,06,09,000","76,000",1,"12,00,000",856
5,161043,Bihar,"Darbhanga, Lehriasarai",DA,AIQ,ST,"9,000",82000,3,"25,00,000",1030
5,161073,Bihar,"Patna Med Coll, Patna",DMICRO,AIQ,GEN,"9,000",82000,3,"25,00,000",1748
5,161473,Jammu and Kashmir,"Govt Med Coll, Srinagar",SPM,AIQ,SC,"35,750",59500,0,0,2150
5,161567,Madhya Pradesh,"Govt Med Coll, Datia",PHYSIOLOGY,AIQ,GEN,"1,01,500",75444,1,1000000,540
5,162802,Haryana,"BPS Govt Med Coll, Sonepat",ANATOMY,AIQ,OBC,"1,25,000","1,00,980",0,0,506
5,162950,Madhya Pradesh,"Bundelkhand Med Coll, Sagar",PHYSIOLOGY,AIQ,GEN,"1,01,500",75444,1,1000000,750
5,163490,Uttar Pradesh,"S N Med Coll, Agra",ANATOMY,AIQ,GEN,40000,"1,00,980",2,"40,00,000",976
5,163882,Rajasthan,"Govt Med Coll, Churu",SPM,AIQ,SC,"12,812","82,800",2,"25,00,000",-
5,164592,West Bengal,"College of Med & JNM, Kalyani",ANATOMY,AIQ,GEN,"12,000",49884,3,"30,00,000",450
5,164824,Karnataka,"Koppal Inst of MS, Koppal",BIOCHEMISTRY,AIQ,GEN,"41,650",56250,3,"50,00,000",Info Not Available
5,165459,Tamil Nadu,Govt Thoothukudi Med Coll,GENERAL MEDICINE,AIQ,GEN-PwD,"50,000","52,451",2,"40,00,000",1212
5,165672,Madhya Pradesh,"SSMC, Rewa",FORENSIC MEDICINE,AIQ,SC,"1,01,500",75444,1,1000000,1140
5,165776,Karnataka,"Kasturba Med Coll, Mangalore",MICROBIOLOGY,MNG,GEN,"14,10,000","45,000",0,0,1290
5,165960,Uttar Pradesh,"Auton. State Med Coll, Ayodhya",ANATOMY,AIQ,OBC,40000,"1,00,980",2,"40,00,000",-
5,166414,Tamil Nadu,"ACS Med Coll, Chennai",FORENSIC MEDICINE,MNG,GEN,"5,00,000","20,000",0,0,1050
5,166609,Rajasthan,"Jhalawar Med Coll, Jhalawar",MICROBIOLOGY,AIQ,ST,"88,265","82,800",2,"25,00,000",Info Not Available
5,167675,Bihar,"Patna Med Coll, Patna",ANATOMY,AIQ,GEN,"9,000",82000,3,"25,00,000",1748
5,168143,Maharashtra,"Govt Med Coll, Gondia",PHYSIOLOGY,AIQ,GEN,"1,43,300",92522,1,5000000,500
5,168571,West Bengal,Burdwan Medical College,BIOCHEMISTRY,AIQ,OBC,"12,000",49884,3,"30,00,000",1099
5,168573,West Bengal,Murshidabad Med Coll,BIOCHEMISTRY,AIQ,OBC,"12,000",49884,3,"30,00,000",1208
5,168706,West Bengal,"NBMC, Darjeeling",SPM,AIQ,SC,"12,000",49884,3,"30,00,000",843
5,170752,Rajasthan,"SP Med Coll, Bikaner",ANATOMY,AIQ,OBC,"12,812","82,800",2,"25,00,000",Info Not Available
5,171464,Karnataka,"Belagavi IMS, Belagavi",FORENSIC MEDICINE,AIQ,SC,"69,150",56250,3,"50,00,000",1000
5,171629,Madhya Pradesh,"SSMC, Rewa",PHYSIOLOGY,AIQ,GEN,"1,01,500",75444,1,1000000,1140
5,172002,Uttar Pradesh,"Dr RML IMS, Lucknow",ANATOMY,AIQ,OBC,"37,500",108672,2,"40,00,000",Info Not Available
5,172570,Madhya Pradesh,"Gandhi Med Coll, Bhopal",PHYSIOLOGY,AIQ,OBC,"1,01,500",75444,1,1000000,1135
5,172972,Uttar Pradesh,"Govt Med Coll, Kannauj",ANATOMY,AIQ,GEN,40000,"1,00,980",2,"40,00,000",470
5,173305,Karnataka,Kodagu Inst of Med Sciences,FORENSIC MEDICINE,AIQ,SC,"69,150",56250,3,"50,00,000",600
5,173370,Punjab,"Guru Govind Singh, Faridkot",PHYSIOLOGY,AIQ,GEN,"1,00,000","67,968",1,"10,00,000",1000
5,174673,Jharkhand,"Rajendra IMS, Ranchi",MICROBIOLOGY,AIQ,ST,1500,"1,00,770",3,"30,00,000",1754
5,175290,Jammu and Kashmir,"Assoc Hosp Govt MC, Kathua",DNBPHARMACOLOGY,DNB Post MBBS,OBC,125000,"59,500",0,0,564
5,175773,Maharashtra,"VMMC, Solapur",PHYSIOLOGY,AIQ,OBC,"1,43,300",92522,1,5000000,763
5,176311,Madhya Pradesh,"SSMC, Rewa",PHYSIOLOGY,AIQ,GEN,"1,01,500",75444,1,1000000,1140
5,176441,West Bengal,"Medical College, Kolkata",FORENSIC MEDICINE,AIQ,OBC,"12,000",49884,3,"30,00,000",2668
5,177061,Uttar Pradesh,"Govt IMS, Kasna",ANATOMY,AIQ,OBC,40000,"1,00,980",2,"40,00,000",500
5,177163,Telangana,"Osmania Med Coll, Hyderabad",DPH,AIQ,SC,"25,000",58289,1,1000000,4800
5,178058,Maharashtra,"MGM Med Coll, Aurangabad",ANATOMY,MNG,GEN,"1,00,000",88000,1,2500000,700
5,179033,Tamil Nadu,"SRMC & RI, Chennai",PHYSIOLOGY,MNG,GEN,"6,00,000",48000,0,0,1800
5,179039,Madhya Pradesh,"MGM Med Coll, Indore",PHYSIOLOGY,AIQ,OBC,"1,01,500",75444,1,1000000,1300
5,179738,Uttar Pradesh,"Govt Med Coll, Firozobad",ANATOMY,AIQ,OBC,40000,"1,00,980",2,"40,00,000",517
5,179906,Rajasthan,"Jhalawar Med Coll, Jhalawar",ANATOMY,AIQ,GEN,"88,265","82,800",2,"25,00,000",Info Not Available
5,180130,Karnataka,"Hassan IMS, Hassan",ANATOMY,AIQ,GEN,"41,650",56250,3,"50,00,000",Info Not Available
5,180662,Bihar,"ESIC MC & Hosp Bihta, Patna",DNBBIOCHEMISTRY,DNB Post MBBS,GEN,125000,70000,1,"7,50,000",330
5,181037,Andhra Pradesh,"Andhra Med Coll, Vizag",PHYSIOLOGY,AIQ,SC,"48,600",60823,0,0,1030
5,181627,Bihar,"ESIC MC & Hosp Bihta, Patna",DNBPHYSIOLOGY,DNB Post MBBS,GEN,125000,70000,1,"7,50,000",330
5,181951,Uttar Pradesh,"Govt Med Coll, Kannauj",ANATOMY,AIQ,OBC,40000,"1,00,980",2,"40,00,000",470
5,182039,Tamil Nadu,"SRM Med Coll, Kancheepuram",ANATOMY,MNG,GEN,0,50923,0,0,1590
5,182049,Karnataka,"Bidar IMS, Bidar",PHYSIOLOGY,AIQ,GEN,"41,650",56250,3,"50,00,000",500
5,182069,Delhi,"Hamdard Institute, Delhi",PHARMACOLOGY,MNG,GEN,"10,50,000",80000,0,0,710
5,182081,Odisha,"VIMSAR, Burla",PHYSIOLOGY,AIQ,GEN,"38,500","88,686",2,"66,30,000",1071
5,182229,Haryana,"Kalpana Chawala Govt MC,Karnal",ANATOMY,AIQ,GEN,"1,25,000","1,00,980",0,0,500
5,183125,Tamil Nadu,"SRMC & RI, Chennai",ANATOMY,MNG,GEN,"6,00,000",48000,0,0,1800
5,183550,Maharashtra,"BVDU, Pune",MICROBIOLOGY,MNG,GEN,"10,00,000","76,000",1,"12,00,000",856
5,184189,Madhya Pradesh,"Govt Med Coll, Khandwa",PHYSIOLOGY,AIQ,GEN,"1,01,500",75444,1,1000000,-
5,184823,Tamil Nadu,Coimbatore Med Coll,MICROBIOLOGY,AIQ,EWS,"50,000","52,451",2,"40,00,000",1182
5,185614,Bihar,"Jawaharlal Nehru, Bhagalpur",ANATOMY,AIQ,GEN,"9,000",82000,3,"25,00,000",800
5,186514,Odisha,"Kalinga IMS, Bhubaneswar",PHARMACOLOGY,MNG,GEN,"7,50,000",70000,0,0,1750
5,186933,West Bengal,"NBMC, Darjeeling",ANATOMY,AIQ,GEN,"12,000",49884,3,"30,00,000",843
5,187064,Telangana,"Govt Med Coll, Mahabubnagar",ANATOMY,AIQ,GEN,"25,000",58289,1,2000000,900
5,187123,Tamil Nadu,"SRM Med Coll, Kancheepuram",ANATOMY,MNG,GEN,0,50923,0,0,1590
5,187162,Assam,"Assam Med Coll, Dibrugarh",PHYSIOLOGY,AIQ,GEN,"17,900","55,200",2,"20,00,000",1365
5,187652,Karnataka,"Gadag IMS, Gadag",PHYSIOLOGY,AIQ,GEN,"41,650",56250,3,"50,00,000",Info Not Available
5,187779,Tamil Nadu,"Vinayaka Missions, Salem",BIOCHEMISTRY,MNG,GEN,"2,68,000",0,0,0,560
5,187877,Maharashtra,"Rural Med Coll, LONI",FORENSIC MEDICINE,MNG,GEN,"6,70,000","64,559",0,0,1275
5,187888,Assam,"Silchar Med Coll, Silchar",PHYSIOLOGY,AIQ,GEN,"17,900","55,200",2,"20,00,000",1256
5,188490,Karnataka,"Hassan IMS, Hassan",PHYSIOLOGY,AIQ,OBC,"41,650",56250,3,"50,00,000",Info Not Available
5,188740,Tamil Nadu,"Sree Balaji Med Coll, Chennai",BIOCHEMISTRY,MNG,GEN,"1,00,000","25,000",0,0,1250
5,188796,Karnataka,"Kasturba Med Coll, Mangalore",BIOCHEMISTRY,MNG,GEN,"4,95,000","45,000",0,0,1290
5,188962,Maharashtra,"JN Med College, Meghe, Wardha",PHARMACOLOGY,MNG,GEN,"3,75,000","66,829",1,500000,2150
5,189026,Himachal Pradesh,"LalBahShastri Govt Med, Mandi",MICROBIOLOGY,AIQ,SC,"39,000","40,000",3,"40,00,000",500
5,189447,Karnataka,Karwar Inst of Med Sciences,ANATOMY,AIQ,GEN,"41,650",56250,3,"50,00,000",650
5,189943,Madhya Pradesh,"Gaja Raja Med Coll, Gwalior",ANATOMY,AIQ,GEN,"1,01,500",75444,1,1000000,1100
5,190001,Karnataka,"Rajeshwari, Bangalore",FORENSIC MEDICINE,MNG,GEN,"6,00,000","25,000",0,0,1460
5,190274,Punjab,"Govt Med Coll, Amritsar",ANATOMY,AIQ,GEN,"1,00,000","67,968",1,"10,00,000",951
5,190488,Madhya Pradesh,"MGM Med Coll, Indore",ANATOMY,AIQ,GEN,"1,01,500",75444,1,1000000,1300
5,190732,Rajasthan,"Govt Med Coll, Bharatpur",SPM,AIQ,ST,"12,812","82,800",2,"25,00,000",-
5,190748,Karnataka,"JSS Med Coll, Mysore",PHYSIOLOGY,MNG,GEN,"10,000","45,000",0,0,2060
5,191006,Chhattisgarh,"Govt Med Coll, Ambikapur",PHYSIOLOGY,AIQ,GEN,"20,000",67500,2,"50,00,000",785
5,191014,Kerala,"Amrita School of Med, Kochi",PHYSIOLOGY,MNG,GEN,"6,00,000",43000,0,0,1110
5,191286,Himachal Pradesh,"IGMC, Shimla",ANATOMY,AIQ,GEN,"39,000","40,000",3,"40,00,000",1031
5,191389,Odisha,"MKCG, Berhampur",ANATOMY,AIQ,GEN,"38,500","88,686",2,"66,30,000",1140
5,191920,Andhra Pradesh,"ACSR Medical College, Nellore",ANATOMY,AIQ,GEN,"48,600",60823,0,0,355
5,191942,Tripura,"Agartala Med Coll, Agartala",ANATOMY,AIQ,GEN,"1,50,000","55,200",1,"35,00,000",580
5,192607,West Bengal,Bankura Sammilani Med Coll,PHYSIOLOGY,AIQ,OBC,"12,000",49884,3,"30,00,000",1441
5,192949,Telangana,"Rajiv Gandhi IMS, Adilabad",ANATOMY,AIQ,GEN,"25,000",58289,1,2000000,Info Not Available
5,192958,Karnataka,"Kasturba Med Coll, Mangalore",PHYSIOLOGY,MNG,GEN,"4,95,000","45,000",0,0,1290
5,193220,Punjab,"Govt Med Coll, Patiala",ANATOMY,AIQ,GEN,"1,00,000","67,968",1,"10,00,000",1130
5,193246,Kerala,"TD Med Coll, Allepey",BIOCHEMISTRY,AIQ,SC,"69,470",57876,1,"50,00,000",1050
5,194087,Tamil Nadu,"ACS Med Coll, Chennai",ANATOMY,MNG,GEN,"5,00,000","20,000",0,0,1050
5,194250,Madhya Pradesh,"Atal Bihari Vajpayee, Vidisha",SPM,AIQ,ST,"1,01,500",75444,1,1000000,300
5,194251,Jammu and Kashmir,"Gove Med Coll, Jammu",ANATOMY,AIQ,OBC,"25,000",59500,0,0,1700
5,194313,Maharashtra,"Govt Med Coll, Gondia",ANATOMY,AIQ,GEN,"1,43,300",92522,1,5000000,500
5,194456,Karnataka,"Belagavi IMS, Belagavi",ANATOMY,AIQ,GEN,"41,650",56250,3,"50,00,000",1000
5,194491,Madhya Pradesh,"NSC Bose Med Coll, Jabalpur",ANATOMY,AIQ,GEN,"1,01,500",75444,1,1000000,1150
5,194559,Madhya Pradesh,"SSMC, Rewa",ANATOMY,AIQ,GEN,"1,01,500",75444,1,1000000,1140
5,194763,Karnataka,"Koppal Inst of MS, Koppal",ANATOMY,AIQ,GEN,"41,650",56250,3,"50,00,000",Info Not Available
5,194771,Uttar Pradesh,"Govt Allopathic Med Coll,Banda",ANATOMY,AIQ,OBC,40000,"1,00,980",2,"40,00,000",430
5,194878,Maharashtra,"Shri VR Naik Govt, Yavatmal",ANATOMY,AIQ,GEN,"1,43,300",92522,1,5000000,756
5,194900,Odisha,"Kalinga IMS, Bhubaneswar",ANATOMY,MNG,GEN,"7,50,000",70000,0,0,1750
5,195095,Tamil Nadu,"Chettinad Hosp&RI,Kanchipuram",ANATOMY,MNG,GEN,"3,00,000",48000,0,0,1180
5,195123,Gujarat,"SBKS, Vadodara",ANATOMY,MNG,GEN,0,"1,00,800",2,"5,00,000",1340
5,195426,Chhattisgarh,"Lakhi Ram Agrawal, Raigarh",PHYSIOLOGY,AIQ,OBC,"20,000",67500,2,"50,00,000",650
5,195463,Madhya Pradesh,"Gaja Raja Med Coll, Gwalior",ANATOMY,AIQ,OBC,"1,01,500",75444,1,1000000,1100
5,195548,Assam,"Fakhruddin Ali Ahmed, Barpeta",BIOCHEMISTRY,AIQ,SC,"17,900","55,200",2,"20,00,000",470
5,195921,Maharashtra,"BVDU, Sangli",BIOCHEMISTRY,MNG,GEN,"10,00,000","76,000",1,"12,00,000",853
5,196412,Bihar,"AN Magadh, Gaya",PHYSIOLOGY,AIQ,SC,"9,000",82000,3,"25,00,000",425
5,196442,Madhya Pradesh,"Govt Med Coll, Datia",SPM,AIQ,ST,"1,01,500",75444,1,1000000,540
5,196546,Tamil Nadu,"Sree Balaji Med Coll, Chennai",PHYSIOLOGY,MNG,GEN,"1,00,000","25,000",0,0,1250
5,196547,Delhi,"Hamdard Institute, Delhi",MICROBIOLOGY,MM,GEN,"12,00,000",80000,0,0,710
5,196794,Tamil Nadu,"SRMC & RI, Chennai",PHYSIOLOGY,MNG,GEN,"6,00,000",48000,0,0,1800
5,196854,Uttar Pradesh,"Shaik-ul-Hind, Saharanpur",PHARMACOLOGY,AIQ,ST,40000,"1,00,980",2,"40,00,000",500
5,196891,Uttar Pradesh,"Govt Med Coll, Firozobad",ANATOMY,AIQ,SC,40000,"1,00,980",2,"40,00,000",517
5,196912,Odisha,"Kalinga IMS, Bhubaneswar",PHARMACOLOGY,MNG,GEN,"7,50,000",70000,0,0,1750
5,196973,Karnataka,"Kasturba Med Coll, Mangalore",PHYSIOLOGY,MNG,GEN,"4,95,000","45,000",0,0,1290
5,197010,Maharashtra,"AFMC, Pune",FORENSIC MEDICINE,AFMS,GEN,"1,43,500",91282,5,"57,50,000",1082
5,197053,Madhya Pradesh,"Atal Bihari Vajpayee, Vidisha",PHYSIOLOGY,AIQ,OBC,"1,01,500",75444,1,1000000,300
5,197055,Chhattisgarh,"Govt Med Coll, Ambikapur",ANATOMY,AIQ,GEN,"20,000",67500,2,"50,00,000",785
5,197477,Chhattisgarh,"Lakhi Ram Agrawal, Raigarh",ANATOMY,AIQ,GEN,"20,000",67500,2,"50,00,000",650
5,197562,Maharashtra,"MGM Med Coll, Aurangabad",ANATOMY,MNG,GEN,"1,00,000",88000,1,2500000,700
5,197679,Karnataka,"JSS Med Coll, Mysore",PHYSIOLOGY,MNG,GEN,"10,000","45,000",0,0,2060
5,197981,Maharashtra,"DY Patil, Navi Mumbai",FORENSIC MEDICINE,MNG,GEN,"8,50,000",76629,1,1000000,1662
5,197983,Karnataka,"Rajeshwari, Bangalore",FORENSIC MEDICINE,MNG,GEN,"6,00,000","25,000",0,0,1460
5,197997,West Bengal,"School of Tropical Med,Kolkata",DCP,AIQ,EWS,"12,000",49884,2,"20,00,000",173
5,198012,Madhya Pradesh,"Govt Med Coll, Datia",BIOCHEMISTRY,AIQ,SC,"1,01,500",75444,1,1000000,540
5,198089,Madhya Pradesh,"Gandhi Med Coll, Bhopal",PHYSIOLOGY,AIQ,SC,"1,01,500",75444,1,1000000,1135
5,198090,Tamil Nadu,"ACS Med Coll, Chennai",BIOCHEMISTRY,MNG,GEN,"5,00,000","20,000",0,0,1050
5,198365,Madhya Pradesh,"Gandhi Med Coll, Bhopal",ANATOMY,AIQ,OBC,"1,01,500",75444,1,1000000,1135
5,198393,Karnataka,"Koppal Inst of MS, Koppal",ANATOMY,AIQ,GEN,"41,650",56250,3,"50,00,000",Info Not Available
5,198855,Tamil Nadu,"Saveetha, Kanchipuram",PHYSIOLOGY,MNG,GEN,"50,000","35,000",0,0,1250
5,198892,Odisha,"Kalinga IMS, Bhubaneswar",PHYSIOLOGY,MNG,GEN,"7,50,000",70000,0,0,1750
5,199069,Pondicherry,"Aarupadai Veedu, Pondicherry",ANATOMY,MNG,GEN,0,0,0,0,584
5,199335,West Bengal,Murshidabad Med Coll,BIOCHEMISTRY,AIQ,SC,"12,000",49884,3,"30,00,000",1208
5,199387,West Bengal,Burdwan Medical College,ANATOMY,AIQ,OBC,"12,000",49884,3,"30,00,000",1099
5,199755,Tamil Nadu,"Sree Balaji Med Coll, Chennai",PHYSIOLOGY,MNG,GEN,"1,00,000","25,000",0,0,1250
5,199804,Gujarat,"SBKS, Vadodara",ANATOMY,MNG,GEN,0,"1,00,800",2,"5,00,000",1340
5,200414,Maharashtra,"JN Med College, Meghe, Wardha",BIOCHEMISTRY,MNG,GEN,"3,75,000","66,829",1,500000,2150
5,200459,Andhra Pradesh,"Guntur Med Coll, Guntur",ANATOMY,AIQ,SC,"48,600",60823,0,0,1170
5,200852,Karnataka,"Koppal Inst of MS, Koppal",PHYSIOLOGY,AIQ,OBC,"41,650",56250,3,"50,00,000",Info Not Available
5,201031,Maharashtra,"Seth GS, Mumbai",ANATOMY,AIQ,OBC,"1,43,300",92522,1,5000000,2250
5,201079,Tamil Nadu,"ACS Med Coll, Chennai",BIOCHEMISTRY,MNG,GEN,"5,00,000","20,000",0,0,1050
5,201089,Tamil Nadu,"ACS Med Coll, Chennai",PHYSIOLOGY,MNG,GEN,"5,00,000","20,000",0,0,1050
5,201304,Tamil Nadu,"ACS Med Coll, Chennai",PHYSIOLOGY,MNG,GEN,"5,00,000","20,000",0,0,1050
5,201567,Uttar Pradesh,"BRD Med Coll, Gorakhpur",ANATOMY,AIQ,SC,40000,"1,00,980",2,"40,00,000",1050
5,201783,Odisha,"MKCG, Berhampur",PHARMACOLOGY,AIQ,ST,"38,500","88,686",2,"66,30,000",1140
5,201852,Tamil Nadu,"Sree Balaji Med Coll, Chennai",PHYSIOLOGY,MNG,GEN,"1,00,000","25,000",0,0,1250
5,201929,Karnataka,"JSS Med Coll, Mysore",ANATOMY,MNG,GEN,"10,000","45,000",0,0,2060
5,201979,Karnataka,"Shri BM Patil, Vijayapura",BIOCHEMISTRY,MNG,GEN,"55,000","45,000",0,0,1130
5,202107,Delhi,"Hamdard Institute, Delhi",BIOCHEMISTRY,MNG,GEN,"10,50,000",80000,0,0,710
5,202215,Pondicherry,"MGMC & RI, Pondicherry",PHYSIOLOGY,MNG,GEN,"1,00,000",0,0,0,1380
5,202367,Maharashtra,"JN Med College, Meghe, Wardha",PHYSIOLOGY,MNG,GEN,"3,75,000","66,829",1,500000,2150
5,202432,Chhattisgarh,"Govt Med Coll, Ambikapur",ANATOMY,AIQ,GEN,"20,000",67500,2,"50,00,000",785
5,202588,Pondicherry,"MGMC & RI, Pondicherry",ANATOMY,MNG,GEN,"1,00,000",0,0,0,1380
5,202787,Chhattisgarh,"Lakhi Ram Agrawal, Raigarh",ANATOMY,AIQ,OBC,"20,000",67500,2,"50,00,000",650
5,202867,Tripura,"Agartala Med Coll, Agartala",ANATOMY,AIQ,OBC,"1,50,000","55,200",1,"35,00,000",580
5,203220,Assam,"Gauhati Med Coll, Guwahati",BIOCHEMISTRY,AIQ,EWS,"17,900","55,200",2,"20,00,000",2185
5,203845,Maharashtra,"BVDU, Sangli",PHYSIOLOGY,MNG,GEN,"10,00,000","76,000",1,"12,00,000",853
5,204416,Jammu and Kashmir,"Govt Med Coll, Srinagar",PHYSIOLOGY,AIQ,OBC,"35,750",59500,0,0,2150
5,204520,Karnataka,"Raichur IMS, Raichur",ANATOMY,AIQ,GEN,"41,650",56250,3,"50,00,000",500
5,204590,Tamil Nadu,"ACS Med Coll, Chennai",BIOCHEMISTRY,MNG,GEN,"5,00,000","20,000",0,0,1050
5,204695,Maharashtra,"MGM Med Coll, Navi Mumbai",ANATOMY,MNG,GEN,"1,00,000",88000,1,2500000,1740
5,204904,Karnataka,"SDU Med Coll, Kolar",PHYSIOLOGY,MNG,GEN,0,"45,000",1,"22,00,000",1100
5,205375,Delhi,"Lady Hardinge, Delhi",BIOCHEMISTRY,DU,GEN,"57,600","1,26,927",0,0,877