Quota,Category,State,Institute,Course,Fee,Stipend Year 1,Bond Years,Bond Penalty,Beds,CR 2023 1,CR 2023 2,CR 2023 3,CR 2023 4,CR 2023 5,CR 2023 6,CR 2023 7,CR 2024 1,CR 2024 2,CR 2024 3,CR 2024 4
APMgmt-S1-All-CatB,S1A,Andhra Pradesh,"Alluri Sitaram Raju, Eluru",RADIO DIAGNOSIS,"₹9,93,600*","₹30,000*",1*,Info not available*,1200,3(1),9(1),-,-,-,-,-,11(1),26(1),33(1),-
APMgmt-S1B-LOC-CatB,S1B,Andhra Pradesh,"Narayana Med Coll, Nellore",RADIO DIAGNOSIS,"₹9,93,600*","₹40,000*",1*,Info not available*,1430,16(3),68(3),-,-,-,-,-,14(3),60(3),107(3),-
APMgmt-S1B-LOC-CatB,S1B,Andhra Pradesh,"GVP Med Coll, Vizag",RADIO DIAGNOSIS,"₹9,93,600*","₹30,000*",1*,Info not available*,750,152(1),650(1),-,-,-,-,-,132(1),132(1),133(1),-
APMgmt-S1-All-CatB,S1A,Andhra Pradesh,"NRI Med Coll, Guntur",GENERAL MEDICINE,"₹9,93,600*","₹27,000*",1*,Info not available*,1050,8(1),29(1),-,-,-,-,-,4(1),11(1),134(1),-
APMgmt-S1B-LOC-CatB,S1B,Andhra Pradesh,"Apollo IMS&R, Chittoor",RADIO DIAGNOSIS,"₹9,93,600*","₹30,000*",1*,Info not available*,850,29(1),182(1),-,-,-,-,-,67(1),67(1),140(1),-
APMgmt-S1B-LOC-CatB,S1B,Andhra Pradesh,"Dr PSI Med Coll, Chinoutpalli",RADIO DIAGNOSIS,"₹9,93,600*","₹27,000*",1*,Info not available*,790,44(2),200(2),-,-,-,-,-,35(2),35(2),141(2),-
APMgmt-S1B-LOC-CatB,S1B,Andhra Pradesh,"Apollo IMS&R, Chittoor",GENERAL MEDICINE,"₹9,93,600*","₹30,000*",1*,Info not available*,850,85(1),94(1),-,-,-,-,-,111(1),148(1),149(1),-
APMgmt-S1-All-CatB,S1A,Andhra Pradesh,"PES IMS, Kuppam",GENERAL MEDICINE,"₹9,93,600*","₹30,000*",1*,Info not available*,975,20(1),88(1),-,-,-,-,-,23(1),78(1),153(1),-
APMgmt-S1B-LOC-CatB,S1B,Andhra Pradesh,"PES IMS, Kuppam",RADIO DIAGNOSIS,"₹9,93,600*","₹30,000*",1*,Info not available*,975,26(2),153(2),-,-,-,-,-,45(2),88(2),174(2),-
APMgmt-S1B-LOC-CatB,S1B,Andhra Pradesh,"Santhiram Med Coll, Nandyal",RADIO DIAGNOSIS,"₹9,93,600*","₹30,000*",1*,Info not available*,930,31(1),75(1),-,-,-,-,-,36(1),116(1),181(1),-
APMgmt-S1-All-CatB,S1A,Andhra Pradesh,"Narayana Med Coll, Nellore",GENERAL MEDICINE,"₹9,93,600*","₹40,000*",1*,Info not available*,1430,10(1),70(1),-,-,-,-,-,22(1),22(1),182(1),-
APMgmt-S1B-LOC-CatB,S1B,Andhra Pradesh,"NRI Med Coll, Guntur",GENERAL MEDICINE,"₹9,93,600*","₹27,000*",1*,Info not available*,1050,18(3),66(3),-,-,-,-,-,32(3),53(3),187(3),-
APMgmt-S1-All-CatB,S1A,Andhra Pradesh,"Alluri Sitaram Raju, Eluru",GENERAL MEDICINE,"₹9,93,600*","₹30,000*",1*,Info not available*,1200,15(1),141(1),-,-,-,-,-,8(1),29(1),188(1),-
APMgmt-S1-All-CatB,S1A,Andhra Pradesh,"Dr PSI Med Coll, Chinoutpalli",GENERAL MEDICINE,"₹9,93,600*","₹27,000*",1*,Info not available*,790,23(1),152(1),-,-,-,-,-,25(1),47(1),200(1),-
APMgmt-S1B-LOC-CatB,S1B,Andhra Pradesh,"Narayana Med Coll, Nellore",GENERAL MEDICINE,"₹9,93,600*","₹40,000*",1*,Info not available*,1430,65(3),143(3),-,-,-,-,-,64(3),74(3),262(3),55(2)
APMgmt-S1B-LOC-CatB,S1B,Andhra Pradesh,"Konaseema IMS, Amalapuram",DERMATOLOGY,"₹9,93,600*","₹30,000*",1*,Info not available*,840,223(1),875(1),-,-,-,-,-,162(1),263(1),265(1),-
APMgmt-S1B-LOC-CatB,S1B,Andhra Pradesh,"Dr PSI Med Coll, Chinoutpalli",GENERAL MEDICINE,"₹9,93,600*","₹27,000*",1*,Info not available*,790,99(3),202(3),-,-,-,-,-,126(3),128(3),270(3),-
APMgmt-S1B-LOC-CatB,S1B,Andhra Pradesh,"GSL Med Coll, Rajahmundry",RADIO DIAGNOSIS,"₹9,93,600*","₹30,000*",1*,Info not available*,1140,-,-,-,-,-,-,-,81(2),106(2),320(2),-
APMgmt-S1B-LOC-CatB,S1B,Andhra Pradesh,"NRI Med Coll, Guntur",PAEDIATRICS,"₹9,93,600*","₹27,000*",1*,Info not available*,1050,46(1),417(1),-,-,-,-,-,80(1),80(1),322(1),-
APMgmt-S1B-LOC-CatB,S1B,Andhra Pradesh,"PES IMS, Kuppam",GENERAL MEDICINE,"₹9,93,600*","₹30,000*",1*,Info not available*,975,83(3),121(3),-,-,-,-,-,133(3),143(3),327(3),-
APMgmt-S1-All-CatB,S1A,Andhra Pradesh,"GSL Med Coll, Rajahmundry",GENERAL MEDICINE,"₹9,93,600*","₹30,000*",1*,Info not available*,1140,25(1),242(1),-,-,-,-,-,18(1),18(1),331(1),-
APMgmt-S1B-LOC-CatB,S1B,Andhra Pradesh,"Narayana Med Coll, Nellore",OBG,"₹9,93,600*","₹40,000*",1*,Info not available*,1430,222(3),998(3),-,-,-,-,-,177(1),224(1),336(1),-
APMgmt-S1B-LOC-CatB,S1B,Andhra Pradesh,"NRI Med Coll, Guntur",OBG,"₹9,93,600*","₹27,000*",1*,Info not available*,1050,81(1),347(1),-,-,-,-,-,193(1),193(1),356(1),-
APMgmt-S1-All-CatB,S1A,Andhra Pradesh,"Konaseema IMS, Amalapuram",GENERAL MEDICINE,"₹9,93,600*","₹30,000*",1*,Info not available*,840,42(1),303(1),-,-,-,-,-,26(1),59(1),373(1),81(1)
APMgmt-S1B-LOC-CatB,S1B,Andhra Pradesh,"Alluri Sitaram Raju, Eluru",RADIO DIAGNOSIS,"₹9,93,600*","₹30,000*",1*,Info not available*,1200,48(3),163(3),-,-,-,-,-,65(3),131(3),374(3),-
APMgmt-S1-All-CatB,S1A,Andhra Pradesh,"Maharajah IMS, Vizianagaram",GENERAL MEDICINE,"₹9,93,600*",Info not available*,1*,Info not available*,850,71(1),348(1),812(1),539(1),1166(1),-,-,31(1),98(1),383(1),-
APMgmt-S1B-LOC-CatB,S1B,Andhra Pradesh,"NRI Med Coll, Guntur",DERMATOLOGY,"₹9,93,600*","₹27,000*",1*,Info not available*,1050,33(1),388(1),-,-,-,-,-,84(1),89(1),389(1),-
APMgmt-S1-All-CatB,S1A,Andhra Pradesh,"Fathima IMS,Kadapa",RADIO DIAGNOSIS,"₹9,93,600*","₹25,000*",1*,Info not available*,750,274(1),293(1),-,-,-,-,-,298(1),388(1),391(1),-
APMgmt-S1-All-CatB,S1A,Andhra Pradesh,"NRI Med Coll, Guntur",GENERAL SURGERY,"₹9,93,600*","₹27,000*",1*,Info not available*,1050,158(1),565(1),-,-,-,-,-,108(1),248(1),402(1),-
APMgmt-S1B-LOC-CatB,S1B,Andhra Pradesh,"Alluri Sitaram Raju, Eluru",GENERAL MEDICINE,"₹9,93,600*","₹30,000*",1*,Info not available*,1200,95(4),247(4),-,-,-,-,-,124(4),144(4),404(4),65(2)
APMgmt-S1B-LOC-CatB,S1B,Andhra Pradesh,"GreatEastern MedSch,Srikakulam",GENERAL MEDICINE,"₹9,93,600*",Info not available*,1*,Info not available*,780,90(3),217(3),-,-,-,-,-,158(3),183(3),408(3),-
APMgmt-S1B-LOC-CatB,S1B,Andhra Pradesh,"Santhiram Med Coll, Nandyal",DERMATOLOGY,"₹9,93,600*","₹30,000*",1*,Info not available*,930,28(1),511(1),-,-,-,-,-,66(1),66(1),433(1),-
APMgmt-S1B-LOC-CatB,S1B,Andhra Pradesh,"Alluri Sitaram Raju, Eluru",DERMATOLOGY,"₹9,93,600*","₹30,000*",1*,Info not available*,1200,179(1),808(1),-,-,-,-,-,109(1),99(1),436(1),-
APMgmt-S1B-LOC-CatB,S1B,Andhra Pradesh,"Narayana Med Coll, Nellore",PAEDIATRICS,"₹9,93,600*","₹40,000*",1*,Info not available*,1430,169(3),643(3),-,-,-,-,-,222(2),222(2),459(2),-
APMgmt-S1B-LOC-CatB,S1B,Andhra Pradesh,"Narayana Med Coll, Nellore",DERMATOLOGY,"₹9,93,600*","₹40,000*",1*,Info not available*,1430,37(1),138(1),-,-,-,-,-,27(1),27(1),485(1),-
APMgmt-S1B-LOC-CatB,S1B,Andhra Pradesh,"GVP Med Coll, Vizag",GENERAL MEDICINE,"₹9,93,600*","₹30,000*",1*,Info not available*,750,160(1),263(1),-,-,-,-,-,186(1),205(1),497(1),-
APMgmt-S1B-LOC-CatB,S1B,Andhra Pradesh,"GSL Med Coll, Rajahmundry",GENERAL MEDICINE,"₹9,93,600*","₹30,000*",1*,Info not available*,1140,162(5),817(5),-,-,-,-,-,150(5),160(5),512(5),68(1)
APMgmt-S1-All-CatB,S1A,Andhra Pradesh,"Alluri Sitaram Raju, Eluru",OBG,"₹9,93,600*","₹30,000*",1*,Info not available*,1200,35(1),356(1),-,-,-,-,-,147(1),149(1),520(1),-
APMgmt-S1B-LOC-CatB,S1B,Andhra Pradesh,"Dr PSI Med Coll, Chinoutpalli",PAEDIATRICS,"₹9,93,600*","₹27,000*",1*,Info not available*,790,199(1),885(1),-,-,-,-,-,310(1),256(1),521(1),-
APMgmt-S1B-LOC-CatB,S1B,Andhra Pradesh,"Santhiram Med Coll, Nandyal",GENERAL MEDICINE,"₹9,93,600*","₹30,000*",1*,Info not available*,930,120(2),267(2),-,-,-,-,-,169(1),186(1),530(1),-
APMgmt-S1B-LOC-CatB,S1B,Andhra Pradesh,"NRI Med Coll, Guntur",OPHTHALMOLOGY,"₹9,93,600*","₹27,000*",1*,Info not available*,1050,647(1),1697(1),2403(1),-,-,-,-,539(1),539(1),545(1),-
APMgmt-S1B-LOC-CatB,S1B,Andhra Pradesh,"GreatEastern MedSch,Srikakulam",RADIO DIAGNOSIS,"₹9,93,600*",Info not available*,1*,Info not available*,780,123(3),454(3),-,-,-,-,-,116(2),182(2),550(2),87(1)
APMgmt-S1B-LOC-CatB,S1B,Andhra Pradesh,"NRI Inst of Med Sci, Vizag",GENERAL MEDICINE,"₹9,93,600*","₹40,000*",1*,Info not available*,980,142(3),423(3),-,-,-,-,-,165(3),199(3),557(3),96(1)
APMgmt-S1B-LOC-CatB,S1B,Andhra Pradesh,"Konaseema IMS, Amalapuram",GENERAL MEDICINE,"₹9,93,600*","₹30,000*",1*,Info not available*,840,146(3),609(3),-,-,-,-,-,164(3),164(3),561(3),-
APMgmt-S1B-LOC-CatB,S1B,Andhra Pradesh,"GVP Med Coll, Vizag",OBG,"₹9,93,600*","₹30,000*",1*,Info not available*,750,326(1),1575(1),-,-,-,-,-,408(1),590(1),596(1),-
APMgmt-S1B-LOC-CatB,S1B,Andhra Pradesh,"NRI Inst of Med Sci, Vizag",RADIO DIAGNOSIS,"₹9,93,600*","₹40,000*",1*,Info not available*,980,67(1),391(1),-,-,-,-,-,97(1),162(1),604(1),-
APMgmt-S1B-LOC-CatB,S1B,Andhra Pradesh,"Konaseema IMS, Amalapuram",RADIO DIAGNOSIS,"₹9,93,600*","₹30,000*",1*,Info not available*,840,132(3),318(3),-,-,-,-,-,106(3),180(3),606(3),-
APMgmt-S1B-LOC-CatB,S1B,Andhra Pradesh,"Katuri Med Coll, Guntur",RADIO DIAGNOSIS,"₹9,93,600*",Info not available*,1*,Info not available*,1100,61(1),258(1),-,-,-,-,-,112(1),140(1),625(1),-
APMgmt-S1-All-CatB,S1A,Andhra Pradesh,"GSL Med Coll, Rajahmundry",PAEDIATRICS,"₹9,93,600*","₹30,000*",1*,Info not available*,1140,107(1),826(1),-,-,-,-,-,71(1),207(1),643(1),-
APMgmt-S1B-LOC-CatB,S1B,Andhra Pradesh,"GSL Med Coll, Rajahmundry",DERMATOLOGY,"₹9,93,600*","₹30,000*",1*,Info not available*,1140,130(1),931(1),-,-,-,-,-,149(1),279(1),650(1),-
APMgmt-S1-All-CatB,S1A,Andhra Pradesh,"GSL Med Coll, Rajahmundry",OBG,"₹9,93,600*","₹30,000*",1*,Info not available*,1140,161(1),589(1),-,-,-,-,-,130(1),221(1),652(1),-
APMgmt-S1B-LOC-CatB,S1B,Andhra Pradesh,"Apollo IMS&R, Chittoor",PAEDIATRICS,"₹9,93,600*","₹30,000*",1*,Info not available*,850,111(1),350(1),-,-,-,-,-,237(1),260(1),667(1),106(1)
APMgmt-S1B-LOC-CatB,S1B,Andhra Pradesh,"Maharajah IMS, Vizianagaram",RADIO DIAGNOSIS,"₹9,93,600*",Info not available*,1*,Info not available*,850,157(3),757(3),-,-,-,-,-,139(3),209(3),679(3),-
APMgmt-S1B-LOC-CatB,S1B,Andhra Pradesh,"VMC, Kurnool",GENERAL MEDICINE,"₹9,93,600*","₹30,000*",1*,Info not available*,650,186(1),889(1),1252(1),801(1),1302(1),-,-,195(1),201(1),691(1),-
APMgmt-S1B-LOC-CatB,S1B,Andhra Pradesh,"Dr PSI Med Coll, Chinoutpalli",DERMATOLOGY,"₹9,93,600*","₹27,000*",1*,Info not available*,790,167(1),180(1),-,-,-,-,-,90(1),90(1),694(1),-
APMgmt-S1B-LOC-CatB,S1B,Andhra Pradesh,"NRI Med Coll, Guntur",TBRD,"₹9,93,600*","₹27,000*",1*,Info not available*,1050,172(1),1316(1),-,-,-,-,-,412(1),345(1),703(1),-
APMgmt-S1B-LOC-CatB,S1B,Andhra Pradesh,"Katuri Med Coll, Guntur",GENERAL MEDICINE,"₹9,93,600*",Info not available*,1*,Info not available*,1100,164(3),849(2),-,-,-,-,-,172(2),231(2),710(2),-
APMgmt-S1B-LOC-CatB,S1B,Andhra Pradesh,"Maharajah IMS, Vizianagaram",GENERAL MEDICINE,"₹9,93,600*",Info not available*,1*,Info not available*,850,195(3),949(3),-,-,-,-,-,231(3),247(3),712(3),91(1)
APMgmt-S1B-LOC-CatB,S1B,Andhra Pradesh,"PES IMS, Kuppam",PAEDIATRICS,"₹9,93,600*","₹30,000*",1*,Info not available*,975,184(2),870(2),-,-,-,-,-,229(2),229(2),724(2),-
APMgmt-S1B-LOC-CatB,S1B,Andhra Pradesh,"PES IMS, Kuppam",DERMATOLOGY,"₹9,93,600*","₹30,000*",1*,Info not available*,975,128(1),210(1),-,-,-,-,-,89(1),232(1),730(1),-
APMgmt-S1B-LOC-CatB,S1B,Andhra Pradesh,"GreatEastern MedSch,Srikakulam",DERMATOLOGY,"₹9,93,600*",Info not available*,1*,Info not available*,780,234(1),972(1),-,-,-,-,-,232(1),290(1),750(1),-
APMgmt-S1B-LOC-CatB,S1B,Andhra Pradesh,"VMC, Kurnool",DERMATOLOGY,"₹9,93,600*","₹30,000*",1*,Info not available*,650,259(1),893(1),-,-,-,-,-,191(1),191(1),785(1),-
APMgmt-S1B-LOC-CatB,S1B,Andhra Pradesh,"Maharajah IMS, Vizianagaram",DERMATOLOGY,"₹9,93,600*",Info not available*,1*,Info not available*,850,193(1),946(1),-,-,-,-,-,75(1),109(1),788(1),-
APMgmt-S1B-LOC-CatB,S1B,Andhra Pradesh,"NRI Inst of Med Sci, Vizag",OBG,"₹9,93,600*","₹40,000*",1*,Info not available*,980,309(1),1303(1),-,-,-,-,-,285(1),461(1),789(1),-
APMgmt-S1B-LOC-CatB,S1B,Andhra Pradesh,"GreatEastern MedSch,Srikakulam",PAEDIATRICS,"₹9,93,600*",Info not available*,1*,Info not available*,780,185(1),907(1),-,-,-,-,-,233(1),233(1),794(1),-
APMgmt-S1B-LOC-CatB,S1B,Andhra Pradesh,"NRI Med Coll, Guntur",GENERAL SURGERY,"₹9,93,600*","₹27,000*",1*,Info not available*,1050,325(3),1487(3),-,-,-,-,-,395(3),497(3),802(3),-
APMgmt-S1B-LOC-CatB,S1B,Andhra Pradesh,"Apollo IMS&R, Chittoor",TBRD,"₹9,93,600*","₹30,000*",1*,Info not available*,850,475(1),1438(1),-,-,-,-,-,461(1),586(1),807(1),-
APMgmt-S1B-LOC-CatB,S1B,Andhra Pradesh,"Alluri Sitaram Raju, Eluru",PAEDIATRICS,"₹9,93,600*","₹30,000*",1*,Info not available*,1200,228(3),1089(3),1187(1),-,-,-,-,256(3),330(3),812(3),99(1)
APMgmt-S1B-LOC-CatB,S1B,Andhra Pradesh,"PES IMS, Kuppam",OBG,"₹9,93,600*","₹30,000*",1*,Info not available*,975,213(3),1119(3),-,-,-,-,-,254(3),254(3),816(3),-
APMgmt-S1B-LOC-CatB,S1B,Andhra Pradesh,"Apollo IMS&R, Chittoor",OBG,"₹9,93,600*","₹30,000*",1*,Info not available*,850,183(1),1386(1),-,-,-,-,-,129(1),129(1),820(1),-
APMgmt-S1B-LOC-CatB,S1B,Andhra Pradesh,"Katuri Med Coll, Guntur",DERMATOLOGY,"₹9,93,600*",Info not available*,1*,Info not available*,1100,239(1),898(1),-,-,-,-,-,219(1),310(1),828(1),-
APMgmt-S1B-LOC-CatB,S1B,Andhra Pradesh,"Apollo IMS&R, Chittoor",GENERAL SURGERY,"₹9,93,600*","₹30,000*",1*,Info not available*,850,242(1),261(1),-,-,-,-,-,421(1),364(1),830(1),-
APMgmt-S1B-LOC-CatB,S1B,Andhra Pradesh,"NRI Inst of Med Sci, Vizag",DERMATOLOGY,"₹9,93,600*","₹40,000*",1*,Info not available*,980,266(1),973(1),-,-,-,-,-,87(1),307(1),834(1),-
APMgmt-S1B-LOC-CatB,S1B,Andhra Pradesh,"GVP Med Coll, Vizag",DERMATOLOGY,"₹9,93,600*","₹30,000*",1*,Info not available*,750,250(1),269(1),-,-,-,-,-,212(1),318(1),842(1),-
APMgmt-S1B-LOC-CatB,S1B,Andhra Pradesh,"Dr PSI Med Coll, Chinoutpalli",OBG,"₹9,93,600*","₹27,000*",1*,Info not available*,790,137(2),530(2),-,-,-,-,-,374(2),334(2),872(2),126(1)
APMgmt-S1B-LOC-CatB,S1B,Andhra Pradesh,"Santhiram Med Coll, Nandyal",OBG,"₹9,93,600*","₹30,000*",1*,Info not available*,930,226(1),1403(1),-,-,-,-,-,401(1),429(1),878(1),-
APMgmt-S1-All-CatB,S1A,Andhra Pradesh,"GSL Med Coll, Rajahmundry",ORTHOPAEDICS,"₹9,93,600*","₹30,000*",1*,Info not available*,1140,458(1),1385(1),-,-,-,-,-,483(1),618(1),903(1),-
APMgmt-S1B-LOC-CatB,S1B,Andhra Pradesh,"Santhiram Med Coll, Nandyal",PAEDIATRICS,"₹9,93,600*","₹30,000*",1*,Info not available*,930,232(1),252(1),-,-,-,-,-,326(1),326(1),911(1),-
APMgmt-S1-All-CatB,S1A,Andhra Pradesh,"Fathima IMS,Kadapa",GENERAL MEDICINE,"₹9,93,600*","₹25,000*",1*,Info not available*,750,597(2),1410(2),-,-,-,-,-,396(2),396(2),931(2),-
APMgmt-S1B-LOC-CatB,S1B,Andhra Pradesh,"Konaseema IMS, Amalapuram",PAEDIATRICS,"₹9,93,600*","₹30,000*",1*,Info not available*,840,264(2),1132(2),-,-,-,-,-,331(2),353(2),932(2),-
APMgmt-S1B-LOC-CatB,S1B,Andhra Pradesh,"NRI Med Coll, Guntur",PSYCHIATRY,"₹9,93,600*","₹27,000*",1*,Info not available*,1050,1278(1),1331(1),-,-,-,-,-,1023(1),926(1),941(1),-
APMgmt-S1B-LOC-CatB,S1B,Andhra Pradesh,"VMC, Kurnool",PAEDIATRICS,"₹9,93,600*","₹30,000*",1*,Info not available*,650,233(1),1075(1),-,-,-,-,-,385(1),397(1),967(1),-
APMgmt-S1B-LOC-CatB,S1B,Andhra Pradesh,"GSL Med Coll, Rajahmundry",PAEDIATRICS,"₹9,93,600*","₹30,000*",1*,Info not available*,1140,276(4),1212(4),1255(1),-,-,-,-,337(4),389(4),969(4),166(3)
APMgmt-S1B-LOC-CatB,S1B,Andhra Pradesh,"NRI Inst of Med Sci, Vizag",PAEDIATRICS,"₹9,93,600*","₹40,000*",1*,Info not available*,980,248(1),1223(1),-,-,-,-,-,260(1),386(1),982(1),-
APMgmt-S1B-LOC-CatB,S1B,Andhra Pradesh,"GVP Med Coll, Vizag",PAEDIATRICS,"₹9,93,600*","₹30,000*",1*,Info not available*,750,284(1),1214(1),-,-,-,-,-,322(1),322(1),989(1),-
APMgmt-S1B-LOC-CatB,S1B,Andhra Pradesh,"NRI Med Coll, Guntur",ORTHOPAEDICS,"₹9,93,600*","₹27,000*",1*,Info not available*,1050,333(1),1298(1),-,-,-,-,-,715(1),715(1),991(1),-
APMgmt-S1-All-CatB,S1A,Andhra Pradesh,"Narayana Med Coll, Nellore",ORTHOPAEDICS,"₹9,93,600*","₹40,000*",1*,Info not available*,1430,316(1),1432(1),-,-,-,-,-,406(1),443(1),994(1),-
APMgmt-S1-All-CatB,S1A,Andhra Pradesh,"Narayana Med Coll, Nellore",GENERAL SURGERY,"₹9,93,600*","₹40,000*",1*,Info not available*,1430,171(1),1248(1),-,-,-,-,-,282(1),349(1),998(1),-
APMgmt-S1B-LOC-CatB,S1B,Andhra Pradesh,"Katuri Med Coll, Guntur",PAEDIATRICS,"₹9,93,600*",Info not available*,1*,Info not available*,1100,267(1),1034(1),-,-,-,-,-,368(1),400(1),1003(1),-
APMgmt-S1B-LOC-CatB,S1B,Andhra Pradesh,"Dr PSI Med Coll, Chinoutpalli",ORTHOPAEDICS,"₹9,93,600*","₹27,000*",1*,Info not available*,790,738(2),2800(2),2968(2),-,-,-,-,1207(1),1001(1),1017(1),-
APMgmt-S1B-LOC-CatB,S1B,Andhra Pradesh,"Maharajah IMS, Vizianagaram",PAEDIATRICS,"₹9,93,600*",Info not available*,1*,Info not available*,850,324(2),1251(2),-,-,-,-,-,343(1),404(1),1032(1),-
APMgmt-S1B-LOC-CatB,S1B,Andhra Pradesh,"NRI Inst of Med Sci, Vizag",OPHTHALMOLOGY,"₹9,93,600*","₹40,000*",1*,Info not available*,980,858(1),2155(1),-,-,-,-,-,1017(1),1017(1),1033(1),-
APMgmt-S1-All-CatB,S1A,Andhra Pradesh,"Alluri Sitaram Raju, Eluru",GENERAL SURGERY,"₹9,93,600*","₹30,000*",1*,Info not available*,1200,262(1),1069(1),-,-,-,-,-,142(1),398(1),1055(1),-
APMgmt-S1B-LOC-CatB,S1B,Andhra Pradesh,"VMC, Kurnool",OBG,"₹9,93,600*","₹30,000*",1*,Info not available*,650,348(1),1558(1),1646(1),-,-,-,-,399(1),496(1),1056(1),-
APMgmt-S1B-LOC-CatB,S1B,Andhra Pradesh,"Alluri Sitaram Raju, Eluru",OBG,"₹9,93,600*","₹30,000*",1*,Info not available*,1200,304(3),1116(3),-,-,-,-,-,365(3),434(3),1061(3),146(1)
APMgmt-S1-All-CatB,S1A,Andhra Pradesh,"GSL Med Coll, Rajahmundry",GENERAL SURGERY,"₹9,93,600*","₹30,000*",1*,Info not available*,1140,311(1),1167(1),-,-,-,-,-,276(1),428(1),1066(1),-
APMgmt-S1B-LOC-CatB,S1B,Andhra Pradesh,"GSL Med Coll, Rajahmundry",OBG,"₹9,93,600*","₹30,000*",1*,Info not available*,1140,308(3),1220(3),-,-,-,-,-,354(3),471(3),1068(3),-
APMgmt-S1-All-CatB,S1A,Andhra Pradesh,"Fathima IMS,Kadapa",DERMATOLOGY,"₹9,93,600*","₹25,000*",1*,Info not available*,750,102(1),1538(1),-,-,-,-,-,388(1),298(1),1095(1),-
APMgmt-S1-All-CatB,S1A,Andhra Pradesh,"Nimra Inst of Med Sci, Krishna",GENERAL MEDICINE,"₹9,93,600*",Info not available*,1*,Info not available*,-,615(1),642(1),-,-,-,-,-,329(1),329(1),1106(1),-
APMgmt-S1B-LOC-CatB,S1B,Andhra Pradesh,"GreatEastern MedSch,Srikakulam",OBG,"₹9,93,600*",Info not available*,1*,Info not available*,780,206(2),737(2),-,-,-,-,-,436(2),569(2),1109(2),-
APMgmt-S1-All-CatB,S1A,Andhra Pradesh,"NRI Med Coll, Guntur",ANAESTHESIOLOGY,"₹9,93,600*","₹27,000*",1*,Info not available*,1050,448(1),1328(1),1707(1),-,-,-,-,509(1),868(1),1128(1),-
APMgmt-S1B-LOC-CatB,S1B,Andhra Pradesh,"Katuri Med Coll, Guntur",OBG,"₹9,93,600*",Info not available*,1*,Info not available*,1100,340(2),1312(2),1645(1),-,-,-,-,508(2),524(2),1137(2),-
APMgmt-S1B-LOC-CatB,S1B,Andhra Pradesh,"Alluri Sitaram Raju, Eluru",OPHTHALMOLOGY,"₹9,93,600*","₹30,000*",1*,Info not available*,1200,554(1),1865(1),-,-,-,-,-,863(1),863(1),1138(1),-
APMgmt-S1B-LOC-CatB,S1B,Andhra Pradesh,"Maharajah IMS, Vizianagaram",OBG,"₹9,93,600*",Info not available*,1*,Info not available*,850,372(3),1554(3),-,-,-,-,-,524(2),598(2),1141(2),154(1)
APMgmt-S1B-LOC-CatB,S1B,Andhra Pradesh,"GreatEastern MedSch,Srikakulam",GENERAL SURGERY,"₹9,93,600*",Info not available*,1*,Info not available*,780,442(3),1815(3),2295(1),-,-,-,-,718(3),763(3),1156(3),-
APMgmt-S1B-LOC-CatB,S1B,Andhra Pradesh,"NRI Med Coll, Guntur",ENT,"₹9,93,600*","₹27,000*",1*,Info not available*,1050,519(1),1957(1),-,-,-,-,-,530(1),530(1),1165(1),-
APMgmt-S2-CatC-NRI,S2,Andhra Pradesh,"Maharajah IMS, Vizianagaram",DERMATOLOGY,"₹57,50,000*",Info not available*,1*,Info not available*,850,1867(1),2294(1),-,-,-,-,-,1957(1),1152(1),1168(1),-
APMgmt-S1B-LOC-CatB,S1B,Andhra Pradesh,"Konaseema IMS, Amalapuram",OBG,"₹9,93,600*","₹30,000*",1*,Info not available*,840,334(3),1375(3),-,-,-,-,-,447(3),515(3),1197(3),-
APMgmt-S1B-LOC-CatB,S1B,Andhra Pradesh,"Santhiram Med Coll, Nandyal",TBRD,"₹9,93,600*","₹30,000*",1*,Info not available*,930,381(1),1497(1),-,-,-,-,-,655(1),624(1),1220(1),-
APMgmt-S1B-LOC-CatB,S1B,Andhra Pradesh,"Narayana Med Coll, Nellore",TBRD,"₹9,93,600*","₹40,000*",1*,Info not available*,1430,377(1),1327(1),-,-,-,-,-,409(1),445(1),1222(1),-
APMgmt-S1-All-CatB,S1A,Andhra Pradesh,"Alluri Sitaram Raju, Eluru",ANAESTHESIOLOGY,"₹9,93,600*","₹30,000*",1*,Info not available*,1200,562(1),1129(1),1783(1),-,-,-,-,442(1),597(1),1237(1),-
APMgmt-S1B-LOC-CatB,S1B,Andhra Pradesh,"GVP Med Coll, Vizag",GENERAL SURGERY,"₹9,93,600*","₹30,000*",1*,Info not available*,750,593(1),2013(1),-,-,-,-,-,763(1),804(1),1265(1),-
APMgmt-S1B-LOC-CatB,S1B,Andhra Pradesh,"Santhiram Med Coll, Nandyal",OPHTHALMOLOGY,"₹9,93,600*","₹30,000*",1*,Info not available*,930,602(1),1834(1),-,-,-,-,-,258(1),258(1),1274(1),320(1)
APMgmt-S1B-LOC-CatB,S1B,Andhra Pradesh,"GSL Med Coll, Rajahmundry",OPHTHALMOLOGY,"₹9,93,600*","₹30,000*",1*,Info not available*,1140,681(1),1775(1),-,-,-,-,-,974(1),650(1),1281(1),-
APMgmt-S2-CatC-NRI,S2,Andhra Pradesh,"NRI Med Coll, Guntur",RADIO DIAGNOSIS,"₹57,50,000*","₹27,000*",1*,Info not available*,1050,1019(2),1085(2),-,-,-,-,-,1235(2),1235(2),1289(2),-
APMgmt-S1B-LOC-CatB,S1B,Andhra Pradesh,"Alluri Sitaram Raju, Eluru",TBRD,"₹9,93,600*","₹30,000*",1*,Info not available*,1200,409(2),1356(2),-,-,-,-,-,569(1),446(1),1306(1),-
APMgmt-S1B-LOC-CatB,S1B,Andhra Pradesh,"PES IMS, Kuppam",OPHTHALMOLOGY,"₹9,93,600*","₹30,000*",1*,Info not available*,975,693(1),1943(1),-,-,-,-,-,797(1),864(1),1321(1),-
APMgmt-S1B-LOC-CatB,S1B,Andhra Pradesh,"GSL Med Coll, Rajahmundry",PSYCHIATRY,"₹9,93,600*","₹30,000*",1*,Info not available*,1140,1398(1),2362(1),3039(1),-,-,-,-,1933(1),1323(1),1340(1),-
APMgmt-S1B-LOC-CatB,S1B,Andhra Pradesh,"Narayana Med Coll, Nellore",GENERAL SURGERY,"₹9,93,600*","₹40,000*",1*,Info not available*,1430,464(3),1507(3),854(1),-,-,-,-,515(3),518(3),1343(3),252(1)
APMgmt-S1B-LOC-CatB,S1B,Andhra Pradesh,"GreatEastern MedSch,Srikakulam",TBRD,"₹9,93,600*",Info not available*,1*,Info not available*,780,454(1),1611(1),-,-,-,-,-,685(1),685(1),1346(1),229(1)
APMgmt-S1B-LOC-CatB,S1B,Andhra Pradesh,"Dr PSI Med Coll, Chinoutpalli",TBRD,"₹9,93,600*","₹27,000*",1*,Info not available*,790,420(1),1439(1),-,-,-,-,-,549(1),409(1),1364(1),-
APMgmt-S1B-LOC-CatB,S1B,Andhra Pradesh,"Apollo IMS&R, Chittoor",ORTHOPAEDICS,"₹9,93,600*","₹30,000*",1*,Info not available*,850,705(1),872(1),-,-,-,-,-,844(1),844(1),1377(1),-
APMgmt-S1B-LOC-CatB,S1B,Andhra Pradesh,"PES IMS, Kuppam",GENERAL SURGERY,"₹9,93,600*","₹30,000*",1*,Info not available*,975,530(3),1714(3),-,-,-,-,-,556(3),595(3),1393(3),270(1)
APMgmt-S1B-LOC-CatB,S1B,Andhra Pradesh,"Dr PSI Med Coll, Chinoutpalli",GENERAL SURGERY,"₹9,93,600*","₹27,000*",1*,Info not available*,790,551(3),2020(3),-,-,-,-,-,575(3),697(3),1401(3),-
APMgmt-S1B-LOC-CatB,S1B,Andhra Pradesh,"GSL Med Coll, Rajahmundry",TBRD,"₹9,93,600*","₹30,000*",1*,Info not available*,1140,502(3),1651(3),2052(2),-,-,-,-,493(2),488(2),1402(2),-
APMgmt-S1-All-CatB,S1A,Andhra Pradesh,"Nimra Inst of Med Sci, Krishna",OBG,"₹9,93,600*",Info not available*,1*,Info not available*,-,728(1),1657(1),-,-,-,-,-,361(1),547(1),1408(1),-
APMgmt-S1-All-CatB,S1A,Andhra Pradesh,"Fathima IMS,Kadapa",OBG,"₹9,93,600*","₹25,000*",1*,Info not available*,750,320(1),1923(1),-,-,-,-,-,823(1),1076(1),1433(1),-
APMgmt-S1B-LOC-CatB,S1B,Andhra Pradesh,"NRI Inst of Med Sci, Vizag",GENERAL SURGERY,"₹9,93,600*","₹40,000*",1*,Info not available*,980,539(1),2130(1),-,-,-,-,-,777(1),777(1),1454(1),-
APMgmt-S1B-LOC-CatB,S1B,Andhra Pradesh,"Katuri Med Coll, Guntur",TBRD,"₹9,93,600*",Info not available*,1*,Info not available*,1100,511(1),1673(1),2243(1),-,-,-,-,586(1),506(1),1469(1),-
APMgmt-S1B-LOC-CatB,S1B,Andhra Pradesh,"Narayana Med Coll, Nellore",ENT,"₹9,93,600*","₹40,000*",1*,Info not available*,1430,868(1),2251(1),-,-,-,-,-,717(1),948(1),1473(1),-
APMgmt-S1B-LOC-CatB,S1B,Andhra Pradesh,"Maharajah IMS, Vizianagaram",TBRD,"₹9,93,600*",Info not available*,1*,Info not available*,850,503(1),1849(1),-,-,-,-,-,659(1),712(1),1485(1),-
APMgmt-S1B-LOC-CatB,S1B,Andhra Pradesh,"Dr PSI Med Coll, Chinoutpalli",PSYCHIATRY,"₹9,93,600*","₹27,000*",1*,Info not available*,790,1187(1),2391(1),-,-,-,-,-,1561(1),1474(1),1492(1),-
APMgmt-S1B-LOC-CatB,S1B,Andhra Pradesh,"Narayana Med Coll, Nellore",EMERGENCY MEDICINE,"₹9,93,600*","₹40,000*",1*,Info not available*,1430,623(1),1503(1),2456(1),-,-,-,-,603(1),918(1),1498(1),-
APMgmt-S1B-LOC-CatB,S1B,Andhra Pradesh,"GVP Med Coll, Vizag",TBRD,"₹9,93,600*","₹30,000*",1*,Info not available*,750,520(1),1384(1),2005(1),-,-,-,-,767(1),767(1),1517(1),-
APMgmt-S1-All-CatB,S1A,Andhra Pradesh,"Santhiram Med Coll, Nandyal",ANAESTHESIOLOGY,"₹9,93,600*","₹30,000*",1*,Info not available*,930,-,-,-,-,-,-,-,594(1),894(1),1523(1),-
APMgmt-S1B-LOC-CatB,S1B,Andhra Pradesh,"Alluri Sitaram Raju, Eluru",GENERAL SURGERY,"₹9,93,600*","₹30,000*",1*,Info not available*,1200,587(4),1666(4),1743(2),-,-,-,-,704(4),708(4),1539(4),-
APMgmt-S1B-LOC-CatB,S1B,Andhra Pradesh,"VMC, Kurnool",RADIATION ONCOLOGY,"₹9,93,600*","₹30,000*",1*,Info not available*,650,1237(1),1903(1),3342(1),-,-,-,-,1525(1),1525(1),1543(1),-
APMgmt-S1B-LOC-CatB,S1B,Andhra Pradesh,"NRI Med Coll, Guntur",ANAESTHESIOLOGY,"₹9,93,600*","₹27,000*",1*,Info not available*,1050,787(3),1736(3),1880(1),-,-,-,-,1137(3),1063(3),1549(3),286(1)
APMgmt-S1B-LOC-CatB,S1B,Andhra Pradesh,"PES IMS, Kuppam",EMERGENCY MEDICINE,"₹9,93,600*","₹30,000*",1*,Info not available*,975,445(1),1548(1),-,-,-,-,-,921(1),921(1),1574(1),-
APMgmt-S1B-LOC-CatB,S1B,Andhra Pradesh,"Narayana Med Coll, Nellore",OPHTHALMOLOGY,"₹9,93,600*","₹40,000*",1*,Info not available*,1430,626(1),1402(1),-,-,-,-,-,346(1),689(1),1576(1),-
APMgmt-S1B-LOC-CatB,S1B,Andhra Pradesh,"Konaseema IMS, Amalapuram",TBRD,"₹9,93,600*","₹30,000*",1*,Info not available*,840,485(1),1768(1),-,-,-,-,-,608(1),626(1),1577(1),275(1)
APMgmt-S1B-LOC-CatB,S1B,Andhra Pradesh,"GSL Med Coll, Rajahmundry",GENERAL SURGERY,"₹9,93,600*","₹30,000*",1*,Info not available*,1140,612(5),1996(5),-,-,-,-,-,697(5),762(5),1584(5),261(1)
APMgmt-S1B-LOC-CatB,S1B,Andhra Pradesh,"Narayana Med Coll, Nellore",ORTHOPAEDICS,"₹9,93,600*","₹40,000*",1*,Info not available*,1430,688(3),1938(3),1620(1),1633(1),-,-,-,824(3),914(3),1591(3),341(1)
APMgmt-S1B-LOC-CatB,S1B,Andhra Pradesh,"VMC, Kurnool",GENERAL SURGERY,"₹9,93,600*","₹30,000*",1*,Info not available*,650,665(1),1551(1),-,-,-,-,-,757(1),816(1),1593(1),-
APMgmt-S1B-LOC-CatB,S1B,Andhra Pradesh,"Konaseema IMS, Amalapuram",GENERAL SURGERY,"₹9,93,600*","₹30,000*",1*,Info not available*,840,607(3),2133(3),-,-,-,-,-,739(2),790(2),1597(2),-
APMgmt-S1B-LOC-CatB,S1B,Andhra Pradesh,"NRI Inst of Med Sci, Vizag",TBRD,"₹9,93,600*","₹40,000*",1*,Info not available*,980,517(1),1845(1),-,-,-,-,-,689(1),632(1),1626(1),-
APMgmt-S1B-LOC-CatB,S1B,Andhra Pradesh,"VMC, Kurnool",TBRD,"₹9,93,600*","₹30,000*",1*,Info not available*,650,514(1),1599(1),-,-,-,-,-,694(1),694(1),1645(1),-
APMgmt-S1B-LOC-CatB,S1B,Andhra Pradesh,"Santhiram Med Coll, Nandyal",GENERAL SURGERY,"₹9,93,600*","₹30,000*",1*,Info not available*,930,478(1),1512(1),-,-,-,-,-,804(3),817(3),1661(3),-
APMgmt-S1B-LOC-CatB,S1B,Andhra Pradesh,"Katuri Med Coll, Guntur",OPHTHALMOLOGY,"₹9,93,600*",Info not available*,1*,Info not available*,1100,648(1),1962(1),-,-,-,-,-,650(1),692(1),1666(1),-
APMgmt-S1B-LOC-CatB,S1B,Andhra Pradesh,"Apollo IMS&R, Chittoor",PSYCHIATRY,"₹9,93,600*","₹30,000*",1*,Info not available*,850,1182(1),2113(1),-,-,-,-,-,1690(1),1690(1),1709(1),-
APMgmt-S1B-LOC-CatB,S1B,Andhra Pradesh,"Dr PSI Med Coll, Chinoutpalli",OPHTHALMOLOGY,"₹9,93,600*","₹27,000*",1*,Info not available*,790,680(1),2014(1),2407(1),-,-,-,-,1009(1),1009(1),1715(1),-
APMgmt-S1B-LOC-CatB,S1B,Andhra Pradesh,"GSL Med Coll, Rajahmundry",RADIATION ONCOLOGY,"₹9,93,600*","₹30,000*",1*,Info not available*,1140,1155(1),2423(1),3162(1),2673(1),-,-,-,1512(1),448(1),1718(1),-
APMgmt-S1B-LOC-CatB,S1B,Andhra Pradesh,"Santhiram Med Coll, Nandyal",PSYCHIATRY,"₹9,93,600*","₹30,000*",1*,Info not available*,930,1529(1),2454(1),-,-,-,-,-,1708(1),1708(1),1727(1),-
APMgmt-S1B-LOC-CatB,S1B,Andhra Pradesh,"Maharajah IMS, Vizianagaram",GENERAL SURGERY,"₹9,93,600*",Info not available*,1*,Info not available*,850,639(3),2146(3),-,-,-,-,-,817(2),819(2),1737(2),-
APMgmt-S1B-LOC-CatB,S1B,Andhra Pradesh,"Narayana Med Coll, Nellore",ANAESTHESIOLOGY,"₹9,93,600*","₹40,000*",1*,Info not available*,1430,843(3),2310(3),-,-,-,-,-,1119(3),1119(3),1744(3),-
APMgmt-S1B-LOC-CatB,S1B,Andhra Pradesh,"Katuri Med Coll, Guntur",GENERAL SURGERY,"₹9,93,600*",Info not available*,1*,Info not available*,1100,614(3),2015(3),2156(1),-,-,-,-,807(2),827(2),1756(2),284(1)
APMgmt-S1B-LOC-CatB,S1B,Andhra Pradesh,"GreatEastern MedSch,Srikakulam",OPHTHALMOLOGY,"₹9,93,600*",Info not available*,1*,Info not available*,780,700(1),2226(1),2492(1),-,-,-,-,604(1),604(1),1759(1),-
APMgmt-S1B-LOC-CatB,S1B,Andhra Pradesh,"NRI Inst of Med Sci, Vizag",ANAESTHESIOLOGY,"₹9,93,600*","₹40,000*",1*,Info not available*,980,1016(1),2515(1),3058(1),2086(1),-,-,-,1113(1),1390(1),1769(1),-
APMgmt-S1-All-CatB,S1A,Andhra Pradesh,"Fathima IMS,Kadapa",PAEDIATRICS,"₹9,93,600*","₹25,000*",1*,Info not available*,750,660(1),1492(1),-,-,-,-,-,558(1),978(1),1783(1),-
APMgmt-S1B-LOC-CatB,S1B,Andhra Pradesh,"VMC, Kurnool",OPHTHALMOLOGY,"₹9,93,600*","₹30,000*",1*,Info not available*,650,824(1),1758(1),-,-,-,-,-,1070(1),797(1),1790(1),-
APMgmt-S1B-LOC-CatB,S1B,Andhra Pradesh,"Konaseema IMS, Amalapuram",ORTHOPAEDICS,"₹9,93,600*","₹30,000*",1*,Info not available*,840,840(1),2536(1),-,-,-,-,-,1293(1),1293(1),1798(1),-
APMgmt-S2-CatC-NRI,S2,Andhra Pradesh,"Dr PSI Med Coll, Chinoutpalli",RADIO DIAGNOSIS,"₹57,50,000*","₹27,000*",1*,Info not available*,790,1247(1),1299(1),-,-,-,-,-,1779(2),1779(2),1799(2),-
APMgmt-S1B-LOC-CatB,S1B,Andhra Pradesh,"GSL Med Coll, Rajahmundry",ANAESTHESIOLOGY,"₹9,93,600*","₹30,000*",1*,Info not available*,1140,941(2),2506(2),2674(1),1935(1),-,-,-,1464(2),1401(2),1803(2),-
APMgmt-S1B-LOC-CatB,S1B,Andhra Pradesh,"GreatEastern MedSch,Srikakulam",EMERGENCY MEDICINE,"₹9,93,600*",Info not available*,1*,Info not available*,780,713(1),1510(1),2779(1),-,-,-,-,869(1),931(1),1819(1),-
APMgmt-S1-All-CatB,S1A,Andhra Pradesh,"Nimra Inst of Med Sci, Krishna",ORTHOPAEDICS,"₹9,93,600*",Info not available*,1*,Info not available*,-,1350(2),2386(2),3326(1),-,-,-,-,1490(2),1764(2),1861(2),-
APMgmt-S1B-LOC-CatB,S1B,Andhra Pradesh,"Dr PSI Med Coll, Chinoutpalli",ANAESTHESIOLOGY,"₹9,93,600*","₹27,000*",1*,Info not available*,790,1054(3),2788(3),-,-,-,-,-,1319(2),1319(2),1897(2),-
APMgmt-S1B-LOC-CatB,S1B,Andhra Pradesh,"PES IMS, Kuppam",ANAESTHESIOLOGY,"₹9,93,600*","₹30,000*",1*,Info not available*,975,1052(3),2682(3),3084(1),-,-,-,-,1392(2),1111(2),1905(2),-
APMgmt-S2-CatC-NRI,S2,Andhra Pradesh,"Alluri Sitaram Raju, Eluru",DERMATOLOGY,"₹57,50,000*","₹30,000*",1*,Info not available*,1200,1756(1),2285(1),-,-,-,-,-,1890(1),1890(1),1912(1),-
APMgmt-S1B-LOC-CatB,S1B,Andhra Pradesh,"NRI Med Coll, Guntur",RADIATION ONCOLOGY,"₹9,93,600*","₹27,000*",1*,Info not available*,1050,1166(1),2446(1),3155(1),-,-,-,-,1334(1),1103(1),1927(1),-
APMgmt-S1-All-CatB,S1A,Andhra Pradesh,"Fathima IMS,Kadapa",GENERAL SURGERY,"₹9,93,600*","₹25,000*",1*,Info not available*,750,1092(1),1868(1),-,2297(1),-,-,-,1415(1),1106(1),1943(1),-
APMgmt-S1B-LOC-CatB,S1B,Andhra Pradesh,"Maharajah IMS, Vizianagaram",OPHTHALMOLOGY,"₹9,93,600*",Info not available*,1*,Info not available*,850,842(1),2244(1),-,-,-,-,-,979(1),987(1),1975(1),-
APMgmt-S1B-LOC-CatB,S1B,Andhra Pradesh,"PES IMS, Kuppam",ORTHOPAEDICS,"₹9,93,600*","₹30,000*",1*,Info not available*,975,646(2),2349(2),-,-,-,-,-,1248(2),1248(2),1994(2),-
APMgmt-S1B-LOC-CatB,S1B,Andhra Pradesh,"Alluri Sitaram Raju, Eluru",ANAESTHESIOLOGY,"₹9,93,600*","₹30,000*",1*,Info not available*,1200,970(3),2379(3),2954(2),1976(1),-,-,-,1328(3),1350(3),2005(3),-
APMgmt-S1B-LOC-CatB,S1B,Andhra Pradesh,"Dr PSI Med Coll, Chinoutpalli",ENT,"₹9,93,600*","₹27,000*",1*,Info not available*,790,1044(1),2426(1),-,-,-,-,-,1149(1),1149(1),2033(1),-
APMgmt-S1-All-CatB,S1A,Andhra Pradesh,"Nimra Inst of Med Sci, Krishna",GENERAL SURGERY,"₹9,93,600*",Info not available*,1*,Info not available*,-,1136(2),2205(2),2393(1),-,-,-,-,1390(2),1575(2),2044(2),-
APMgmt-S1B-LOC-CatB,S1B,Andhra Pradesh,"GSL Med Coll, Rajahmundry",ORTHOPAEDICS,"₹9,93,600*","₹30,000*",1*,Info not available*,1140,913(4),2680(4),-,-,-,-,-,1270(4),1270(4),2065(4),399(2)
APMgmt-S2-CatC-NRI,S2,Andhra Pradesh,"NRI Med Coll, Guntur",GENERAL MEDICINE,"₹57,50,000*","₹27,000*",1*,Info not available*,1050,1437(2),1498(2),-,-,-,-,-,1670(2),1652(2),2067(2),-
APMgmt-S1B-LOC-CatB,S1B,Andhra Pradesh,"Alluri Sitaram Raju, Eluru",ORTHOPAEDICS,"₹9,93,600*","₹30,000*",1*,Info not available*,1200,838(3),2149(3),2571(1),-,-,-,-,1061(3),1061(3),2080(3),-
APMgmt-S1B-LOC-CatB,S1B,Andhra Pradesh,"NRI Inst of Med Sci, Vizag",ENT,"₹9,93,600*","₹40,000*",1*,Info not available*,980,1057(1),1918(1),-,-,-,-,-,1261(1),1264(1),2082(1),-
APMgmt-S1B-LOC-CatB,S1B,Andhra Pradesh,"Katuri Med Coll, Guntur",ORTHOPAEDICS,"₹9,93,600*",Info not available*,1*,Info not available*,1100,930(2),2816(2),-,-,-,-,-,1311(1),1311(1),2084(1),-
APMgmt-S1B-LOC-CatB,S1B,Andhra Pradesh,"NRI Inst of Med Sci, Vizag",ORTHOPAEDICS,"₹9,93,600*","₹40,000*",1*,Info not available*,980,806(1),2965(1),-,-,-,-,-,1180(1),1180(1),2085(1),-
APMgmt-S2-CatC-NRI,S2,Andhra Pradesh,"Narayana Med Coll, Nellore",RADIO DIAGNOSIS,"₹57,50,000*","₹40,000*",1*,Info not available*,1430,1420(2),1624(2),-,-,-,-,-,1272(2),1897(2),2095(2),-
APMgmt-S1B-LOC-CatB,S1B,Andhra Pradesh,"GreatEastern MedSch,Srikakulam",ORTHOPAEDICS,"₹9,93,600*",Info not available*,1*,Info not available*,780,835(2),2560(2),-,-,-,-,-,1138(2),1037(2),2108(2),-
APMgmt-S1B-LOC-CatB,S1B,Andhra Pradesh,"GVP Med Coll, Vizag",ORTHOPAEDICS,"₹9,93,600*","₹30,000*",1*,Info not available*,750,926(1),2513(1),-,-,-,-,-,1327(1),1289(1),2110(1),-
APMgmt-S1B-LOC-CatB,S1B,Andhra Pradesh,"Apollo IMS&R, Chittoor",ANAESTHESIOLOGY,"₹9,93,600*","₹30,000*",1*,Info not available*,850,951(1),2003(1),-,-,-,-,-,1381(1),1381(1),2115(1),-
APMgmt-S2-CatC-NRI,S2,Andhra Pradesh,"Dr PSI Med Coll, Chinoutpalli",DERMATOLOGY,"₹57,50,000*","₹27,000*",1*,Info not available*,790,1506(1),1991(1),-,-,-,-,-,2094(1),2094(1),2119(1),-
APMgmt-S2-CatC-NRI,S2,Andhra Pradesh,"Santhiram Med Coll, Nandyal",DERMATOLOGY,"₹57,50,000*","₹30,000*",1*,Info not available*,930,1518(1),1580(1),-,-,-,-,-,2106(1),2106(1),2131(1),-
APMgmt-S1B-LOC-CatB,S1B,Andhra Pradesh,"Santhiram Med Coll, Nandyal",ORTHOPAEDICS,"₹9,93,600*","₹30,000*",1*,Info not available*,930,896(1),2438(1),-,-,-,-,-,1346(1),961(1),2141(1),-
APMgmt-S1B-LOC-CatB,S1B,Andhra Pradesh,"VMC, Kurnool",ORTHOPAEDICS,"₹9,93,600*","₹30,000*",1*,Info not available*,650,1038(1),2842(1),-,-,-,-,-,1375(1),1303(1),2146(1),-
APMgmt-S1B-LOC-CatB,S1B,Andhra Pradesh,"Santhiram Med Coll, Nandyal",ANAESTHESIOLOGY,"₹9,93,600*","₹30,000*",1*,Info not available*,930,1005(1),2079(1),-,-,-,-,-,1515(3),1486(3),2149(3),391(1)
APMgmt-S1B-LOC-CatB,S1B,Andhra Pradesh,"GSL Med Coll, Rajahmundry",EMERGENCY MEDICINE,"₹9,93,600*","₹30,000*",1*,Info not available*,1140,-,-,-,-,-,-,-,809(1),809(1),2164(1),-
APMgmt-S1B-LOC-CatB,S1B,Andhra Pradesh,"Santhiram Med Coll, Nandyal",ENT,"₹9,93,600*","₹30,000*",1*,Info not available*,930,1063(1),2652(1),-,-,-,-,-,1326(1),1257(1),2188(1),-
APMgmt-S2-CatC-NRI,S2,Andhra Pradesh,"Narayana Med Coll, Nellore",DERMATOLOGY,"₹57,50,000*","₹40,000*",1*,Info not available*,1430,1714(1),1787(1),-,-,-,-,-,1152(1),1177(1),2196(1),-
APMgmt-S1B-LOC-CatB,S1B,Andhra Pradesh,"Maharajah IMS, Vizianagaram",ORTHOPAEDICS,"₹9,93,600*",Info not available*,1*,Info not available*,850,992(2),2934(2),-,-,-,-,-,1405(2),1346(2),2201(2),-
APMgmt-S1B-LOC-CatB,S1B,Andhra Pradesh,"GSL Med Coll, Rajahmundry",ENT,"₹9,93,600*","₹30,000*",1*,Info not available*,1140,1150(1),2255(1),-,-,-,-,-,899(1),1077(1),2208(1),-
APMgmt-S2-CatC-NRI,S2,Andhra Pradesh,"PES IMS, Kuppam",DERMATOLOGY,"₹57,50,000*","₹30,000*",1*,Info not available*,975,1955(1),2097(1),-,-,-,-,-,2169(1),2169(1),2216(1),-
APMgmt-S1B-LOC-CatB,S1B,Andhra Pradesh,"Alluri Sitaram Raju, Eluru",ENT,"₹9,93,600*","₹30,000*",1*,Info not available*,1200,1027(1),2219(1),-,-,-,-,-,1077(1),1122(1),2221(1),-
APMgmt-S1B-LOC-CatB,S1B,Andhra Pradesh,"PES IMS, Kuppam",ENT,"₹9,93,600*","₹30,000*",1*,Info not available*,975,729(1),2425(1),-,-,-,-,-,1046(1),1230(1),2230(1),-
APMgmt-S1B-LOC-CatB,S1B,Andhra Pradesh,"GreatEastern MedSch,Srikakulam",ENT,"₹9,93,600*",Info not available*,1*,Info not available*,780,1055(1),2317(1),-,-,-,-,-,1231(1),1231(1),2286(1),-
APMgmt-S1B-LOC-CatB,S1B,Andhra Pradesh,"GVP Med Coll, Vizag",ANAESTHESIOLOGY,"₹9,93,600*","₹30,000*",1*,Info not available*,750,1032(1),1950(1),3141(1),-,-,-,-,1531(1),1531(1),2293(1),-
APMgmt-S1B-LOC-CatB,S1B,Andhra Pradesh,"Konaseema IMS, Amalapuram",PSYCHIATRY,"₹9,93,600*","₹30,000*",1*,Info not available*,840,1334(1),2656(1),-,-,-,-,-,2009(1),1554(1),2300(1),-
APMgmt-S1B-LOC-CatB,S1B,Andhra Pradesh,"Katuri Med Coll, Guntur",ENT,"₹9,93,600*",Info not available*,1*,Info not available*,1100,1138(1),2363(1),-,-,-,-,-,1291(1),1291(1),2302(1),-
APMgmt-S1B-LOC-CatB,S1B,Andhra Pradesh,"VMC, Kurnool",ANAESTHESIOLOGY,"₹9,93,600*","₹30,000*",1*,Info not available*,650,1083(1),2723(1),-,-,-,-,-,1556(1),1493(1),2313(1),-
APMgmt-S1B-LOC-CatB,S1B,Andhra Pradesh,"Katuri Med Coll, Guntur",ANAESTHESIOLOGY,"₹9,93,600*",Info not available*,1*,Info not available*,1100,1060(2),2748(2),-,-,-,-,-,1519(2),1392(2),2321(2),-
APMgmt-S2-CatC-NRI,S2,Andhra Pradesh,"Narayana Med Coll, Nellore",GENERAL MEDICINE,"₹57,50,000*","₹40,000*",1*,Info not available*,1430,1627(3),1932(3),-,-,-,-,-,2255(3),2296(3),2325(3),-
APMgmt-S1B-LOC-CatB,S1B,Andhra Pradesh,"GVP Med Coll, Vizag",ENT,"₹9,93,600*","₹30,000*",1*,Info not available*,750,1153(1),1679(1),-,-,-,-,-,1304(1),1304(1),2329(1),-
APMgmt-S1B-LOC-CatB,S1B,Andhra Pradesh,"Maharajah IMS, Vizianagaram",ANAESTHESIOLOGY,"₹9,93,600*",Info not available*,1*,Info not available*,850,1073(1),2595(1),-,-,-,-,-,1486(1),1426(1),2342(1),492(1)
APMgmt-S1B-LOC-CatB,S1B,Andhra Pradesh,"GreatEastern MedSch,Srikakulam",ANAESTHESIOLOGY,"₹9,93,600*",Info not available*,1*,Info not available*,780,1051(3),2457(3),-,-,-,-,-,1440(2),1440(2),2347(2),-
APMgmt-S1B-LOC-CatB,S1B,Andhra Pradesh,"VMC, Kurnool",ENT,"₹9,93,600*","₹30,000*",1*,Info not available*,650,1168(1),2278(1),-,-,-,-,-,1376(1),1393(1),2355(1),-
APMgmt-S1B-LOC-CatB,S1B,Andhra Pradesh,"Konaseema IMS, Amalapuram",ANAESTHESIOLOGY,"₹9,93,600*","₹30,000*",1*,Info not available*,840,1126(3),2768(3),3061(1),-,-,-,-,1484(3),1484(3),2356(3),454(1)
APMgmt-S1B-LOC-CatB,S1B,Andhra Pradesh,"Konaseema IMS, Amalapuram",ENT,"₹9,93,600*","₹30,000*",1*,Info not available*,840,1045(1),2741(1),-,-,-,-,-,1122(1),1310(1),2370(1),-
APMgmt-S1B-LOC-CatB,S1B,Andhra Pradesh,"Maharajah IMS, Vizianagaram",ENT,"₹9,93,600*",Info not available*,1*,Info not available*,850,1082(1),2533(1),-,-,-,-,-,1257(1),1359(1),2382(1),-
APMgmt-S1B-LOC-CatB,S1B,Andhra Pradesh,"Apollo IMS&R, Chittoor",ENT,"₹9,93,600*","₹30,000*",1*,Info not available*,850,925(1),2252(1),-,-,-,-,-,1103(1),1176(1),2383(1),-
APMgmt-S1B-LOC-CatB,S1B,Andhra Pradesh,"Alluri Sitaram Raju, Eluru",PSYCHIATRY,"₹9,93,600*","₹30,000*",1*,Info not available*,1200,1037(1),2038(1),-,-,-,-,-,1950(1),1725(1),2390(1),-
APMgmt-S2-CatC-NRI,S2,Andhra Pradesh,"PES IMS, Kuppam",RADIO DIAGNOSIS,"₹57,50,000*","₹30,000*",1*,Info not available*,975,1653(1),1725(1),-,-,-,-,-,2221(2),2412(2),2442(2),-
APMgmt-S1-All-CatB,S1A,Andhra Pradesh,"Nimra Inst of Med Sci, Krishna",ANAESTHESIOLOGY,"₹9,93,600*",Info not available*,1*,Info not available*,-,1233(2),2200(2),-,-,-,-,-,1689(2),1777(2),2531(2),1233(1)
APMgmt-S1B-LOC-CatB,S1B,Andhra Pradesh,"NRI Med Coll, Guntur",PATHOLOGY,"₹3,10,500*","₹27,000*",1*,Info not available*,1050,1730(1),1886(1),-,-,-,-,-,1310(1),1750(1),2583(1),-
APMgmt-S1B-LOC-CatB,S1B,Andhra Pradesh,"Narayana Med Coll, Nellore",PSYCHIATRY,"₹9,93,600*","₹40,000*",1*,Info not available*,1430,1123(1),2737(1),-,-,-,-,-,1323(1),1510(1),2594(1),468(1)
APMgmt-S2-CatC-NRI,S2,Andhra Pradesh,"Dr PSI Med Coll, Chinoutpalli",GENERAL MEDICINE,"₹57,50,000*","₹27,000*",1*,Info not available*,790,1753(2),1830(2),-,-,-,-,-,2573(2),2573(2),2605(2),-
APMgmt-S2-CatC-NRI,S2,Andhra Pradesh,"GSL Med Coll, Rajahmundry",DERMATOLOGY,"₹57,50,000*","₹30,000*",1*,Info not available*,1140,1673(1),1745(1),-,-,-,-,-,2105(1),2242(1),2631(1),-
APMgmt-S1B-LOC-CatB,S1B,Andhra Pradesh,"GVP Med Coll, Vizag",PSYCHIATRY,"₹9,93,600*","₹30,000*",1*,Info not available*,750,1495(1),2544(1),-,-,-,-,-,1695(1),2090(1),2684(1),-
APMgmt-S2-CatC-NRI,S2,Andhra Pradesh,"NRI Med Coll, Guntur",DERMATOLOGY,"₹57,50,000*","₹27,000*",1*,Info not available*,1050,1326(1),1382(1),-,-,-,-,-,1816(1),1816(1),2697(1),1181(1)
APMgmt-S1B-LOC-CatB,S1B,Andhra Pradesh,"PES IMS, Kuppam",PSYCHIATRY,"₹9,93,600*","₹30,000*",1*,Info not available*,975,1269(1),2840(1),2995(1),-,-,-,-,1960(1),1960(1),2723(1),-
APMgmt-S1B-LOC-CatB,S1B,Andhra Pradesh,"Narayana Med Coll, Nellore",PATHOLOGY,"₹3,10,500*","₹40,000*",1*,Info not available*,1430,1678(1),3131(1),-,-,-,-,-,2720(1),2720(1),2757(1),-
APMgmt-S2-CatC-NRI,S2,Andhra Pradesh,"GSL Med Coll, Rajahmundry",RADIO DIAGNOSIS,"₹57,50,000*","₹30,000*",1*,Info not available*,1140,-,-,-,-,-,-,-,2071(2),2754(2),2768(2),-
APMgmt-S2-CatC-NRI,S2,Andhra Pradesh,"Alluri Sitaram Raju, Eluru",RADIO DIAGNOSIS,"₹57,50,000*","₹30,000*",1*,Info not available*,1200,1659(3),1827(3),-,-,-,-,-,2498(3),2513(3),2791(3),-
APMgmt-S2-CatC-NRI,S2,Andhra Pradesh,"Katuri Med Coll, Guntur",DERMATOLOGY,"₹57,50,000*",Info not available*,1*,Info not available*,1100,1466(1),1568(1),-,-,-,-,-,2187(1),2187(1),2810(1),-
APMgmt-S1B-LOC-CatB,S1B,Andhra Pradesh,"GreatEastern MedSch,Srikakulam",PSYCHIATRY,"₹9,93,600*",Info not available*,1*,Info not available*,780,1417(1),2709(1),-,-,-,-,-,1554(1),2020(1),2820(1),-
APMgmt-S2-CatC-NRI,S2,Andhra Pradesh,"NRI Med Coll, Guntur",OBG,"₹57,50,000*","₹27,000*",1*,Info not available*,1050,1240(1),2111(1),-,-,-,-,-,2789(1),2789(1),2826(1),-
APMgmt-S2-CatC-NRI,S2,Andhra Pradesh,"Konaseema IMS, Amalapuram",RADIO DIAGNOSIS,"₹57,50,000*","₹30,000*",1*,Info not available*,840,1503(1),1565(1),-,-,-,-,-,2761(2),2834(2),2871(2),-
APMgmt-S2-CatC-NRI,S2,Andhra Pradesh,"GSL Med Coll, Rajahmundry",OBG,"₹57,50,000*","₹30,000*",1*,Info not available*,1140,1821(2),2356(2),2444(1),2499(1),-,-,-,2566(2),2850(2),2887(2),-
APMgmt-S2-CatC-NRI,S2,Andhra Pradesh,"GSL Med Coll, Rajahmundry",GENERAL MEDICINE,"₹57,50,000*","₹30,000*",1*,Info not available*,1140,1932(4),2029(4),-,-,-,-,-,2860(4),2860(4),2896(4),-
APMgmt-S1B-LOC-CatB,S1B,Andhra Pradesh,"NRI Inst of Med Sci, Vizag",PSYCHIATRY,"₹9,93,600*","₹40,000*",1*,Info not available*,980,1306(1),2785(1),-,-,-,-,-,1474(1),1933(1),2917(1),-
APMgmt-S2-CatC-NRI,S2,Andhra Pradesh,"Narayana Med Coll, Nellore",OBG,"₹57,50,000*","₹40,000*",1*,Info not available*,1430,1681(2),1753(2),-,-,-,-,-,2885(1),2885(1),2921(1),-
APMgmt-S2-CatC-NRI,S2,Andhra Pradesh,"GreatEastern MedSch,Srikakulam",GENERAL MEDICINE,"₹57,50,000*",Info not available*,1*,Info not available*,780,1887(2),1979(2),-,-,-,-,-,2636(2),2909(2),2945(2),-
APMgmt-S2-CatC-NRI,S2,Andhra Pradesh,"Apollo IMS&R, Chittoor",OBG,"₹57,50,000*","₹30,000*",1*,Info not available*,850,1994(1),2095(1),-,-,-,-,-,2929(1),2929(1),2965(1),-
APMgmt-S2-CatC-NRI,S2,Andhra Pradesh,"Santhiram Med Coll, Nandyal",RADIO DIAGNOSIS,"₹57,50,000*","₹30,000*",1*,Info not available*,930,1561(1),1628(1),-,-,-,-,-,1565(1),2071(1),2995(1),-
APMgmt-S1B-LOC-CatB,S1B,Andhra Pradesh,"VMC, Kurnool",PATHOLOGY,"₹3,10,500*","₹30,000*",1*,Info not available*,650,2155(1),-,-,-,-,-,-,2989(1),2989(1),3026(1),-
APMgmt-S1B-LOC-CatB,S1B,Andhra Pradesh,"Dr PSI Med Coll, Chinoutpalli",PATHOLOGY,"₹3,10,500*","₹27,000*",1*,Info not available*,790,1973(1),2951(1),-,-,2733(1),-,-,2507(1),2507(1),3029(1),1129(1)
APMgmt-S2-CatC-NRI,S2,Andhra Pradesh,"Alluri Sitaram Raju, Eluru",GENERAL MEDICINE,"₹57,50,000*","₹30,000*",1*,Info not available*,1200,1751(3),2054(3),-,-,-,-,-,2863(3),2878(3),3032(3),-
APMgmt-S2-CatC-NRI,S2,Andhra Pradesh,"NRI Med Coll, Guntur",PAEDIATRICS,"₹57,50,000*","₹27,000*",1*,Info not available*,1050,1750(1),1602(1),-,-,-,-,-,2661(1),3019(1),3057(1),-
APMgmt-S2-CatC-NRI,S2,Andhra Pradesh,"Santhiram Med Coll, Nandyal",GENERAL MEDICINE,"₹57,50,000*","₹30,000*",1*,Info not available*,930,1782(1),1828(1),-,-,-,-,-,2958(1),2958(1),3075(1),-
APMgmt-S1B-LOC-CatB,S1B,Andhra Pradesh,"Katuri Med Coll, Guntur",PSYCHIATRY,"₹9,93,600*",Info not available*,1*,Info not available*,1100,1479(1),2462(1),-,-,-,-,-,2020(1),1937(1),3118(1),-
APMgmt-S1B-LOC-CatB,S1B,Andhra Pradesh,"Alluri Sitaram Raju, Eluru",PATHOLOGY,"₹3,10,500*","₹30,000*",1*,Info not available*,1200,1814(1),2486(1),-,2963(1),-,-,-,2399(1),2069(1),3124(1),1255(1)
APMgmt-S1B-LOC-CatB,S1B,Andhra Pradesh,"Dr PSI Med Coll, Chinoutpalli",SPM,"₹3,10,500*","₹27,000*",1*,Info not available*,790,-,-,-,-,-,-,-,3850(1),-,3135(1),-
APMgmt-S2-CatC-NRI,S2,Andhra Pradesh,"PES IMS, Kuppam",GENERAL MEDICINE,"₹57,50,000*","₹30,000*",1*,Info not available*,975,1840(2),1986(2),-,-,-,-,-,2891(2),2913(2),3136(2),-
APMgmt-S2-CatC-NRI,S2,Andhra Pradesh,"PES IMS, Kuppam",OBG,"₹57,50,000*","₹30,000*",1*,Info not available*,975,1843(1),2322(1),-,-,-,-,-,2979(2),3107(2),3147(2),-
APMgmt-S1B-LOC-CatB,S1B,Andhra Pradesh,"Maharajah IMS, Vizianagaram",PSYCHIATRY,"₹9,93,600*",Info not available*,1*,Info not available*,850,1517(1),2856(1),-,-,-,-,-,2065(1),2300(1),3159(1),-
APMgmt-S2-CatC-NRI,S2,Andhra Pradesh,"Konaseema IMS, Amalapuram",GENERAL MEDICINE,"₹57,50,000*","₹30,000*",1*,Info not available*,840,1719(2),1793(2),-,-,-,-,-,2913(2),3142(2),3182(2),-
APMgmt-S2-CatC-NRI,S2,Andhra Pradesh,"Konaseema IMS, Amalapuram",DERMATOLOGY,"₹57,50,000*","₹30,000*",1*,Info not available*,840,1800(1),1882(1),-,-,-,-,-,2513(1),2598(1),3190(1),-
APMgmt-S2-CatC-NRI,S2,Andhra Pradesh,"Alluri Sitaram Raju, Eluru",OBG,"₹57,50,000*","₹30,000*",1*,Info not available*,1200,2008(2),2212(2),-,-,-,-,-,3283(2),3319(2),3205(2),-
APMgmt-S1B-LOC-CatB,S1B,Andhra Pradesh,"VMC, Kurnool",PSYCHIATRY,"₹9,93,600*","₹30,000*",1*,Info not available*,650,1585(1),2870(1),-,-,-,-,-,2012(1),2019(1),3252(1),-
APMgmt-S2-CatC-NRI,S2,Andhra Pradesh,"NRI Inst of Med Sci, Vizag",GENERAL MEDICINE,"₹57,50,000*","₹40,000*",1*,Info not available*,980,1894(2),2062(2),-,-,-,-,-,2915(2),3134(2),3260(2),-
APMgmt-S2-CatC-NRI,S2,Andhra Pradesh,"Fathima IMS,Kadapa",DERMATOLOGY,"₹57,50,000*","₹25,000*",1*,Info not available*,750,-,-,-,-,-,-,-,3247(1),3247(1),3291(1),-
APMgmt-S3-CatC-Inst,S3,Andhra Pradesh,"GSL Med Coll, Rajahmundry",RADIO DIAGNOSIS,"₹57,50,000*","₹30,000*",1*,Info not available*,1140,-,-,-,-,-,-,-,3254(1),3254(1),3298(1),-
APMgmt-S2-CatC-NRI,S2,Andhra Pradesh,"Katuri Med Coll, Guntur",GENERAL MEDICINE,"₹57,50,000*",Info not available*,1*,Info not available*,1100,1453(1),1514(1),-,-,-,-,-,2615(2),2615(2),3313(2),1401(1)
APMgmt-S2-CatC-NRI,S2,Andhra Pradesh,"Katuri Med Coll, Guntur",RADIO DIAGNOSIS,"₹57,50,000*",Info not available*,1*,Info not available*,1100,1660(1),1732(1),-,-,-,-,-,2188(1),2942(1),3317(1),-
APMgmt-S2-CatC-NRI,S2,Andhra Pradesh,"Maharajah IMS, Vizianagaram",RADIO DIAGNOSIS,"₹57,50,000*",Info not available*,1*,Info not available*,850,1723(2),1884(2),-,-,-,-,-,2771(2),3099(2),3378(2),1438(1)
APMgmt-S1B-LOC-CatB,S1B,Andhra Pradesh,"GSL Med Coll, Rajahmundry",PATHOLOGY,"₹3,10,500*","₹30,000*",1*,Info not available*,1140,2000(1),3327(1),-,2518(1),3146(1),-,-,2630(1),2271(1),3380(1),-
APMgmt-S2-CatC-NRI,S2,Andhra Pradesh,"Dr PSI Med Coll, Chinoutpalli",TBRD,"₹57,50,000*","₹27,000*",1*,Info not available*,790,2236(1),2374(1),-,-,-,-,-,3336(1),3336(1),3383(1),-
APMgmt-S3-CatC-Inst,S3,Andhra Pradesh,"Dr PSI Med Coll, Chinoutpalli",OPHTHALMOLOGY,"₹57,50,000*","₹27,000*",1*,Info not available*,790,1971(1),2070(1),-,-,-,-,-,3416(1),3416(1),3464(1),-
APMgmt-S3-CatC-Inst,S3,Andhra Pradesh,"Dr PSI Med Coll, Chinoutpalli",RADIO DIAGNOSIS,"₹57,50,000*","₹27,000*",1*,Info not available*,790,1666(1),1738(1),-,-,-,-,-,3432(1),3432(1),3480(1),-
APMgmt-S2-CatC-NRI,S2,Andhra Pradesh,"VMC, Kurnool",DERMATOLOGY,"₹57,50,000*","₹30,000*",1*,Info not available*,650,-,-,-,-,-,-,-,2555(1),2915(1),3488(1),-
APMgmt-S1B-LOC-CatB,S1B,Andhra Pradesh,"PES IMS, Kuppam",PATHOLOGY,"₹3,10,500*","₹30,000*",1*,Info not available*,975,2056(1),-,-,-,2887(1),-,-,2347(1),2018(1),3491(1),-
APMgmt-S3-CatC-Inst,S3,Andhra Pradesh,"Maharajah IMS, Vizianagaram",RADIO DIAGNOSIS,"₹57,50,000*",Info not available*,1*,Info not available*,850,2215(2),2341(2),-,-,-,-,-,3447(1),3447(1),3496(1),-
APMgmt-S2-CatC-NRI,S2,Andhra Pradesh,"GVP Med Coll, Vizag",GENERAL MEDICINE,"₹57,50,000*","₹30,000*",1*,Info not available*,750,1823(1),1908(1),-,-,-,-,-,2985(1),3183(1),3499(1),-
APMgmt-S2-CatC-NRI,S2,Andhra Pradesh,"Dr PSI Med Coll, Chinoutpalli",OBG,"₹57,50,000*","₹27,000*",1*,Info not available*,790,1132(1),1177(1),-,-,-,-,-,3107(1),3283(1),3501(1),1484(1)
APMgmt-S2-CatC-NRI,S2,Andhra Pradesh,"Dr PSI Med Coll, Chinoutpalli",PAEDIATRICS,"₹57,50,000*","₹27,000*",1*,Info not available*,790,2132(1),2354(1),-,-,-,-,-,3193(1),3193(1),3553(1),-
APMgmt-S3-CatC-Inst,S3,Andhra Pradesh,"Alluri Sitaram Raju, Eluru",DERMATOLOGY,"₹57,50,000*","₹30,000*",1*,Info not available*,1200,2263(1),2467(1),-,-,-,-,-,3516(1),3516(1),3567(1),-
APMgmt-S2-CatC-NRI,S2,Andhra Pradesh,"Narayana Med Coll, Nellore",PAEDIATRICS,"₹57,50,000*","₹40,000*",1*,Info not available*,1430,1845(1),2143(1),-,-,-,-,-,2669(2),2669(2),3589(2),-
APMgmt-S2-CatC-NRI,S2,Andhra Pradesh,"NRI Med Coll, Guntur",ORTHOPAEDICS,"₹57,50,000*","₹27,000*",1*,Info not available*,1050,2152(1),2275(1),-,-,-,-,-,-,-,3596(1),-
APMgmt-S1B-LOC-CatB,S1B,Andhra Pradesh,"GreatEastern MedSch,Srikakulam",PATHOLOGY,"₹3,10,500*",Info not available*,1*,Info not available*,780,2035(1),3149(1),-,-,-,-,-,2271(1),2336(1),3600(1),-
APMgmt-S2-CatC-NRI,S2,Andhra Pradesh,"Narayana Med Coll, Nellore",OPHTHALMOLOGY,"₹57,50,000*","₹40,000*",1*,Info not available*,1430,-,2517(1),-,-,-,-,-,3777(1),3562(1),3613(1),-
APMgmt-S3-CatC-Inst,S3,Andhra Pradesh,"GSL Med Coll, Rajahmundry",TBRD,"₹57,50,000*","₹30,000*",1*,Info not available*,1140,2174(1),2298(1),-,-,-,-,-,-,-,3640(1),-
APMgmt-S2-CatC-NRI,S2,Andhra Pradesh,"VMC, Kurnool",PAEDIATRICS,"₹57,50,000*","₹30,000*",1*,Info not available*,650,-,-,-,-,-,-,-,3647(1),3603(1),3655(1),-
APMgmt-S3-CatC-Inst,S3,Andhra Pradesh,"GreatEastern MedSch,Srikakulam",OBG,"₹57,50,000*",Info not available*,1*,Info not available*,780,-,2734(1),-,-,-,-,-,3606(1),3606(1),3658(1),-
APMgmt-S2-CatC-NRI,S2,Andhra Pradesh,"Katuri Med Coll, Guntur",PAEDIATRICS,"₹57,50,000*",Info not available*,1*,Info not available*,1100,2139(1),2406(1),2485(1),2526(1),-,2629(1),-,3365(1),3502(1),3685(1),-
APMgmt-S2-CatC-NRI,S2,Andhra Pradesh,"GreatEastern MedSch,Srikakulam",RADIO DIAGNOSIS,"₹57,50,000*",Info not available*,1*,Info not available*,780,1722(1),1796(1),-,-,-,-,-,2760(2),2969(2),3686(2),1433(1)
APMgmt-S2-CatC-NRI,S2,Andhra Pradesh,"Maharajah IMS, Vizianagaram",PAEDIATRICS,"₹57,50,000*",Info not available*,1*,Info not available*,850,1685(1),1757(1),-,-,-,-,-,3715(1),3852(1),3700(1),-
APMgmt-S2-CatC-NRI,S2,Andhra Pradesh,"Apollo IMS&R, Chittoor",GENERAL MEDICINE,"₹57,50,000*","₹30,000*",1*,Info not available*,850,1752(1),2055(1),-,-,-,-,-,2680(1),3096(1),3727(1),968(1)
APMgmt-S2-CatC-NRI,S2,Andhra Pradesh,"GSL Med Coll, Rajahmundry",OPHTHALMOLOGY,"₹57,50,000*","₹30,000*",1*,Info not available*,1140,2283(1),2478(1),2904(1),2776(1),2932(1),-,-,-,-,3728(1),1715(1)
APMgmt-S2-CatC-NRI,S2,Andhra Pradesh,"Katuri Med Coll, Guntur",OBG,"₹57,50,000*",Info not available*,1*,Info not available*,1100,1902(2),1995(2),-,-,-,-,-,3306(1),3538(1),3752(1),-
APMgmt-S3-CatC-Inst,S3,Andhra Pradesh,"GSL Med Coll, Rajahmundry",ANAESTHESIOLOGY,"₹57,50,000*","₹30,000*",1*,Info not available*,1140,-,2618(1),-,-,-,-,-,3724(1),3724(1),3778(1),-
APMgmt-S2-CatC-NRI,S2,Andhra Pradesh,"Maharajah IMS, Vizianagaram",GENERAL MEDICINE,"₹57,50,000*",Info not available*,1*,Info not available*,850,1960(2),2067(2),-,-,-,-,-,3134(2),3274(2),3823(2),-
APMgmt-S2-CatC-NRI,S2,Andhra Pradesh,"VMC, Kurnool",GENERAL MEDICINE,"₹57,50,000*","₹30,000*",1*,Info not available*,650,1964(1),2050(1),-,-,-,-,-,3036(1),3036(1),3829(1),-
APMgmt-S2-CatC-NRI,S2,Andhra Pradesh,"GVP Med Coll, Vizag",PAEDIATRICS,"₹57,50,000*","₹30,000*",1*,Info not available*,750,2088(1),2199(1),-,-,-,-,-,3520(1),3777(1),3833(1),-
APMgmt-S3-CatC-Inst,S3,Andhra Pradesh,"GreatEastern MedSch,Srikakulam",RADIO DIAGNOSIS,"₹57,50,000*",Info not available*,1*,Info not available*,780,-,2744(1),-,-,-,-,-,3779(1),3779(1),3835(1),-
APMgmt-S2-CatC-NRI,S2,Andhra Pradesh,"PES IMS, Kuppam",PAEDIATRICS,"₹57,50,000*","₹30,000*",1*,Info not available*,975,2022(1),2371(1),-,-,-,-,-,3019(1),3520(1),3839(1),-
APMgmt-S2-CatC-NRI,S2,Andhra Pradesh,"Alluri Sitaram Raju, Eluru",PAEDIATRICS,"₹57,50,000*","₹30,000*",1*,Info not available*,1200,1996(2),2364(2),-,-,-,-,-,3486(2),3272(2),3849(2),-
APMgmt-S1B-LOC-CatB,S1B,Andhra Pradesh,"NRI Inst of Med Sci, Vizag",PATHOLOGY,"₹3,10,500*","₹40,000*",1*,Info not available*,980,1870(1),3409(1),-,2890(1),-,-,-,2516(1),2798(1),3858(1),818(1)
APMgmt-S3-CatC-Inst,S3,Andhra Pradesh,"Alluri Sitaram Raju, Eluru",OPHTHALMOLOGY,"₹57,50,000*","₹30,000*",1*,Info not available*,1200,2303(1),2569(1),-,-,-,-,-,-,-,3886(1),-
APMgmt-S1B-LOC-CatB,S1B,Andhra Pradesh,"GVP Med Coll, Vizag",PATHOLOGY,"₹3,10,500*","₹30,000*",1*,Info not available*,750,2165(1),2804(1),-,-,-,-,-,2963(1),2459(1),3903(1),-
APMgmt-S1B-LOC-CatB,S1B,Andhra Pradesh,"Santhiram Med Coll, Nandyal",PATHOLOGY,"₹3,10,500*","₹30,000*",1*,Info not available*,930,1922(1),3313(1),-,-,-,-,-,2161(1),2582(1),3906(1),-
APMgmt-S3-CatC-Inst,S3,Andhra Pradesh,"Dr PSI Med Coll, Chinoutpalli",DERMATOLOGY,"₹57,50,000*","₹27,000*",1*,Info not available*,790,2239(1),2389(1),-,-,-,-,-,3856(1),3856(1),3915(1),-
APMgmt-S3-CatC-Inst,S3,Andhra Pradesh,"Santhiram Med Coll, Nandyal",GENERAL SURGERY,"₹57,50,000*","₹30,000*",1*,Info not available*,930,-,-,-,-,-,-,-,3857(1),3857(1),3916(1),-
APMgmt-S2-CatC-NRI,S2,Andhra Pradesh,"GreatEastern MedSch,Srikakulam",OBG,"₹57,50,000*",Info not available*,1*,Info not available*,780,1926(2),2187(2),-,-,-,-,-,3542(1),3479(1),3924(1),-
APMgmt-S2-CatC-NRI,S2,Andhra Pradesh,"GreatEastern MedSch,Srikakulam",PAEDIATRICS,"₹57,50,000*",Info not available*,1*,Info not available*,780,2133(1),2411(1),-,-,-,-,-,3502(1),3814(1),3928(1),-
APMgmt-S2-CatC-NRI,S2,Andhra Pradesh,"NRI Inst of Med Sci, Vizag",OBG,"₹57,50,000*","₹40,000*",1*,Info not available*,980,1889(1),1981(1),-,-,-,-,-,2850(1),3306(1),3954(1),-
APMgmt-S2-CatC-NRI,S2,Andhra Pradesh,"Santhiram Med Coll, Nandyal",PAEDIATRICS,"₹57,50,000*","₹30,000*",1*,Info not available*,930,-,-,-,-,-,-,-,3766(1),3766(1),3959(1),-
APMgmt-S2-CatC-NRI,S2,Andhra Pradesh,"NRI Med Coll, Guntur",GENERAL SURGERY,"₹57,50,000*","₹27,000*",1*,Info not available*,1050,1941(2),2659(2),-,-,-,-,-,3901(2),3901(2),3960(2),-
APMgmt-S2-CatC-NRI,S2,Andhra Pradesh,"Konaseema IMS, Amalapuram",OBG,"₹57,50,000*","₹30,000*",1*,Info not available*,840,2077(2),2394(2),-,-,-,-,-,3688(2),3688(2),3986(2),1550(1)
APMgmt-S2-CatC-NRI,S2,Andhra Pradesh,"GSL Med Coll, Rajahmundry",PAEDIATRICS,"₹57,50,000*","₹30,000*",1*,Info not available*,1140,2069(3),2329(3),-,-,-,-,-,3430(3),3783(3),3990(3),-
APMgmt-S2-CatC-NRI,S2,Andhra Pradesh,"Katuri Med Coll, Guntur",OPHTHALMOLOGY,"₹57,50,000*",Info not available*,1*,Info not available*,1100,2218(1),2344(1),-,-,-,-,-,3934(1),3934(1),3993(1),-
APMgmt-S3-CatC-Inst,S3,Andhra Pradesh,"Dr PSI Med Coll, Chinoutpalli",PAEDIATRICS,"₹57,50,000*","₹27,000*",1*,Info not available*,790,2073(1),2183(1),-,-,-,-,-,3956(1),3956(1),4016(1),-
APMgmt-S2-CatC-NRI,S2,Andhra Pradesh,"Santhiram Med Coll, Nandyal",OBG,"₹57,50,000*","₹30,000*",1*,Info not available*,930,1911(1),2004(1),-,-,-,-,-,3698(1),3698(1),4022(1),-
APMgmt-S2-CatC-NRI,S2,Andhra Pradesh,"Konaseema IMS, Amalapuram",PAEDIATRICS,"₹57,50,000*","₹30,000*",1*,Info not available*,840,2087(2),2493(2),-,-,-,-,-,3635(1),3788(1),4040(1),1664(1)
APMgmt-S1B-LOC-CatB,S1B,Andhra Pradesh,"NRI Med Coll, Guntur",SPM,"₹3,10,500*","₹27,000*",1*,Info not available*,1050,-,-,-,-,-,-,-,3507(1),3443(1),4041(1),-
APMgmt-S3-CatC-Inst,S3,Andhra Pradesh,"PES IMS, Kuppam",OBG,"₹57,50,000*","₹30,000*",1*,Info not available*,975,-,2943(1),-,-,-,-,-,3986(1),3986(1),4046(1),-
APMgmt-S1B-LOC-CatB,S1B,Andhra Pradesh,"VMC, Kurnool",SPM,"₹3,10,500*","₹30,000*",1*,Info not available*,650,-,-,-,-,-,-,-,4022(1),4022(1),4083(1),-
APMgmt-S2-CatC-NRI,S2,Andhra Pradesh,"NRI Med Coll, Guntur",TBRD,"₹57,50,000*","₹27,000*",1*,Info not available*,1050,2230(1),2368(1),-,-,-,-,-,3090(1),3340(1),4102(1),-
APMgmt-S2-CatC-NRI,S2,Andhra Pradesh,"Maharajah IMS, Vizianagaram",OBG,"₹57,50,000*",Info not available*,1*,Info not available*,850,1999(1),2100(1),-,-,-,-,-,3613(2),3542(2),4106(2),-
APMgmt-S2-CatC-NRI,S2,Andhra Pradesh,"Santhiram Med Coll, Nandyal",OPHTHALMOLOGY,"₹57,50,000*","₹30,000*",1*,Info not available*,930,2221(1),2626(1),-,-,-,-,-,2305(1),-,4109(1),1685(1)
APMgmt-S1B-LOC-CatB,S1B,Andhra Pradesh,"Apollo IMS&R, Chittoor",SPM,"₹3,10,500*","₹30,000*",1*,Info not available*,850,2286(1),2926(1),-,-,-,-,-,3515(1),3262(1),4110(1),1949(1)
APMgmt-S3-CatC-Inst,S3,Andhra Pradesh,"Dr PSI Med Coll, Chinoutpalli",GENERAL SURGERY,"₹57,50,000*","₹27,000*",1*,Info not available*,790,-,2528(1),-,-,-,-,-,4066(1),4066(1),4128(1),-
APMgmt-S2-CatC-NRI,S2,Andhra Pradesh,"NRI Inst of Med Sci, Vizag",PAEDIATRICS,"₹57,50,000*","₹40,000*",1*,Info not available*,980,2045(1),2258(1),-,-,-,-,-,3739(1),3633(1),4149(1),1637(1)
APMgmt-S1B-LOC-CatB,S1B,Andhra Pradesh,"Santhiram Med Coll, Nandyal",SPM,"₹3,10,500*","₹30,000*",1*,Info not available*,930,-,-,-,-,-,-,-,4109(1),-,4161(1),-
APMgmt-S2-CatC-NRI,S2,Andhra Pradesh,"Narayana Med Coll, Nellore",TBRD,"₹57,50,000*","₹40,000*",1*,Info not available*,1430,2209(1),2334(1),-,-,-,-,-,-,3610(1),4169(1),-
APMgmt-S3-CatC-Inst,S3,Andhra Pradesh,"Narayana Med Coll, Nellore",GENERAL MEDICINE,"₹57,50,000*","₹40,000*",1*,Info not available*,1430,2146(2),2268(2),-,-,-,-,-,4094(2),4094(2),4179(2),-
APMgmt-S1B-LOC-CatB,S1B,Andhra Pradesh,"Maharajah IMS, Vizianagaram",PATHOLOGY,"₹3,10,500*",Info not available*,1*,Info not available*,850,2081(1),3382(1),-,-,-,-,-,2798(1),2630(1),4184(1),-
APMgmt-S2-CatC-NRI,S2,Andhra Pradesh,"VMC, Kurnool",GENERAL SURGERY,"₹57,50,000*","₹30,000*",1*,Info not available*,650,-,-,-,-,-,-,-,-,-,4230(1),-
APMgmt-S3-CatC-Inst,S3,Andhra Pradesh,"NRI Inst of Med Sci, Vizag",GENERAL MEDICINE,"₹57,50,000*","₹40,000*",1*,Info not available*,980,1899(1),1992(1),-,-,-,-,-,-,-,4240(1),-
APMgmt-S2-CatC-NRI,S2,Andhra Pradesh,"PES IMS, Kuppam",OPHTHALMOLOGY,"₹57,50,000*","₹30,000*",1*,Info not available*,975,-,2447(1),-,-,-,-,-,-,-,4259(1),-
APMgmt-S2-CatC-NRI,S2,Andhra Pradesh,"Konaseema IMS, Amalapuram",ORTHOPAEDICS,"₹57,50,000*","₹30,000*",1*,Info not available*,840,-,3034(1),3151(1),2611(1),2728(1),-,-,4138(1),4138(1),4263(1),-
APMgmt-S2-CatC-NRI,S2,Andhra Pradesh,"Dr PSI Med Coll, Chinoutpalli",ANAESTHESIOLOGY,"₹57,50,000*","₹27,000*",1*,Info not available*,790,-,2309(1),-,-,-,-,-,4092(1),4092(1),4268(2),1697(1)
APMgmt-S2-CatC-NRI,S2,Andhra Pradesh,"Dr PSI Med Coll, Chinoutpalli",OPHTHALMOLOGY,"₹57,50,000*","₹27,000*",1*,Info not available*,790,1968(1),2756(1),-,-,-,-,-,4147(1),4147(1),4276(1),-
APMgmt-S2-CatC-NRI,S2,Andhra Pradesh,"NRI Med Coll, Guntur",PSYCHIATRY,"₹57,50,000*","₹27,000*",1*,Info not available*,1050,-,3111(1),-,2939(1),-,-,-,-,-,4282(1),-
APMgmt-S3-CatC-Inst,S3,Andhra Pradesh,"Alluri Sitaram Raju, Eluru",GENERAL SURGERY,"₹57,50,000*","₹30,000*",1*,Info not available*,1200,-,3407(2),-,-,-,-,-,-,-,4291(1),1860(1)
APMgmt-S2-CatC-NRI,S2,Andhra Pradesh,"VMC, Kurnool",OBG,"₹57,50,000*","₹30,000*",1*,Info not available*,650,2103(1),2373(1),-,-,-,-,-,3640(1),3705(1),4297(1),-
APMgmt-S2-CatC-NRI,S2,Andhra Pradesh,"NRI Inst of Med Sci, Vizag",TBRD,"₹57,50,000*","₹40,000*",1*,Info not available*,980,-,2763(1),-,-,-,-,-,3340(1),-,4302(1),-
APMgmt-S2-CatC-NRI,S2,Andhra Pradesh,"Narayana Med Coll, Nellore",GENERAL SURGERY,"₹57,50,000*","₹40,000*",1*,Info not available*,1430,2150(1),2999(3),2625(1),-,-,-,-,3616(1),3616(2),4305(3),-
APMgmt-S2-CatC-NRI,S2,Andhra Pradesh,"PES IMS, Kuppam",GENERAL SURGERY,"₹57,50,000*","₹30,000*",1*,Info not available*,975,-,2910(2),-,-,-,-,-,-,-,4310(2),1447(1)
APMgmt-S2-CatC-NRI,S2,Andhra Pradesh,"Katuri Med Coll, Guntur",TBRD,"₹57,50,000*",Info not available*,1*,Info not available*,1100,-,2459(1),-,-,-,-,-,-,-,4325(1),-
APMgmt-S2-CatC-NRI,S2,Andhra Pradesh,"Dr PSI Med Coll, Chinoutpalli",GENERAL SURGERY,"₹57,50,000*","₹27,000*",1*,Info not available*,790,2096(2),2907(2),-,-,-,-,-,4177(2),4177(2),4328(2),-
APMgmt-S1B-LOC-CatB,S1B,Andhra Pradesh,"Konaseema IMS, Amalapuram",FORENSIC MEDICINE,"₹3,10,500*","₹30,000*",1*,Info not available*,840,-,3350(1),-,-,3083(1),-,-,3629(1),4261(1),4335(1),-
APMgmt-S2-CatC-NRI,S2,Andhra Pradesh,"Narayana Med Coll, Nellore",ORTHOPAEDICS,"₹57,50,000*","₹40,000*",1*,Info not available*,1430,2270(2),2639(2),-,-,-,-,-,3657(2),3861(2),4336(2),-
APMgmt-S2-CatC-NRI,S2,Andhra Pradesh,"VMC, Kurnool",ORTHOPAEDICS,"₹57,50,000*","₹30,000*",1*,Info not available*,650,-,3009(1),-,-,-,-,-,-,4183(1),4342(1),-
APMgmt-S2-CatC-NRI,S2,Andhra Pradesh,"Alluri Sitaram Raju, Eluru",TBRD,"₹57,50,000*","₹30,000*",1*,Info not available*,1200,2200(1),2324(1),-,-,-,-,-,4229(1),4205(1),4353(1),-
APMgmt-S3-CatC-Inst,S3,Andhra Pradesh,"Alluri Sitaram Raju, Eluru",TBRD,"₹57,50,000*","₹30,000*",1*,Info not available*,1200,2128(1),2247(1),-,-,-,-,-,-,-,4360(1),-
APMgmt-S1B-LOC-CatB,S1B,Andhra Pradesh,"Katuri Med Coll, Guntur",SPM,"₹3,10,500*",Info not available*,1*,Info not available*,1100,-,-,-,-,-,-,-,3880(1),3981(1),4387(1),-
APMgmt-S3-CatC-Inst,S3,Andhra Pradesh,"Narayana Med Coll, Nellore",OPHTHALMOLOGY,"₹57,50,000*","₹40,000*",1*,Info not available*,1430,-,2598(1),-,-,-,-,-,4212(1),4212(1),4399(1),-
APMgmt-S3-CatC-Inst,S3,Andhra Pradesh,"PES IMS, Kuppam",ORTHOPAEDICS,"₹57,50,000*","₹30,000*",1*,Info not available*,975,-,3127(1),-,-,-,-,-,-,-,4401(1),-
APMgmt-S2-CatC-NRI,S2,Andhra Pradesh,"NRI Med Coll, Guntur",OPHTHALMOLOGY,"₹57,50,000*","₹27,000*",1*,Info not available*,1050,-,2206(1),-,-,-,-,-,3272(1),4041(1),4402(1),-
APMgmt-S2-CatC-NRI,S2,Andhra Pradesh,"Alluri Sitaram Raju, Eluru",GENERAL SURGERY,"₹57,50,000*","₹30,000*",1*,Info not available*,1200,-,2866(3),-,-,-,-,-,-,-,4406(3),-
APMgmt-S3-CatC-Inst,S3,Andhra Pradesh,"Dr PSI Med Coll, Chinoutpalli",ENT,"₹57,50,000*","₹27,000*",1*,Info not available*,790,-,2882(1),-,-,-,-,-,-,-,4410(1),-
APMgmt-S2-CatC-NRI,S2,Andhra Pradesh,"GreatEastern MedSch,Srikakulam",EMERGENCY MEDICINE,"₹57,50,000*",Info not available*,1*,Info not available*,780,1869(1),1959(1),-,-,-,-,-,4044(1),4004(1),4411(1),1709(1)
APMgmt-S2-CatC-NRI,S2,Andhra Pradesh,"Fathima IMS,Kadapa",RADIO DIAGNOSIS,"₹57,50,000*","₹25,000*",1*,Info not available*,750,-,-,-,-,-,-,-,1588(1),3942(1),4423(1),-
APMgmt-S2-CatC-NRI,S2,Andhra Pradesh,"GSL Med Coll, Rajahmundry",TBRD,"₹57,50,000*","₹30,000*",1*,Info not available*,1140,-,2627(1),-,-,-,-,-,-,-,4429(2),-
APMgmt-S2-CatC-NRI,S2,Andhra Pradesh,"Alluri Sitaram Raju, Eluru",ORTHOPAEDICS,"₹57,50,000*","₹30,000*",1*,Info not available*,1200,-,3080(2),2813(1),-,-,-,-,-,-,4430(1),-
APMgmt-S3-CatC-Inst,S3,Andhra Pradesh,"Dr PSI Med Coll, Chinoutpalli",OBG,"₹57,50,000*","₹27,000*",1*,Info not available*,790,2210(1),2336(1),-,-,-,-,-,4232(1),4232(1),4446(1),-
APMgmt-S2-CatC-NRI,S2,Andhra Pradesh,"Alluri Sitaram Raju, Eluru",OPHTHALMOLOGY,"₹57,50,000*","₹30,000*",1*,Info not available*,1200,2094(1),2858(1),2640(1),-,-,-,-,4214(1),4214(1),4448(1),-
APMgmt-S2-CatC-NRI,S2,Andhra Pradesh,"NRI Inst of Med Sci, Vizag",PATHOLOGY,"₹17,25,000*","₹40,000*",1*,Info not available*,980,-,-,-,-,-,-,3321(1),-,-,4451(1),-
APMgmt-S2-CatC-NRI,S2,Andhra Pradesh,"Narayana Med Coll, Nellore",ENT,"₹57,50,000*","₹40,000*",1*,Info not available*,1430,-,2593(1),3123(1),-,-,-,-,-,-,4456(1),-
APMgmt-S1B-LOC-CatB,S1B,Andhra Pradesh,"PES IMS, Kuppam",SPM,"₹3,10,500*","₹30,000*",1*,Info not available*,975,-,2884(1),-,-,-,-,-,3981(1),-,4457(1),-
APMgmt-S3-CatC-Inst,S3,Andhra Pradesh,"PES IMS, Kuppam",RADIO DIAGNOSIS,"₹57,50,000*","₹30,000*",1*,Info not available*,975,-,2924(1),-,-,-,-,-,4242(1),4242(1),4463(1),-
APMgmt-S3-CatC-Inst,S3,Andhra Pradesh,"GreatEastern MedSch,Srikakulam",PAEDIATRICS,"₹57,50,000*",Info not available*,1*,Info not available*,780,2227(1),2353(1),-,-,-,-,-,4247(1),4247(1),4474(1),-
APMgmt-S1B-LOC-CatB,S1B,Andhra Pradesh,"Alluri Sitaram Raju, Eluru",MICROBIOLOGY,"₹3,10,500*","₹30,000*",1*,Info not available*,1200,-,-,-,-,-,-,-,-,-,4483(1),-
APMgmt-S2-CatC-NRI,S2,Andhra Pradesh,"VMC, Kurnool",PATHOLOGY,"₹17,25,000*","₹30,000*",1*,Info not available*,650,-,-,-,-,-,3350(1),-,-,-,4507(1),-
APMgmt-S3-CatC-Inst,S3,Andhra Pradesh,"Narayana Med Coll, Nellore",RADIO DIAGNOSIS,"₹57,50,000*","₹40,000*",1*,Info not available*,1430,2244(1),2409(1),-,-,-,-,-,-,-,4508(1),-
APMgmt-S2-CatC-NRI,S2,Andhra Pradesh,"Dr PSI Med Coll, Chinoutpalli",ORTHOPAEDICS,"₹57,50,000*","₹27,000*",1*,Info not available*,790,2084(1),3022(1),-,-,-,-,-,-,4105(1),4518(1),-
APMgmt-S1B-LOC-CatB,S1B,Andhra Pradesh,"Dr PSI Med Coll, Chinoutpalli",DCP,"₹3,10,500*","₹27,000*",1*,Info not available*,790,-,-,-,2743(1),-,-,-,3476(1),-,4519(1),-
APMgmt-S2-CatC-NRI,S2,Andhra Pradesh,"NRI Inst of Med Sci, Vizag",GENERAL SURGERY,"₹57,50,000*","₹40,000*",1*,Info not available*,980,-,2827(1),-,-,-,-,-,-,4045(1),4522(1),-
APMgmt-S2-CatC-NRI,S2,Andhra Pradesh,"GSL Med Coll, Rajahmundry",GENERAL SURGERY,"₹57,50,000*","₹30,000*",1*,Info not available*,1140,2205(4),2946(4),-,-,-,-,-,-,3739(1),4523(4),1592(1)
APMgmt-S3-CatC-Inst,S3,Andhra Pradesh,"NRI Med Coll, Guntur",GENERAL MEDICINE,"₹57,50,000*","₹27,000*",1*,Info not available*,1050,1412(1),1472(1),-,-,-,-,-,-,-,4530(1),-
APMgmt-S2-CatC-NRI,S2,Andhra Pradesh,"Dr PSI Med Coll, Chinoutpalli",PATHOLOGY,"₹17,25,000*","₹27,000*",1*,Info not available*,790,-,-,-,-,-,3253(1),-,-,-,4531(1),-
APMgmt-S3-CatC-Inst,S3,Andhra Pradesh,"Nimra Inst of Med Sci, Krishna",OBG,"₹57,50,000*",Info not available*,1*,Info not available*,-,-,3086(1),-,-,-,-,-,-,-,4539(1),-
APMgmt-S3-CatC-Inst,S3,Andhra Pradesh,"Nimra Inst of Med Sci, Krishna",GENERAL MEDICINE,"₹57,50,000*",Info not available*,1*,Info not available*,-,-,-,2665(1),-,-,-,-,-,-,4546(1),-
APMgmt-S3-CatC-Inst,S3,Andhra Pradesh,"Maharajah IMS, Vizianagaram",PAEDIATRICS,"₹57,50,000*",Info not available*,1*,Info not available*,850,-,3099(1),-,-,-,-,-,-,-,4552(1),-
APMgmt-S1B-LOC-CatB,S1B,Andhra Pradesh,"NRI Inst of Med Sci, Vizag",MICROBIOLOGY,"₹3,10,500*","₹40,000*",1*,Info not available*,980,-,-,-,-,-,-,-,-,-,4557(1),-
APMgmt-S2-CatC-NRI,S2,Andhra Pradesh,"PES IMS, Kuppam",ORTHOPAEDICS,"₹57,50,000*","₹30,000*",1*,Info not available*,975,-,2972(1),-,-,-,-,-,3970(2),-,4558(2),1587(1)
APMgmt-S2-CatC-NRI,S2,Andhra Pradesh,"Apollo IMS&R, Chittoor",GENERAL SURGERY,"₹57,50,000*","₹30,000*",1*,Info not available*,850,-,2752(1),-,-,-,-,-,-,-,4575(1),1732(1)
APMgmt-S3-CatC-Inst,S3,Andhra Pradesh,"Santhiram Med Coll, Nandyal",ANAESTHESIOLOGY,"₹57,50,000*","₹30,000*",1*,Info not available*,930,-,-,-,-,-,-,-,-,-,4576(1),-
APMgmt-S3-CatC-Inst,S3,Andhra Pradesh,"Nimra Inst of Med Sci, Krishna",GENERAL SURGERY,"₹57,50,000*",Info not available*,1*,Info not available*,-,-,-,3398(1),-,-,-,-,-,-,4580(1),-
APMgmt-S1B-LOC-CatB,S1B,Andhra Pradesh,"Narayana Med Coll, Nellore",SPM,"₹3,10,500*","₹40,000*",1*,Info not available*,1430,-,2775(1),-,-,-,-,3120(1),2356(1),4109(1),4581(1),-
APMgmt-S3-CatC-Inst,S3,Andhra Pradesh,"NRI Med Coll, Guntur",GENERAL SURGERY,"₹57,50,000*","₹27,000*",1*,Info not available*,1050,1637(1),1709(1),-,-,-,-,-,-,-,4590(1),-
APMgmt-S2-CatC-NRI,S2,Andhra Pradesh,"NRI Med Coll, Guntur",ENT,"₹57,50,000*","₹27,000*",1*,Info not available*,1050,-,2749(1),-,-,-,-,-,4121(1),-,4594(1),-
APMgmt-S2-CatC-NRI,S2,Andhra Pradesh,"Santhiram Med Coll, Nandyal",ENT,"₹57,50,000*","₹30,000*",1*,Info not available*,930,-,-,-,-,-,-,-,-,-,4620(1),-
APMgmt-S2-CatC-NRI,S2,Andhra Pradesh,"Dr PSI Med Coll, Chinoutpalli",PSYCHIATRY,"₹57,50,000*","₹27,000*",1*,Info not available*,790,1981(1),2082(1),-,-,-,-,-,-,-,4628(1),-
APMgmt-S2-CatC-NRI,S2,Andhra Pradesh,"Dr PSI Med Coll, Chinoutpalli",ENT,"₹57,50,000*","₹27,000*",1*,Info not available*,790,-,2725(1),-,-,-,-,-,-,-,4633(1),-
APMgmt-S2-CatC-NRI,S2,Andhra Pradesh,"GVP Med Coll, Vizag",ORTHOPAEDICS,"₹57,50,000*","₹30,000*",1*,Info not available*,750,-,3132(1),-,-,-,-,-,-,-,4638(1),-
APMgmt-S2-CatC-NRI,S2,Andhra Pradesh,"PES IMS, Kuppam",PSYCHIATRY,"₹57,50,000*","₹30,000*",1*,Info not available*,975,2068(1),2177(1),-,-,-,-,-,-,-,4642(1),1905(1)
APMgmt-S2-CatC-NRI,S2,Andhra Pradesh,"GVP Med Coll, Vizag",GENERAL SURGERY,"₹57,50,000*","₹30,000*",1*,Info not available*,750,-,2631(1),-,-,-,-,-,-,-,4648(1),-
APMgmt-S1B-LOC-CatB,S1B,Andhra Pradesh,"Alluri Sitaram Raju, Eluru",SPM,"₹3,10,500*","₹30,000*",1*,Info not available*,1200,-,3358(1),-,-,-,-,-,3443(1),3326(1),4649(1),-
APMgmt-S2-CatC-NRI,S2,Andhra Pradesh,"Nimra Inst of Med Sci, Krishna",GENERAL MEDICINE,"₹57,50,000*",Info not available*,1*,Info not available*,-,2093(1),-,-,2774(1),-,-,-,-,-,4652(1),1524(1)
APMgmt-S2-CatC-NRI,S2,Andhra Pradesh,"Fathima IMS,Kadapa",GENERAL MEDICINE,"₹57,50,000*","₹25,000*",1*,Info not available*,750,-,3319(1),2986(1),2842(1),2511(1),2513(1),-,-,-,4666(1),2001(1)
APMgmt-S3-CatC-Inst,S3,Andhra Pradesh,"Nimra Inst of Med Sci, Krishna",ORTHOPAEDICS,"₹57,50,000*",Info not available*,1*,Info not available*,-,-,-,3167(1),-,-,-,-,-,-,4669(1),-
APMgmt-S3-CatC-Inst,S3,Andhra Pradesh,"GSL Med Coll, Rajahmundry",GENERAL SURGERY,"₹57,50,000*","₹30,000*",1*,Info not available*,1140,2037(2),2144(2),-,-,-,-,-,-,-,4679(1),1717(1)
APMgmt-S2-CatC-NRI,S2,Andhra Pradesh,"GreatEastern MedSch,Srikakulam",GENERAL SURGERY,"₹57,50,000*",Info not available*,1*,Info not available*,780,2197(2),2585(2),-,-,-,-,-,4045(1),-,4687(2),1410(1)
APMgmt-S1B-LOC-CatB,S1B,Andhra Pradesh,"Konaseema IMS, Amalapuram",SPM,"₹3,10,500*","₹30,000*",1*,Info not available*,840,-,-,-,-,-,-,-,3902(1),-,4691(1),-
APMgmt-S2-CatC-NRI,S2,Andhra Pradesh,"Santhiram Med Coll, Nandyal",ORTHOPAEDICS,"₹57,50,000*","₹30,000*",1*,Info not available*,930,-,3124(1),-,-,-,-,-,-,-,4692(1),-
APMgmt-S2-CatC-NRI,S2,Andhra Pradesh,"VMC, Kurnool",RADIATION ONCOLOGY,"₹57,50,000*","₹30,000*",1*,Info not available*,650,-,3363(1),3281(1),-,-,-,-,-,-,4693(1),-
APMgmt-S2-CatC-NRI,S2,Andhra Pradesh,"VMC, Kurnool",ANAESTHESIOLOGY,"₹57,50,000*","₹30,000*",1*,Info not available*,650,-,2980(1),-,-,-,-,-,-,-,4694(1),-
APMgmt-S2-CatC-NRI,S2,Andhra Pradesh,"Konaseema IMS, Amalapuram",GENERAL SURGERY,"₹57,50,000*","₹30,000*",1*,Info not available*,840,-,2890(1),-,-,-,-,-,-,-,4703(2),1793(1)
APMgmt-S2-CatC-NRI,S2,Andhra Pradesh,"Katuri Med Coll, Guntur",GENERAL SURGERY,"₹57,50,000*",Info not available*,1*,Info not available*,1100,-,2989(1),-,-,-,-,-,-,-,4706(2),-
APMgmt-S3-CatC-Inst,S3,Andhra Pradesh,"NRI Med Coll, Guntur",PAEDIATRICS,"₹57,50,000*","₹27,000*",1*,Info not available*,1050,1938(1),2036(1),-,-,-,-,-,-,-,4711(1),-
APMgmt-S2-CatC-NRI,S2,Andhra Pradesh,"Santhiram Med Coll, Nandyal",GENERAL SURGERY,"₹57,50,000*","₹30,000*",1*,Info not available*,930,-,2796(1),-,-,-,-,-,-,-,4718(2),-
APMgmt-S2-CatC-NRI,S2,Andhra Pradesh,"NRI Inst of Med Sci, Vizag",ORTHOPAEDICS,"₹57,50,000*","₹40,000*",1*,Info not available*,980,-,3173(1),-,-,-,-,-,-,-,4722(1),1842(1)
APMgmt-S2-CatC-NRI,S2,Andhra Pradesh,"Maharajah IMS, Vizianagaram",ORTHOPAEDICS,"₹57,50,000*",Info not available*,1*,Info not available*,850,-,3108(1),3188(1),2660(1),-,-,-,-,-,4723(1),-
APMgmt-S3-CatC-Inst,S3,Andhra Pradesh,"NRI Med Coll, Guntur",PSYCHIATRY,"₹57,50,000*","₹27,000*",1*,Info not available*,1050,-,-,-,-,-,-,-,-,-,4725(1),-
APMgmt-S1B-LOC-CatB,S1B,Andhra Pradesh,"GVP Med Coll, Vizag",SPM,"₹3,10,500*","₹30,000*",1*,Info not available*,750,-,3279(1),-,-,-,-,-,3457(1),3457(1),4741(1),-
APMgmt-S2-CatC-NRI,S2,Andhra Pradesh,"Maharajah IMS, Vizianagaram",GENERAL SURGERY,"₹57,50,000*",Info not available*,1*,Info not available*,850,2285(1),2521(1),-,-,-,-,-,-,4088(1),4742(2),-
APMgmt-S3-CatC-Inst,S3,Andhra Pradesh,"Maharajah IMS, Vizianagaram",GENERAL SURGERY,"₹57,50,000*",Info not available*,1*,Info not available*,850,2295(1),2552(1),-,-,-,-,-,-,-,4746(1),-
APMgmt-S3-CatC-Inst,S3,Andhra Pradesh,"Dr PSI Med Coll, Chinoutpalli",ORTHOPAEDICS,"₹57,50,000*","₹27,000*",1*,Info not available*,790,-,2497(1),-,-,-,-,-,-,-,4747(1),-
APMgmt-S1B-LOC-CatB,S1B,Andhra Pradesh,"Alluri Sitaram Raju, Eluru",FORENSIC MEDICINE,"₹3,10,500*","₹30,000*",1*,Info not available*,1200,-,-,-,-,2893(1),-,-,3605(1),3731(1),4762(1),-
APMgmt-S2-CatC-NRI,S2,Andhra Pradesh,"Katuri Med Coll, Guntur",ORTHOPAEDICS,"₹57,50,000*",Info not available*,1*,Info not available*,1100,-,3027(1),-,-,-,-,-,-,-,4766(1),1543(1)
APMgmt-S2-CatC-NRI,S2,Andhra Pradesh,"Narayana Med Coll, Nellore",ANAESTHESIOLOGY,"₹57,50,000*","₹40,000*",1*,Info not available*,1430,-,3178(2),-,-,-,-,-,-,-,4770(2),-
APMgmt-S3-CatC-Inst,S3,Andhra Pradesh,"NRI Med Coll, Guntur",RADIO DIAGNOSIS,"₹57,50,000*","₹27,000*",1*,Info not available*,1050,-,2416(1),-,-,-,-,-,-,-,4794(1),-
APMgmt-S3-CatC-Inst,S3,Andhra Pradesh,"Maharajah IMS, Vizianagaram",OBG,"₹57,50,000*",Info not available*,1*,Info not available*,850,-,3336(1),-,-,-,-,-,-,-,4796(1),-
APMgmt-S3-CatC-Inst,S3,Andhra Pradesh,"Katuri Med Coll, Guntur",GENERAL SURGERY,"₹57,50,000*",Info not available*,1*,Info not available*,1100,-,3205(1),-,-,-,-,-,-,-,4801(1),-
APMgmt-S2-CatC-NRI,S2,Andhra Pradesh,"GSL Med Coll, Rajahmundry",ORTHOPAEDICS,"₹57,50,000*","₹30,000*",1*,Info not available*,1140,-,3040(3),-,-,-,-,-,-,4234(2),4802(3),1827(2)
APMgmt-S2-CatC-NRI,S2,Andhra Pradesh,"GreatEastern MedSch,Srikakulam",ORTHOPAEDICS,"₹57,50,000*",Info not available*,1*,Info not available*,780,-,3088(1),-,-,-,-,-,-,-,4808(1),-
APMgmt-S1B-LOC-CatB,S1B,Andhra Pradesh,"VMC, Kurnool",PHARMACOLOGY,"₹3,10,500*","₹30,000*",1*,Info not available*,650,-,-,-,-,-,-,-,-,-,4809(1),-
APMgmt-S1B-LOC-CatB,S1B,Andhra Pradesh,"NRI Med Coll, Guntur",PHARMACOLOGY,"₹3,10,500*","₹27,000*",1*,Info not available*,1050,-,-,-,-,-,-,-,-,-,4812(1),-
APMgmt-S1B-LOC-CatB,S1B,Andhra Pradesh,"GreatEastern MedSch,Srikakulam",SPM,"₹3,10,500*",Info not available*,1*,Info not available*,780,-,-,-,-,-,-,-,3716(1),3741(1),4822(1),-
APMgmt-S3-CatC-Inst,S3,Andhra Pradesh,"Konaseema IMS, Amalapuram",GENERAL MEDICINE,"₹57,50,000*","₹30,000*",1*,Info not available*,840,2127(1),2246(1),-,-,-,-,-,-,-,4823(1),-
APMgmt-S3-CatC-Inst,S3,Andhra Pradesh,"Dr PSI Med Coll, Chinoutpalli",GENERAL MEDICINE,"₹57,50,000*","₹27,000*",1*,Info not available*,790,2151(2),2274(2),-,-,-,-,-,-,-,4825(1),-
APMgmt-S2-CatC-NRI,S2,Andhra Pradesh,"Fathima IMS,Kadapa",PAEDIATRICS,"₹57,50,000*","₹25,000*",1*,Info not available*,750,-,3217(1),3013(1),2878(1),2577(1),-,-,-,-,4828(1),1677(1)
APMgmt-S2-CatC-NRI,S2,Andhra Pradesh,"VMC, Kurnool",ENT,"₹57,50,000*","₹30,000*",1*,Info not available*,650,-,-,-,-,-,-,-,-,-,4833(1),-
APMgmt-S2-CatC-NRI,S2,Andhra Pradesh,"Nimra Inst of Med Sci, Krishna",OBG,"₹57,50,000*",Info not available*,1*,Info not available*,-,-,3054(1),2915(1),3113(1),-,-,-,-,-,4834(1),-
APMgmt-S3-CatC-Inst,S3,Andhra Pradesh,"Nimra Inst of Med Sci, Krishna",ANAESTHESIOLOGY,"₹57,50,000*",Info not available*,1*,Info not available*,-,-,-,2909(1),-,-,-,-,-,-,4836(1),-
APMgmt-S2-CatC-NRI,S2,Andhra Pradesh,"PES IMS, Kuppam",ENT,"₹57,50,000*","₹30,000*",1*,Info not available*,975,1936(1),2034(1),-,-,-,-,-,-,-,4839(1),-
APMgmt-S3-CatC-Inst,S3,Andhra Pradesh,"Maharajah IMS, Vizianagaram",ORTHOPAEDICS,"₹57,50,000*",Info not available*,1*,Info not available*,850,-,3304(1),-,-,-,-,-,-,-,4857(1),2012(1)
APMgmt-S2-CatC-NRI,S2,Andhra Pradesh,"Alluri Sitaram Raju, Eluru",PATHOLOGY,"₹17,25,000*","₹30,000*",1*,Info not available*,1200,-,-,-,-,-,3268(1),-,-,-,4866(1),1833(1)
APMgmt-S2-CatC-NRI,S2,Andhra Pradesh,"Alluri Sitaram Raju, Eluru",ENT,"₹57,50,000*","₹30,000*",1*,Info not available*,1200,-,2982(1),-,-,-,-,-,-,-,4869(1),-
APMgmt-S3-CatC-Inst,S3,Andhra Pradesh,"NRI Med Coll, Guntur",TBRD,"₹57,50,000*","₹27,000*",1*,Info not available*,1050,-,-,-,-,-,-,-,-,-,4876(1),-
APMgmt-S2-CatC-NRI,S2,Andhra Pradesh,"NRI Med Coll, Guntur",PATHOLOGY,"₹17,25,000*","₹27,000*",1*,Info not available*,1050,-,3243(1),-,-,-,-,-,-,-,4881(1),-
APMgmt-S3-CatC-Inst,S3,Andhra Pradesh,"NRI Med Coll, Guntur",ORTHOPAEDICS,"₹57,50,000*","₹27,000*",1*,Info not available*,1050,2080(1),2190(1),-,-,-,-,-,-,-,4888(1),-
APMgmt-S3-CatC-Inst,S3,Andhra Pradesh,"Konaseema IMS, Amalapuram",PAEDIATRICS,"₹57,50,000*","₹30,000*",1*,Info not available*,840,-,3394(1),-,-,-,-,-,-,-,4889(1),-
APMgmt-S2-CatC-NRI,S2,Andhra Pradesh,"GSL Med Coll, Rajahmundry",ENT,"₹57,50,000*","₹30,000*",1*,Info not available*,1140,-,2793(1),-,-,-,-,-,-,-,4896(1),-
APMgmt-S3-CatC-Inst,S3,Andhra Pradesh,"Narayana Med Coll, Nellore",ORTHOPAEDICS,"₹57,50,000*","₹40,000*",1*,Info not available*,1430,2011(1),2114(1),-,-,-,-,-,4226(1),4226(1),4903(2),-
APMgmt-S3-CatC-Inst,S3,Andhra Pradesh,"Maharajah IMS, Vizianagaram",GENERAL MEDICINE,"₹57,50,000*",Info not available*,1*,Info not available*,850,2092(1),2204(1),-,-,-,-,-,-,-,4909(2),-
APMgmt-S3-CatC-Inst,S3,Andhra Pradesh,"Narayana Med Coll, Nellore",ANAESTHESIOLOGY,"₹57,50,000*","₹40,000*",1*,Info not available*,1430,-,2628(1),-,-,-,-,-,-,-,4910(1),-
APMgmt-S1B-LOC-CatB,S1B,Andhra Pradesh,"Maharajah IMS, Vizianagaram",SPM,"₹3,10,500*",Info not available*,1*,Info not available*,850,-,-,-,-,-,-,-,4042(1),-,4911(1),-
APMgmt-S2-CatC-NRI,S2,Andhra Pradesh,"Katuri Med Coll, Guntur",ENT,"₹57,50,000*",Info not available*,1*,Info not available*,1100,-,2981(1),-,-,-,-,-,-,-,4912(1),1801(1)
APMgmt-S2-CatC-NRI,S2,Andhra Pradesh,"GSL Med Coll, Rajahmundry",ANAESTHESIOLOGY,"₹57,50,000*","₹30,000*",1*,Info not available*,1140,-,3332(1),3257(1),2591(1),3049(1),-,-,-,-,4924(1),-
APMgmt-S3-CatC-Inst,S3,Andhra Pradesh,"Narayana Med Coll, Nellore",PAEDIATRICS,"₹57,50,000*","₹40,000*",1*,Info not available*,1430,2192(1),2316(1),-,-,-,-,-,-,-,4935(1),-
APMgmt-S3-CatC-Inst,S3,Andhra Pradesh,"Katuri Med Coll, Guntur",OBG,"₹57,50,000*",Info not available*,1*,Info not available*,1100,-,3130(1),-,-,-,-,-,-,-,4940(1),-
APMgmt-S3-CatC-Inst,S3,Andhra Pradesh,"GSL Med Coll, Rajahmundry",OPHTHALMOLOGY,"₹57,50,000*","₹30,000*",1*,Info not available*,1140,2122(1),2240(1),-,-,-,-,-,-,-,4943(1),-
APMgmt-S3-CatC-Inst,S3,Andhra Pradesh,"NRI Med Coll, Guntur",OPHTHALMOLOGY,"₹57,50,000*","₹27,000*",1*,Info not available*,1050,2052(1),2160(1),-,-,-,-,-,-,-,4948(1),-
APMgmt-S1B-LOC-CatB,S1B,Andhra Pradesh,"Narayana Med Coll, Nellore",PHARMACOLOGY,"₹3,10,500*","₹40,000*",1*,Info not available*,1430,-,3143(1),-,-,-,-,-,3372(1),-,4951(1),-
APMgmt-S3-CatC-Inst,S3,Andhra Pradesh,"Konaseema IMS, Amalapuram",ORTHOPAEDICS,"₹57,50,000*","₹30,000*",1*,Info not available*,840,-,3399(1),-,-,-,-,-,-,-,4954(1),-
APMgmt-S3-CatC-Inst,S3,Andhra Pradesh,"Konaseema IMS, Amalapuram",RADIO DIAGNOSIS,"₹57,50,000*","₹30,000*",1*,Info not available*,840,2253(1),2432(1),-,-,-,-,-,-,-,4958(1),-
APMgmt-S3-CatC-Inst,S3,Andhra Pradesh,"PES IMS, Kuppam",OPHTHALMOLOGY,"₹57,50,000*","₹30,000*",1*,Info not available*,975,-,-,-,-,-,-,-,-,-,4968(1),-
APMgmt-S3-CatC-Inst,S3,Andhra Pradesh,"PES IMS, Kuppam",PAEDIATRICS,"₹57,50,000*","₹30,000*",1*,Info not available*,975,2310(1),2582(1),-,-,-,-,-,-,-,4975(1),-
APMgmt-S3-CatC-Inst,S3,Andhra Pradesh,"GSL Med Coll, Rajahmundry",OBG,"₹57,50,000*","₹30,000*",1*,Info not available*,1140,2225(2),2351(2),-,-,-,-,-,-,-,4982(1),-
APMgmt-S3-CatC-Inst,S3,Andhra Pradesh,"GSL Med Coll, Rajahmundry",PAEDIATRICS,"₹57,50,000*","₹30,000*",1*,Info not available*,1140,2265(2),2471(2),-,-,-,-,-,-,-,4983(2),-
APMgmt-S3-CatC-Inst,S3,Andhra Pradesh,"Narayana Med Coll, Nellore",OBG,"₹57,50,000*","₹40,000*",1*,Info not available*,1430,-,2667(1),-,-,-,-,-,-,-,4990(1),-
APMgmt-S2-CatC-NRI,S2,Andhra Pradesh,"NRI Med Coll, Guntur",ANAESTHESIOLOGY,"₹57,50,000*","₹27,000*",1*,Info not available*,1050,-,3309(2),-,-,-,-,-,-,-,4999(1),-
APMgmt-S3-CatC-Inst,S3,Andhra Pradesh,"Alluri Sitaram Raju, Eluru",OBG,"₹57,50,000*","₹30,000*",1*,Info not available*,1200,-,3106(2),-,-,-,-,-,-,-,5003(1),-
APMgmt-S2-CatC-NRI,S2,Andhra Pradesh,"GreatEastern MedSch,Srikakulam",ANAESTHESIOLOGY,"₹57,50,000*",Info not available*,1*,Info not available*,780,2251(1),-,3353(1),3022(1),-,-,-,-,-,5005(1),1961(1)
APMgmt-S2-CatC-NRI,S2,Andhra Pradesh,"PES IMS, Kuppam",SPM,"₹17,25,000*","₹30,000*",1*,Info not available*,975,-,-,-,-,-,-,-,-,-,5011(1),-
APMgmt-S2-CatC-NRI,S2,Andhra Pradesh,"Alluri Sitaram Raju, Eluru",ANAESTHESIOLOGY,"₹57,50,000*","₹30,000*",1*,Info not available*,1200,-,3376(2),2960(1),2887(1),2984(1),3150(1),-,3025(1),-,5012(1),1648(2)
APMgmt-S3-CatC-Inst,S3,Andhra Pradesh,"GSL Med Coll, Rajahmundry",GENERAL MEDICINE,"₹57,50,000*","₹30,000*",1*,Info not available*,1140,2002(2),2104(2),-,-,-,-,-,-,-,5018(2),-
APMgmt-S3-CatC-Inst,S3,Andhra Pradesh,"Alluri Sitaram Raju, Eluru",ORTHOPAEDICS,"₹57,50,000*","₹30,000*",1*,Info not available*,1200,2110(1),2223(1),-,-,-,-,-,-,-,5019(1),-
APMgmt-S3-CatC-Inst,S3,Andhra Pradesh,"PES IMS, Kuppam",GENERAL SURGERY,"₹57,50,000*","₹30,000*",1*,Info not available*,975,2304(1),2570(1),-,-,-,-,-,-,-,5021(1),-
APMgmt-S2-CatC-NRI,S2,Andhra Pradesh,"PES IMS, Kuppam",ANAESTHESIOLOGY,"₹57,50,000*","₹30,000*",1*,Info not available*,975,2111(1),3135(1),-,-,-,-,-,-,-,5022(2),-
APMgmt-S3-CatC-Inst,S3,Andhra Pradesh,"Konaseema IMS, Amalapuram",OBG,"₹57,50,000*","₹30,000*",1*,Info not available*,840,-,3269(1),-,-,-,-,-,-,-,5023(1),-
APMgmt-S3-CatC-Inst,S3,Andhra Pradesh,"PES IMS, Kuppam",ANAESTHESIOLOGY,"₹57,50,000*","₹30,000*",1*,Info not available*,975,-,2614(1),-,-,-,-,-,-,-,5024(1),-
APMgmt-S3-CatC-Inst,S3,Andhra Pradesh,"GSL Med Coll, Rajahmundry",ORTHOPAEDICS,"₹57,50,000*","₹30,000*",1*,Info not available*,1140,2212(1),2594(2),-,-,-,-,-,-,-,5028(2),-
APMgmt-S3-CatC-Inst,S3,Andhra Pradesh,"Alluri Sitaram Raju, Eluru",GENERAL MEDICINE,"₹57,50,000*","₹30,000*",1*,Info not available*,1200,2173(1),2562(2),-,-,-,-,-,3935(1),3935(1),5033(2),-
APMgmt-S3-CatC-Inst,S3,Andhra Pradesh,"Alluri Sitaram Raju, Eluru",RADIO DIAGNOSIS,"₹57,50,000*","₹30,000*",1*,Info not available*,1200,2213(1),2339(2),-,-,-,-,-,-,-,5035(2),-
APMgmt-S2-CatC-NRI,S2,Andhra Pradesh,"Narayana Med Coll, Nellore",PATHOLOGY,"₹17,25,000*","₹40,000*",1*,Info not available*,1430,-,-,-,3401(1),-,-,-,-,-,5036(1),-
APMgmt-S3-CatC-Inst,S3,Andhra Pradesh,"GVP Med Coll, Vizag",ANAESTHESIOLOGY,"₹57,50,000*","₹30,000*",1*,Info not available*,750,-,2878(1),-,-,-,-,-,-,-,5040(1),-
APMgmt-S3-CatC-Inst,S3,Andhra Pradesh,"Narayana Med Coll, Nellore",GENERAL SURGERY,"₹57,50,000*","₹40,000*",1*,Info not available*,1430,2217(2),2343(2),-,-,-,-,-,-,-,5042(2),-
APMgmt-S3-CatC-Inst,S3,Andhra Pradesh,"PES IMS, Kuppam",PSYCHIATRY,"₹57,50,000*","₹30,000*",1*,Info not available*,975,-,-,-,-,-,-,-,-,-,5043(1),-
APMgmt-S1B-LOC-CatB,S1B,Andhra Pradesh,"GSL Med Coll, Rajahmundry",SPM,"₹3,10,500*","₹30,000*",1*,Info not available*,1140,-,-,-,-,-,-,-,3618(1),-,5045(1),-
APMgmt-S1B-LOC-CatB,S1B,Andhra Pradesh,"NRI Inst of Med Sci, Vizag",SPM,"₹3,10,500*","₹40,000*",1*,Info not available*,980,-,3244(1),-,-,-,-,-,4261(1),3850(1),5054(1),-
APMgmt-S3-CatC-Inst,S3,Andhra Pradesh,"GreatEastern MedSch,Srikakulam",GENERAL MEDICINE,"₹57,50,000*",Info not available*,1*,Info not available*,780,-,3065(1),-,-,-,-,-,-,-,5059(1),-
APMgmt-S1B-LOC-CatB,S1B,Andhra Pradesh,"GSL Med Coll, Rajahmundry",MICROBIOLOGY,"₹3,10,500*","₹30,000*",1*,Info not available*,1140,-,-,-,-,-,-,-,-,-,5076(1),-
APMgmt-S3-CatC-Inst,S3,Andhra Pradesh,"Alluri Sitaram Raju, Eluru",ENT,"₹57,50,000*","₹30,000*",1*,Info not available*,1200,-,3110(1),-,-,-,-,-,-,-,5079(1),-
APMgmt-S1-All-CatB,S1A,Andhra Pradesh,"VMC, Kurnool",TBRD,"₹9,93,600*","₹30,000*",1*,Info not available*,650,-,-,-,-,-,-,-,-,-,-,176(1)
APMgmt-S1-All-CatB,S1A,Andhra Pradesh,"GSL Med Coll, Rajahmundry",TBRD,"₹9,93,600*","₹30,000*",1*,Info not available*,1140,-,-,-,-,-,-,-,-,-,-,223(1)
APMgmt-S1-All-CatB,S1A,Andhra Pradesh,"Alluri Sitaram Raju, Eluru",ORTHOPAEDICS,"₹9,93,600*","₹30,000*",1*,Info not available*,1200,-,-,-,-,-,-,-,-,-,-,287(1)
APMgmt-S1B-LOC-CatB,S1B,Andhra Pradesh,"Fathima IMS,Kadapa",OBG,"₹9,93,600*","₹25,000*",1*,Info not available*,750,-,-,-,-,-,-,-,-,-,-,429(1)
APMgmt-S1-All-CatB,S1A,Andhra Pradesh,"GreatEastern MedSch,Srikakulam",ANAESTHESIOLOGY,"₹9,93,600*",Info not available*,1*,Info not available*,780,-,-,-,-,-,-,-,-,-,-,460(1)
APMgmt-S1B-LOC-CatB,S1B,Andhra Pradesh,"Fathima IMS,Kadapa",DERMATOLOGY,"₹9,93,600*","₹25,000*",1*,Info not available*,750,-,-,-,-,-,-,-,-,-,-,550(1)
APMgmt-S1B-LOC-CatB,S1B,Andhra Pradesh,"Nimra Inst of Med Sci, Krishna",OBG,"₹9,93,600*",Info not available*,1*,Info not available*,-,-,-,-,-,-,-,-,-,-,-,557(1)
APMgmt-S1B-LOC-CatB,S1B,Andhra Pradesh,"Nimra Inst of Med Sci, Krishna",GENERAL SURGERY,"₹9,93,600*",Info not available*,1*,Info not available*,-,-,-,-,-,-,-,-,-,-,-,684(1)
APMgmt-S1B-LOC-CatB,S1B,Andhra Pradesh,"Fathima IMS,Kadapa",GENERAL SURGERY,"₹9,93,600*","₹25,000*",1*,Info not available*,750,-,-,-,-,-,-,-,-,-,-,749(1)
APMgmt-S1B-LOC-CatB,S1B,Andhra Pradesh,"Nimra Inst of Med Sci, Krishna",ANAESTHESIOLOGY,"₹9,93,600*",Info not available*,1*,Info not available*,-,-,-,-,-,-,-,-,-,-,-,1173(1)
APMgmt-S2-CatC-NRI,S2,Andhra Pradesh,"GVP Med Coll, Vizag",ANAESTHESIOLOGY,"₹57,50,000*","₹30,000*",1*,Info not available*,750,-,3093(1),-,-,-,-,-,-,-,-,1627(1)
APMgmt-S2-CatC-NRI,S2,Andhra Pradesh,"Konaseema IMS, Amalapuram",ANAESTHESIOLOGY,"₹57,50,000*","₹30,000*",1*,Info not available*,840,-,3343(1),-,-,-,-,-,-,-,-,1692(2)
APMgmt-S3-CatC-Inst,S3,Andhra Pradesh,"NRI Inst of Med Sci, Vizag",OBG,"₹57,50,000*","₹40,000*",1*,Info not available*,980,-,3273(1),-,-,-,-,-,-,-,-,1700(1)
APMgmt-S2-CatC-NRI,S2,Andhra Pradesh,"PES IMS, Kuppam",PATHOLOGY,"₹17,25,000*","₹30,000*",1*,Info not available*,975,-,-,-,3404(1),-,-,-,-,-,-,1714(1)
APMgmt-S2-CatC-NRI,S2,Andhra Pradesh,"NRI Inst of Med Sci, Vizag",ANAESTHESIOLOGY,"₹57,50,000*","₹40,000*",1*,Info not available*,980,-,3100(1),-,-,-,-,-,-,-,-,1747(1)
APMgmt-S3-CatC-Inst,S3,Andhra Pradesh,"GreatEastern MedSch,Srikakulam",ORTHOPAEDICS,"₹57,50,000*",Info not available*,1*,Info not available*,780,-,3069(1),-,-,-,-,-,-,-,-,1772(1)
APMgmt-S2-CatC-NRI,S2,Andhra Pradesh,"Fathima IMS,Kadapa",OBG,"₹57,50,000*","₹25,000*",1*,Info not available*,750,-,-,-,-,-,-,-,-,-,-,1780(1)
APMgmt-S3-CatC-Inst,S3,Andhra Pradesh,"GVP Med Coll, Vizag",GENERAL SURGERY,"₹57,50,000*","₹30,000*",1*,Info not available*,750,-,3247(1),-,-,-,-,-,-,-,-,1828(1)
APMgmt-S3-CatC-Inst,S3,Andhra Pradesh,"GreatEastern MedSch,Srikakulam",GENERAL SURGERY,"₹57,50,000*",Info not available*,1*,Info not available*,780,-,3045(1),-,-,-,-,-,-,-,-,1832(1)
APMgmt-S3-CatC-Inst,S3,Andhra Pradesh,"PES IMS, Kuppam",GENERAL MEDICINE,"₹57,50,000*","₹30,000*",1*,Info not available*,975,-,2602(2),-,-,-,-,-,-,-,-,1835(1)
APMgmt-S3-CatC-Inst,S3,Andhra Pradesh,"Katuri Med Coll, Guntur",ANAESTHESIOLOGY,"₹57,50,000*",Info not available*,1*,Info not available*,1100,-,-,-,-,3344(1),-,-,-,-,-,1851(1)
APMgmt-S2-CatC-NRI,S2,Andhra Pradesh,"Santhiram Med Coll, Nandyal",ANAESTHESIOLOGY,"₹57,50,000*","₹30,000*",1*,Info not available*,930,-,2874(1),-,-,-,-,-,-,-,-,1871(1)
APMgmt-S2-CatC-NRI,S2,Andhra Pradesh,"Nimra Inst of Med Sci, Krishna",ORTHOPAEDICS,"₹57,50,000*",Info not available*,1*,Info not available*,-,-,3356(1),-,-,-,-,-,-,-,-,1878(1)
APMgmt-S3-CatC-Inst,S3,Andhra Pradesh,"GSL Med Coll, Rajahmundry",PATHOLOGY,"₹17,25,000*","₹30,000*",1*,Info not available*,1140,-,3122(1),-,-,-,-,-,-,-,-,1881(1)
APMgmt-S2-CatC-NRI,S2,Andhra Pradesh,"Nimra Inst of Med Sci, Krishna",GENERAL SURGERY,"₹57,50,000*",Info not available*,1*,Info not available*,-,-,3125(1),3125(1),2892(1),3405(1),-,-,-,-,-,1890(1)
APMgmt-S2-CatC-NRI,S2,Andhra Pradesh,"Fathima IMS,Kadapa",GENERAL SURGERY,"₹57,50,000*","₹25,000*",1*,Info not available*,750,-,-,-,3134(1),3385(1),-,-,-,-,-,1902(1)
APMgmt-S3-CatC-Inst,S3,Andhra Pradesh,"GreatEastern MedSch,Srikakulam",ANAESTHESIOLOGY,"₹57,50,000*",Info not available*,1*,Info not available*,780,-,3166(1),-,-,-,-,-,-,-,-,1908(1)
APMgmt-S3-CatC-Inst,S3,Andhra Pradesh,"Konaseema IMS, Amalapuram",GENERAL SURGERY,"₹57,50,000*","₹30,000*",1*,Info not available*,840,-,3109(1),-,-,-,-,-,-,-,-,1921(1)
APMgmt-S3-CatC-Inst,S3,Andhra Pradesh,"VMC, Kurnool",RADIATION ONCOLOGY,"₹57,50,000*","₹30,000*",1*,Info not available*,650,-,-,-,-,-,-,-,-,-,-,1925(1)
APMgmt-S3-CatC-Inst,S3,Andhra Pradesh,"VMC, Kurnool",GENERAL MEDICINE,"₹57,50,000*","₹30,000*",1*,Info not available*,650,-,-,-,-,-,-,-,-,-,-,1943(1)
APMgmt-S3-CatC-Inst,S3,Andhra Pradesh,"NRI Inst of Med Sci, Vizag",GENERAL SURGERY,"₹57,50,000*","₹40,000*",1*,Info not available*,980,-,3388(1),-,-,-,-,-,-,-,-,1944(1)
APMgmt-S3-CatC-Inst,S3,Andhra Pradesh,"Katuri Med Coll, Guntur",PAEDIATRICS,"₹57,50,000*",Info not available*,1*,Info not available*,1100,-,2550(1),-,-,-,-,-,-,-,-,1946(1)
APMgmt-S3-CatC-Inst,S3,Andhra Pradesh,"Dr PSI Med Coll, Chinoutpalli",ANAESTHESIOLOGY,"₹57,50,000*","₹27,000*",1*,Info not available*,790,2188(1),2312(1),-,-,-,-,-,-,-,-,1948(1)
APMgmt-S1-All-CatB,S1A,Andhra Pradesh,"Dr PSI Med Coll, Chinoutpalli",PHARMACOLOGY,"₹3,10,500*","₹27,000*",1*,Info not available*,790,-,-,-,-,-,-,-,-,-,-,1954(1)
APMgmt-S3-CatC-Inst,S3,Andhra Pradesh,"Konaseema IMS, Amalapuram",ANAESTHESIOLOGY,"₹57,50,000*","₹30,000*",1*,Info not available*,840,2297(1),2554(1),-,-,-,-,-,-,-,-,1955(1)
APMgmt-S3-CatC-Inst,S3,Andhra Pradesh,"Santhiram Med Coll, Nandyal",PAEDIATRICS,"₹57,50,000*","₹30,000*",1*,Info not available*,930,-,-,-,-,-,-,-,-,-,-,1963(1)
APMgmt-S3-CatC-Inst,S3,Andhra Pradesh,"PES IMS, Kuppam",PATHOLOGY,"₹17,25,000*","₹30,000*",1*,Info not available*,975,-,3179(1),-,-,-,-,-,-,-,-,1971(1)
APMgmt-S3-CatC-Inst,S3,Andhra Pradesh,"Katuri Med Coll, Guntur",ORTHOPAEDICS,"₹57,50,000*",Info not available*,1*,Info not available*,1100,-,3185(1),-,-,-,-,-,-,-,-,1979(1)
APMgmt-S3-CatC-Inst,S3,Andhra Pradesh,"Alluri Sitaram Raju, Eluru",PAEDIATRICS,"₹57,50,000*","₹30,000*",1*,Info not available*,1200,2231(1),2357(1),-,-,-,-,-,-,-,-,1987(1)
APMgmt-S3-CatC-Inst,S3,Andhra Pradesh,"NRI Med Coll, Guntur",DERMATOLOGY,"₹57,50,000*","₹27,000*",1*,Info not available*,1050,-,-,-,-,-,-,-,-,-,-,1988(1)
APMgmt-S1-All-CatB,S1A,Andhra Pradesh,"Dr PSI Med Coll, Chinoutpalli",SPM,"₹3,10,500*","₹27,000*",1*,Info not available*,790,-,-,-,-,-,-,-,-,-,-,1994(1)
APMgmt-S3-CatC-Inst,S3,Andhra Pradesh,"Alluri Sitaram Raju, Eluru",ANAESTHESIOLOGY,"₹57,50,000*","₹30,000*",1*,Info not available*,1200,-,3227(1),-,-,-,-,-,-,-,-,1998(1)
APMgmt-S3-CatC-Inst,S3,Andhra Pradesh,"NRI Inst of Med Sci, Vizag",ANAESTHESIOLOGY,"₹57,50,000*","₹40,000*",1*,Info not available*,980,-,2997(1),-,-,-,-,-,-,-,-,2010(1)
APMgmt-S2-CatC-NRI,S2,Andhra Pradesh,"Nimra Inst of Med Sci, Krishna",ANAESTHESIOLOGY,"₹57,50,000*",Info not available*,1*,Info not available*,-,-,3284(1),-,-,-,-,-,-,-,-,2018(1)
APMgmt-S3-CatC-Inst,S3,Andhra Pradesh,"Katuri Med Coll, Guntur",GENERAL MEDICINE,"₹57,50,000*",Info not available*,1*,Info not available*,1100,-,2622(1),-,-,-,-,-,-,-,-,2020(1)
APMgmt-S3-CatC-Inst,S3,Andhra Pradesh,"Santhiram Med Coll, Nandyal",GENERAL MEDICINE,"₹57,50,000*","₹30,000*",1*,Info not available*,930,-,2801(1),-,-,-,-,-,-,-,-,2025(1)
APMgmt-S1B-LOC-CatB,S1B,Andhra Pradesh,"Apollo IMS&R, Chittoor",PHYSIOLOGY,"₹1,40,760*","₹30,000*",1*,Info not available*,850,-,-,-,-,-,-,-,-,3876(1),-,-
APMgmt-S1B-LOC-CatB,S1B,Andhra Pradesh,"Apollo IMS&R, Chittoor",ANATOMY,"₹1,40,760*","₹30,000*",1*,Info not available*,850,-,-,-,-,-,-,-,3938(1),-,-,-
APMgmt-S1B-LOC-CatB,S1B,Andhra Pradesh,"Alluri Sitaram Raju, Eluru",PHARMACOLOGY,"₹3,10,500*","₹30,000*",1*,Info not available*,1200,-,-,-,-,-,-,-,4020(1),3872(1),-,1900(1)
APMgmt-S1B-LOC-CatB,S1B,Andhra Pradesh,"Alluri Sitaram Raju, Eluru",PHYSIOLOGY,"₹1,40,760*","₹30,000*",1*,Info not available*,1200,-,-,-,-,-,-,-,-,4020(1),-,-
APMgmt-S1B-LOC-CatB,S1B,Andhra Pradesh,"Apollo IMS&R, Chittoor",DERMATOLOGY,"₹9,93,600*","₹30,000*",1*,Info not available*,850,93(1),357(1),-,-,-,-,-,-,-,-,-
APMgmt-S1B-LOC-CatB,S1B,Andhra Pradesh,"VMC, Kurnool",RADIO DIAGNOSIS,"₹9,93,600*","₹30,000*",1*,Info not available*,650,56(1),358(1),-,-,-,-,-,-,-,-,-
APMgmt-S1-All-CatB,S1A,Andhra Pradesh,"Maharajah IMS, Vizianagaram",RADIO DIAGNOSIS,"₹9,93,600*",Info not available*,1*,Info not available*,850,6(1),412(1),-,-,-,-,-,-,-,-,-
APMgmt-S1-All-CatB,S1A,Andhra Pradesh,"Narayana Med Coll, Nellore",OBG,"₹9,93,600*","₹40,000*",1*,Info not available*,1430,134(1),451(1),-,-,-,-,-,-,-,-,-
APMgmt-S1B-LOC-CatB,S1B,Andhra Pradesh,"NRI Med Coll, Guntur",FAMILY MEDICINE,"₹9,93,600*","₹27,000*",1*,Info not available*,1050,884(1),919(1),-,-,-,-,-,-,-,-,-
APMgmt-S2-CatC-NRI,S2,Andhra Pradesh,"Narayana Med Coll, Nellore",PSYCHIATRY,"₹57,50,000*","₹40,000*",1*,Info not available*,1430,1864(1),1953(1),-,-,-,-,-,-,-,-,-
APMgmt-S2-CatC-NRI,S2,Andhra Pradesh,"GVP Med Coll, Vizag",DERMATOLOGY,"₹57,50,000*","₹30,000*",1*,Info not available*,750,1909(1),2002(1),-,-,-,-,-,-,-,-,-
APMgmt-S3-CatC-Inst,S3,Andhra Pradesh,"Narayana Med Coll, Nellore",DERMATOLOGY,"₹57,50,000*","₹40,000*",1*,Info not available*,1430,1925(1),2019(1),-,-,-,-,-,-,-,-,-
APMgmt-S3-CatC-Inst,S3,Andhra Pradesh,"Narayana Med Coll, Nellore",TBRD,"₹57,50,000*","₹40,000*",1*,Info not available*,1430,1990(1),2091(1),-,-,-,-,-,-,-,-,-
APMgmt-S3-CatC-Inst,S3,Andhra Pradesh,"Apollo IMS&R, Chittoor",OBG,"₹57,50,000*","₹30,000*",1*,Info not available*,850,2030(1),2136(1),-,-,-,-,-,-,-,-,-
APMgmt-S1B-LOC-CatB,S1B,Andhra Pradesh,"GVP Med Coll, Vizag",OPHTHALMOLOGY,"₹9,93,600*","₹30,000*",1*,Info not available*,750,757(1),2142(1),-,-,-,-,-,-,-,-,-
APMgmt-S3-CatC-Inst,S3,Andhra Pradesh,"Santhiram Med Coll, Nandyal",OPHTHALMOLOGY,"₹57,50,000*","₹30,000*",1*,Info not available*,930,2072(1),2181(1),-,-,-,-,-,-,-,-,-
APMgmt-S2-CatC-NRI,S2,Andhra Pradesh,"GVP Med Coll, Vizag",OBG,"₹57,50,000*","₹30,000*",1*,Info not available*,750,2095(1),2207(1),-,-,-,-,-,-,-,-,-
APMgmt-S2-CatC-NRI,S2,Andhra Pradesh,"Apollo IMS&R, Chittoor",PAEDIATRICS,"₹57,50,000*","₹30,000*",1*,Info not available*,850,2134(1),2253(1),-,-,-,-,-,-,-,-,-
APMgmt-S1B-LOC-CatB,S1B,Andhra Pradesh,"Dr PSI Med Coll, Chinoutpalli",DPH,"₹3,10,500*","₹27,000*",1*,Info not available*,790,2293(1),-,-,-,-,-,-,-,-,-,-
APMgmt-S3-CatC-Inst,S3,Andhra Pradesh,"Dr PSI Med Coll, Chinoutpalli",TBRD,"₹57,50,000*","₹27,000*",1*,Info not available*,790,2224(1),2350(1),-,-,-,-,-,-,-,-,-
APMgmt-S2-CatC-NRI,S2,Andhra Pradesh,"Maharajah IMS, Vizianagaram",OPHTHALMOLOGY,"₹57,50,000*",Info not available*,1*,Info not available*,850,-,2405(1),-,-,-,-,-,-,-,-,-
APMgmt-S3-CatC-Inst,S3,Andhra Pradesh,"PES IMS, Kuppam",ENT,"₹57,50,000*","₹30,000*",1*,Info not available*,975,2248(1),2417(1),-,-,-,-,-,-,-,-,-
APMgmt-S2-CatC-NRI,S2,Andhra Pradesh,"GVP Med Coll, Vizag",TBRD,"₹57,50,000*","₹30,000*",1*,Info not available*,750,-,2655(1),-,-,-,-,-,-,-,-,-
APMgmt-S1B-LOC-CatB,S1B,Andhra Pradesh,"Apollo IMS&R, Chittoor",OPHTHALMOLOGY,"₹9,93,600*","₹30,000*",1*,Info not available*,850,687(1),1379(1),2657(1),-,-,-,-,-,-,-,-
APMgmt-S3-CatC-Inst,S3,Andhra Pradesh,"Maharajah IMS, Vizianagaram",DERMATOLOGY,"₹57,50,000*",Info not available*,1*,Info not available*,850,-,2731(1),-,-,-,-,-,-,-,-,-
APMgmt-S3-CatC-Inst,S3,Andhra Pradesh,"Katuri Med Coll, Guntur",RADIO DIAGNOSIS,"₹57,50,000*",Info not available*,1*,Info not available*,1100,-,2811(1),-,-,-,-,-,-,-,-,-
APMgmt-S2-CatC-NRI,S2,Andhra Pradesh,"GVP Med Coll, Vizag",ENT,"₹57,50,000*","₹30,000*",1*,Info not available*,750,2106(1),2897(1),-,-,-,-,-,-,-,-,-
APMgmt-S3-CatC-Inst,S3,Andhra Pradesh,"Apollo IMS&R, Chittoor",GENERAL MEDICINE,"₹57,50,000*","₹30,000*",1*,Info not available*,850,-,2990(1),-,-,-,-,-,-,-,-,-
APMgmt-S2-CatC-NRI,S2,Andhra Pradesh,"GSL Med Coll, Rajahmundry",PATHOLOGY,"₹17,25,000*","₹30,000*",1*,Info not available*,1140,-,3030(1),-,-,-,-,-,-,-,-,-
APMgmt-S1-All-CatB,S1A,Andhra Pradesh,"Santhiram Med Coll, Nandyal",PATHOLOGY,"₹3,10,500*","₹30,000*",1*,Info not available*,930,-,-,-,-,-,3123(1),-,-,-,-,-
APMgmt-S2-CatC-NRI,S2,Andhra Pradesh,"Alluri Sitaram Raju, Eluru",PSYCHIATRY,"₹57,50,000*","₹30,000*",1*,Info not available*,1200,-,3161(1),-,-,-,-,-,-,-,-,-
APMgmt-S2-CatC-NRI,S2,Andhra Pradesh,"Katuri Med Coll, Guntur",ANAESTHESIOLOGY,"₹57,50,000*",Info not available*,1*,Info not available*,1100,-,-,3186(1),3015(1),-,-,-,-,-,-,-
APMgmt-S1-All-CatB,S1A,Andhra Pradesh,"VMC, Kurnool",PATHOLOGY,"₹3,10,500*","₹30,000*",1*,Info not available*,650,-,-,-,-,-,3188(1),-,-,-,-,-
APMgmt-S2-CatC-NRI,S2,Andhra Pradesh,"VMC, Kurnool",PSYCHIATRY,"₹57,50,000*","₹30,000*",1*,Info not available*,650,-,3197(1),-,-,-,-,-,-,-,-,-
APMgmt-S3-CatC-Inst,S3,Andhra Pradesh,"Dr PSI Med Coll, Chinoutpalli",PATHOLOGY,"₹17,25,000*","₹27,000*",1*,Info not available*,790,-,3219(1),-,-,-,-,-,-,-,-,-
APMgmt-S1B-LOC-CatB,S1B,Andhra Pradesh,"NRI Med Coll, Guntur",MICROBIOLOGY,"₹3,10,500*","₹27,000*",1*,Info not available*,1050,-,-,-,-,-,-,3237(1),-,-,-,-
APMgmt-S2-CatC-NRI,S2,Andhra Pradesh,"Maharajah IMS, Vizianagaram",ANAESTHESIOLOGY,"₹57,50,000*",Info not available*,1*,Info not available*,850,-,-,3252(1),3034(1),-,-,-,-,-,-,-
APMgmt-S2-CatC-NRI,S2,Andhra Pradesh,"GVP Med Coll, Vizag",PSYCHIATRY,"₹57,50,000*","₹30,000*",1*,Info not available*,750,-,3292(1),-,-,-,-,-,-,-,-,-
APMgmt-S3-CatC-Inst,S3,Andhra Pradesh,"NRI Med Coll, Guntur",ANAESTHESIOLOGY,"₹57,50,000*","₹27,000*",1*,Info not available*,1050,-,3300(1),-,-,-,-,-,-,-,-,-
APMgmt-S2-CatC-NRI,S2,Andhra Pradesh,"Apollo IMS&R, Chittoor",ANAESTHESIOLOGY,"₹57,50,000*","₹30,000*",1*,Info not available*,850,-,3302(1),-,-,-,-,-,-,-,-,-
APMgmt-S1B-LOC-CatB,S1B,Andhra Pradesh,"Narayana Med Coll, Nellore",MICROBIOLOGY,"₹3,10,500*","₹40,000*",1*,Info not available*,1430,-,-,-,-,3305(1),-,-,-,-,-,-
APMgmt-S3-CatC-Inst,S3,Andhra Pradesh,"Alluri Sitaram Raju, Eluru",PATHOLOGY,"₹17,25,000*","₹30,000*",1*,Info not available*,1200,-,3328(1),-,-,-,-,-,-,-,-,-
APMgmt-S1B-LOC-CatB,S1B,Andhra Pradesh,"Santhiram Med Coll, Nandyal",MICROBIOLOGY,"₹3,10,500*","₹30,000*",1*,Info not available*,930,-,3335(1),-,-,-,-,-,-,-,-,-
APMgmt-S2-CatC-NRI,S2,Andhra Pradesh,"Katuri Med Coll, Guntur",PSYCHIATRY,"₹57,50,000*",Info not available*,1*,Info not available*,1100,-,3346(1),-,-,-,-,-,-,-,-,-
APMgmt-S1-All-CatB,S1A,Andhra Pradesh,"Apollo IMS&R, Chittoor",SPM,"₹3,10,500*","₹30,000*",1*,Info not available*,850,-,-,-,-,-,3350(1),-,-,-,-,-
APMgmt-S3-CatC-Inst,S3,Andhra Pradesh,"Fathima IMS,Kadapa",GENERAL MEDICINE,"₹57,50,000*","₹25,000*",1*,Info not available*,750,-,-,-,3370(1),-,-,-,-,-,-,-
APMgmt-S3-CatC-Inst,S3,Andhra Pradesh,"GSL Med Coll, Rajahmundry",ENT,"₹57,50,000*","₹30,000*",1*,Info not available*,1140,-,3377(1),-,-,-,-,-,-,-,-,-
APMgmt-S2-CatC-NRI,S2,Andhra Pradesh,"NRI Med Coll, Guntur",RADIATION ONCOLOGY,"₹57,50,000*","₹27,000*",1*,Info not available*,1050,-,3380(1),-,-,-,-,-,-,-,-,-
APMgmt-S2-CatC-NRI,S2,Andhra Pradesh,"Dr PSI Med Coll, Chinoutpalli",SPM,"₹17,25,000*","₹27,000*",1*,Info not available*,790,-,3383(1),-,-,-,-,-,-,-,-,-
APMgmt-S3-CatC-Inst,S3,Andhra Pradesh,"GSL Med Coll, Rajahmundry",SPM,"₹17,25,000*","₹30,000*",1*,Info not available*,1140,-,3387(1),-,-,-,-,-,-,-,-,-
APMgmt-S1B-LOC-CatB,S1B,Andhra Pradesh,"Dr PSI Med Coll, Chinoutpalli",MICROBIOLOGY,"₹3,10,500*","₹27,000*",1*,Info not available*,790,-,3402(1),-,-,-,-,-,-,-,-,-
APMgmt-S1-All-CatB,S1A,Andhra Pradesh,"NRI Inst of Med Sci, Vizag",SPM,"₹3,10,500*","₹40,000*",1*,Info not available*,980,-,-,-,-,-,3408(1),-,-,-,-,-