Quota,Category,State,Institute,Course,Fee,Stipend Year 1,Bond Years,Bond Penalty,Beds,CR 2023 3
AFMS,Priority - Undefined,Delhi,"Army R&R, Delhi",RADIO DIAGNOSIS,Info not available,"₹1,17,000*",5*,"₹57,50,000*",995,2299(1)
AFMS,Priority - Undefined,Karnataka,"Command Hospital, Bangalore",RADIO DIAGNOSIS,Info not available,"₹45,000",5*,"₹57,50,000*",716,2708(1)
AFMS,Priority - Undefined,Maharashtra,"INHS, Aswini",RADIO DIAGNOSIS,Info not available,"₹77,869",5*,"₹57,50,000*",825,5051(1)
AFMS,Priority - Undefined,West Bengal,"Command Hospital, Kolkata",RADIO DIAGNOSIS,Info not available,"₹46,383",5*,"₹57,50,000*",760,5466(1)
AFMS,Priority - Undefined,Delhi,"Army R&R, Delhi",OPHTHALMOLOGY,Info not available,"₹1,17,000*",5*,"₹57,50,000*",995,9193(1)
AFMS,Priority - Undefined,Karnataka,"Command Hospital, Bangalore",DERMATOLOGY,Info not available,"₹45,000",5*,"₹57,50,000*",716,9650(3)
AFMS,Priority - Undefined,Maharashtra,"INHS, Aswini",DERMATOLOGY,Info not available,"₹77,869",5*,"₹57,50,000*",825,11896(2)
AFMS,Priority - Undefined,Uttar Pradesh,"Command Hospital, Lucknow",DERMATOLOGY,Info not available,"₹95,000*",5*,"₹57,50,000*",780,16017(2)
AFMS,Priority - Undefined,Maharashtra,"AFMC, Pune",PAEDIATRICS,Info not available,"₹77,869",5*,"₹57,50,000*",1082,18058(5)
AFMS,Priority - Undefined,Uttar Pradesh,"Command Hospital, Lucknow",ORTHOPAEDICS,Info not available,"₹95,000*",5*,"₹57,50,000*",780,18527(2)
AFMS,Priority - IV,Maharashtra,"INHS, Aswini",GENERAL MEDICINE,Info not available,"₹77,869",5*,"₹57,50,000*",825,19922(1)
AFMS,Priority - Undefined,Maharashtra,"AFMC, Pune",ORTHOPAEDICS,Info not available,"₹77,869",5*,"₹57,50,000*",1082,20576(6)
AFMS,Priority - Undefined,Maharashtra,"AFMC, Pune",IHBT,Info not available,"₹77,869",5*,"₹57,50,000*",1082,20634(1)
AFMS,Priority - Undefined,Karnataka,"Command Hospital, Bangalore",OPHTHALMOLOGY,Info not available,"₹45,000",5*,"₹57,50,000*",716,21257(1)
AFMS,Priority - IV,Delhi,"Army R&R, Delhi",PAEDIATRICS,Info not available,"₹1,17,000*",5*,"₹57,50,000*",995,22363(1)
AFMS,Priority - Undefined,Delhi,"Army R&R, Delhi",PAEDIATRICS,Info not available,"₹1,17,000*",5*,"₹57,50,000*",995,22585(3)
AFMS,Priority - Undefined,Karnataka,"Command Hospital, Bangalore",PAEDIATRICS,Info not available,"₹45,000",5*,"₹57,50,000*",716,22693(1)
AFMS,Priority - Undefined,Delhi,"Army R&R, Delhi",GENERAL MEDICINE,Info not available,"₹1,17,000*",5*,"₹57,50,000*",995,23403(9)
AFMS,Priority - Undefined,Delhi,"Army R&R, Delhi",ENT,Info not available,"₹1,17,000*",5*,"₹57,50,000*",995,23890(1)
AFMS,Priority - Undefined,West Bengal,"Command Hospital, Kolkata",OPHTHALMOLOGY,Info not available,"₹46,383",5*,"₹57,50,000*",760,24165(1)
AFMS,Priority - IV,Karnataka,"Command Hospital, Bangalore",GENERAL SURGERY,Info not available,"₹45,000",5*,"₹57,50,000*",716,25447(1)
AFMS,Priority - Undefined,Uttar Pradesh,"Command Hospital, Lucknow",PAEDIATRICS,Info not available,"₹95,000*",5*,"₹57,50,000*",780,26171(1)
AFMS,Priority - Undefined,Karnataka,"Command Hospital, Bangalore",GENERAL SURGERY,Info not available,"₹45,000",5*,"₹57,50,000*",716,26582(1)
AFMS,Priority - IV,Maharashtra,"AFMC, Pune",PAEDIATRICS,Info not available,"₹77,869",5*,"₹57,50,000*",1082,26644(2)
AFMS,Priority - Undefined,Haryana,"Command Hospital, Chandimandir",GENERAL MEDICINE,Info not available,"₹95,594*",5*,"₹57,50,000*",658,26978(2)
AFMS,Priority - Undefined,Karnataka,"Command Hospital, Bangalore",GENERAL MEDICINE,Info not available,"₹45,000",5*,"₹57,50,000*",716,28285(2)
AFMS,Priority - Undefined,Uttar Pradesh,"Command Hospital, Lucknow",GENERAL MEDICINE,Info not available,"₹95,000*",5*,"₹57,50,000*",780,28568(2)
AFMS,Priority - Undefined,Maharashtra,"INHS, Aswini",ENT,Info not available,"₹77,869",5*,"₹57,50,000*",825,28583(1)
AFMS,Priority - Undefined,Maharashtra,"AFMC, Pune",TBRD,Info not available,"₹77,869",5*,"₹57,50,000*",1082,28606(3)
AFMS,Priority - Undefined,Maharashtra,"INHS, Aswini",PAEDIATRICS,Info not available,"₹77,869",5*,"₹57,50,000*",825,28862(1)
AFMS,Priority - Undefined,Karnataka,"Command Hospital, Bangalore",ENT,Info not available,"₹45,000",5*,"₹57,50,000*",716,31005(1)
AFMS,Priority - V,Maharashtra,"AFMC, Pune",GENERAL SURGERY,Info not available,"₹77,869",5*,"₹57,50,000*",1082,31113(3)
AFMS,Priority - Undefined,West Bengal,"Command Hospital, Kolkata",PAEDIATRICS,Info not available,"₹46,383",5*,"₹57,50,000*",760,31277(1)
AFMS,Priority - Undefined,West Bengal,"Command Hospital, Kolkata",ENT,Info not available,"₹46,383",5*,"₹57,50,000*",760,31841(1)
AFMS,Priority - Undefined,Maharashtra,"AFMC, Pune",GERIATRICS,Info not available,"₹77,869",5*,"₹57,50,000*",1082,32989(1)
AFMS,Priority - Undefined,West Bengal,"Command Hospital, Kolkata",OBG,Info not available,"₹46,383",5*,"₹57,50,000*",760,33260(1)
AFMS,Priority - III,Maharashtra,"AFMC, Pune",RADIO DIAGNOSIS,Info not available,"₹77,869",5*,"₹57,50,000*",1082,33885(1)
AFMS,Priority - Undefined,Haryana,"Command Hospital, Chandimandir",ANAESTHESIOLOGY,Info not available,"₹95,594*",5*,"₹57,50,000*",658,34224(1)
AFMS,Priority - Undefined,Haryana,"Command Hospital, Chandimandir",GENERAL SURGERY,Info not available,"₹95,594*",5*,"₹57,50,000*",658,34305(2)
AFMS,Priority - IV,Maharashtra,"INHS, Aswini",PAEDIATRICS,Info not available,"₹77,869",5*,"₹57,50,000*",825,34874(2)
AFMS,Priority - Undefined,Delhi,"Army R&R, Delhi",GENERAL SURGERY,Info not available,"₹1,17,000*",5*,"₹57,50,000*",995,35037(8)
AFMS,Priority - Undefined,Maharashtra,"AFMC, Pune",SPORTS MEDICINE,Info not available,"₹77,869",5*,"₹57,50,000*",1082,35477(2)
AFMS,Priority - V,Maharashtra,"AFMC, Pune",ENT,Info not available,"₹77,869",5*,"₹57,50,000*",1082,36152(2)
AFMS,Priority - Undefined,Delhi,"Army R&R, Delhi",OBG,Info not available,"₹1,17,000*",5*,"₹57,50,000*",995,36318(2)
AFMS,Priority - IV,Uttar Pradesh,"Command Hospital, Lucknow",PAEDIATRICS,Info not available,"₹95,000*",5*,"₹57,50,000*",780,36863(1)
AFMS,Priority - Undefined,Maharashtra,"AFMC, Pune",PSYCHIATRY,Info not available,"₹77,869",5*,"₹57,50,000*",1082,37276(5)
AFMS,Priority - Undefined,Karnataka,"Command Hospital, Bangalore",OBG,Info not available,"₹45,000",5*,"₹57,50,000*",716,37416(2)
AFMS,Priority - Undefined,Maharashtra,"AFMC, Pune",OBG,Info not available,"₹77,869",5*,"₹57,50,000*",1082,38057(8)
AFMS,Priority - IV,Delhi,"Army R&R, Delhi",ANAESTHESIOLOGY,Info not available,"₹1,17,000*",5*,"₹57,50,000*",995,38156(1)
AFMS,Priority - Undefined,Maharashtra,"AFMC, Pune",GENERAL SURGERY,Info not available,"₹77,869",5*,"₹57,50,000*",1082,39223(7)
AFMS,Priority - Undefined,Karnataka,"Command Hospital, Bangalore",PATHOLOGY,Info not available,"₹45,000",5*,"₹57,50,000*",716,40083(1)
AFMS,Priority - Undefined,Maharashtra,"INHS, Aswini",OBG,Info not available,"₹77,869",5*,"₹57,50,000*",825,40173(3)
AFMS,Priority - V,Maharashtra,"INHS, Aswini",OPHTHALMOLOGY,Info not available,"₹77,869",5*,"₹57,50,000*",825,40190(1)
AFMS,Priority - Undefined,Uttar Pradesh,"Command Hospital, Lucknow",OBG,Info not available,"₹95,000*",5*,"₹57,50,000*",780,40884(2)
AFMS,Priority - Undefined,Uttar Pradesh,"Command Hospital, Lucknow",GENERAL SURGERY,Info not available,"₹95,000*",5*,"₹57,50,000*",780,41437(2)
AFMS,Priority - IV,Delhi,"Army R&R, Delhi",GENERAL SURGERY,Info not available,"₹1,17,000*",5*,"₹57,50,000*",995,42443(3)
AFMS,Priority - Undefined,Maharashtra,"AFMC, Pune",DERMATOLOGY,Info not available,"₹77,869",5*,"₹57,50,000*",1082,42706(4)
AFMS,Priority - Undefined,Maharashtra,"INHS, Aswini",GENERAL SURGERY,Info not available,"₹77,869",5*,"₹57,50,000*",825,42721(4)
AFMS,Priority - Undefined,West Bengal,"Command Hospital, Kolkata",GENERAL SURGERY,Info not available,"₹46,383",5*,"₹57,50,000*",760,42934(3)
AFMS,Priority - Undefined,Maharashtra,"INHS, Aswini",PSYCHIATRY,Info not available,"₹77,869",5*,"₹57,50,000*",825,43109(2)
AFMS,Priority - Undefined,Delhi,"Army R&R, Delhi",MICROBIOLOGY,Info not available,"₹1,17,000*",5*,"₹57,50,000*",995,43418(1)
AFMS,Priority - Undefined,Karnataka,"Command Hospital, Bangalore",ANAESTHESIOLOGY,Info not available,"₹45,000",5*,"₹57,50,000*",716,44102(4)
AFMS,Priority - V,Maharashtra,"INHS, Aswini",GENERAL SURGERY,Info not available,"₹77,869",5*,"₹57,50,000*",825,44595(1)
AFMS,Priority - III,Maharashtra,"INHS, Aswini",RADIO DIAGNOSIS,Info not available,"₹77,869",5*,"₹57,50,000*",825,45757(1)
AFMS,Priority - Undefined,Uttar Pradesh,"Command Hospital, Lucknow",ANAESTHESIOLOGY,Info not available,"₹95,000*",5*,"₹57,50,000*",780,45888(1)
AFMS,Priority - Undefined,West Bengal,"Command Hospital, Kolkata",GENERAL MEDICINE,Info not available,"₹46,383",5*,"₹57,50,000*",760,45889(2)
AFMS,Priority - Undefined,Maharashtra,"INHS, Aswini",ANAESTHESIOLOGY,Info not available,"₹77,869",5*,"₹57,50,000*",825,45956(2)
AFMS,Priority - V,Maharashtra,"AFMC, Pune",ANAESTHESIOLOGY,Info not available,"₹77,869",5*,"₹57,50,000*",1082,46109(1)
AFMS,Priority - Undefined,Delhi,"Army R&R, Delhi",ANAESTHESIOLOGY,Info not available,"₹1,17,000*",5*,"₹57,50,000*",995,46553(8)
AFMS,Priority - IV,Maharashtra,"INHS, Aswini",ANAESTHESIOLOGY,Info not available,"₹77,869",5*,"₹57,50,000*",825,47535(1)
AFMS,Priority - Undefined,West Bengal,"Command Hospital, Kolkata",PSYCHIATRY,Info not available,"₹46,383",5*,"₹57,50,000*",760,47710(1)
AFMS,Priority - Undefined,Uttar Pradesh,"Command Hospital, Lucknow",PATHOLOGY,Info not available,"₹95,000*",5*,"₹57,50,000*",780,48088(1)
AFMS,Priority - Undefined,West Bengal,"Command Hospital, Kolkata",ANAESTHESIOLOGY,Info not available,"₹46,383",5*,"₹57,50,000*",760,48588(2)
AFMS,Priority - III,Karnataka,"Command Hospital, Bangalore",RADIO DIAGNOSIS,Info not available,"₹45,000",5*,"₹57,50,000*",716,49231(4)
AFMS,Priority - V,West Bengal,"Command Hospital, Kolkata",PAEDIATRICS,Info not available,"₹46,383",5*,"₹57,50,000*",760,49352(1)
AFMS,Priority - Undefined,Maharashtra,"AFMC, Pune",PHARMACOLOGY,Info not available,"₹77,869",5*,"₹57,50,000*",1082,50410(2)
AFMS,Priority - V,Maharashtra,"INHS, Aswini",ENT,Info not available,"₹77,869",5*,"₹57,50,000*",825,51228(1)
AFMS,Priority - V,Uttar Pradesh,"Command Hospital, Lucknow",ENT,Info not available,"₹95,000*",5*,"₹57,50,000*",780,51248(1)
AFMS,Priority - V,West Bengal,"Command Hospital, Kolkata",OPHTHALMOLOGY,Info not available,"₹46,383",5*,"₹57,50,000*",760,51982(2)
AFMS,Priority - IV,Haryana,"Command Hospital, Chandimandir",OPHTHALMOLOGY,Info not available,"₹95,594*",5*,"₹57,50,000*",658,52394(2)
AFMS,Priority - Undefined,Maharashtra,"AFMC, Pune",FORENSIC MEDICINE,Info not available,"₹77,869",5*,"₹57,50,000*",1082,52786(2)
AFMS,Priority - Undefined,Maharashtra,"AFMC, Pune",PHYSIOLOGY,Info not available,"₹77,869",5*,"₹57,50,000*",1082,53220(1)
AFMS,Priority - Undefined,Maharashtra,"AFMC, Pune",ANATOMY,Info not available,"₹77,869",5*,"₹57,50,000*",1082,53618(1)
AFMS,Priority - Undefined,Maharashtra,"AFMC, Pune",BIOCHEMISTRY,Info not available,"₹77,869",5*,"₹57,50,000*",1082,54028(1)
AFMS,Priority - IV,Delhi,"Army R&R, Delhi",PATHOLOGY,Info not available,"₹1,17,000*",5*,"₹57,50,000*",995,56685(2)
AFMS,Priority - IV,Maharashtra,"AFMC, Pune",GERIATRICS,Info not available,"₹77,869",5*,"₹57,50,000*",1082,58463(1)
AFMS,Priority - V,Karnataka,"Inst of Aero, IAF, Bangaluru",AVIATION MEDICINE,Info not available,"₹45,000",5*,"₹57,50,000*",Info Not Available,59231(3)
AFMS,Priority - Undefined,Karnataka,"Inst of Aero, IAF, Bangaluru",AVIATION MEDICINE,Info not available,"₹45,000",5*,"₹57,50,000*",Info Not Available,59531(7)
AFMS,Priority - V,Uttar Pradesh,"Command Hospital, Lucknow",ANAESTHESIOLOGY,Info not available,"₹95,000*",5*,"₹57,50,000*",780,60822(1)
AFMS,Priority - Undefined,Maharashtra,"INHS, Aswini",MARINE MEDICINE,Info not available,"₹77,869",5*,"₹57,50,000*",825,62123(2)
AFMS,Priority - V,West Bengal,"Command Hospital, Kolkata",ENT,Info not available,"₹46,383",5*,"₹57,50,000*",760,63009(2)
AFMS,Priority - V,Maharashtra,"AFMC, Pune",IHBT,Info not available,"₹77,869",5*,"₹57,50,000*",1082,63867(1)
AFMS,Priority - III,Karnataka,"Command Hospital, Bangalore",DERMATOLOGY,Info not available,"₹45,000",5*,"₹57,50,000*",716,64400(1)
AFMS,Priority - Undefined,Maharashtra,"INHS, Aswini",OPHTHALMOLOGY,Info not available,"₹77,869",5*,"₹57,50,000*",825,64554(2)
AFMS,Priority - III,Maharashtra,"AFMC, Pune",PAEDIATRICS,Info not available,"₹77,869",5*,"₹57,50,000*",1082,66713(1)
AFMS,Priority - IV,Maharashtra,"INHS, Aswini",PSYCHIATRY,Info not available,"₹77,869",5*,"₹57,50,000*",825,68578(2)
AFMS,Priority - IV,Delhi,"Army R&R, Delhi",OPHTHALMOLOGY,Info not available,"₹1,17,000*",5*,"₹57,50,000*",995,69679(3)
AFMS,Priority - IV,Delhi,"Army R&R, Delhi",MICROBIOLOGY,Info not available,"₹1,17,000*",5*,"₹57,50,000*",995,69912(1)
AFMS,Priority - III,Uttar Pradesh,"Command Hospital, Lucknow",RADIO DIAGNOSIS,Info not available,"₹95,000*",5*,"₹57,50,000*",780,72163(2)
AFMS,Priority - IV,Haryana,"Command Hospital, Chandimandir",GENERAL SURGERY,Info not available,"₹95,594*",5*,"₹57,50,000*",658,74791(1)
AFMS,Priority - III,Karnataka,"Command Hospital, Bangalore",ANAESTHESIOLOGY,Info not available,"₹45,000",5*,"₹57,50,000*",716,75952(1)
AFMS,Priority - IV,Maharashtra,"INHS, Aswini",GENERAL SURGERY,Info not available,"₹77,869",5*,"₹57,50,000*",825,76999(1)
AFMS,Priority - III,Delhi,"Army R&R, Delhi",RADIO DIAGNOSIS,Info not available,"₹1,17,000*",5*,"₹57,50,000*",995,77831(3)
AFMS,Priority - Undefined,Delhi,"Army R&R, Delhi",PATHOLOGY,Info not available,"₹1,17,000*",5*,"₹57,50,000*",995,78135(2)
AFMS,Priority - Undefined,Maharashtra,"INHS, Aswini",GENERAL MEDICINE,Info not available,"₹77,869",5*,"₹57,50,000*",825,81494(5)
AFMS,Priority - Undefined,Maharashtra,"AFMC, Pune",ANAESTHESIOLOGY,Info not available,"₹77,869",5*,"₹57,50,000*",1082,82870(14)
AFMS,Priority - IV,Karnataka,"Command Hospital, Bangalore",ENT,Info not available,"₹45,000",5*,"₹57,50,000*",716,84613(2)
AFMS,Priority - V,Maharashtra,"AFMC, Pune",SPM,Info not available,"₹77,869",5*,"₹57,50,000*",1082,85399(2)
AFMS,Priority - Undefined,Maharashtra,"AFMC, Pune",OPHTHALMOLOGY,Info not available,"₹77,869",5*,"₹57,50,000*",1082,86094(4)
AFMS,Priority - Undefined,Maharashtra,"AFMC, Pune",SPM,Info not available,"₹77,869",5*,"₹57,50,000*",1082,86646(10)
AFMS,Priority - Undefined,Maharashtra,"AFMC, Pune",RADIO DIAGNOSIS,Info not available,"₹77,869",5*,"₹57,50,000*",1082,87929(6)
AFMS,Priority - III,Delhi,"Army R&R, Delhi",GENERAL MEDICINE,Info not available,"₹1,17,000*",5*,"₹57,50,000*",995,89228(2)
AFMS,Priority - IV,Karnataka,"Command Hospital, Bangalore",PATHOLOGY,Info not available,"₹45,000",5*,"₹57,50,000*",716,90479(2)
AFMS,Priority - IV,Maharashtra,"AFMC, Pune",HOSPITAL ADMINISTRATION,Info not available,"₹77,869",5*,"₹57,50,000*",1082,90924(3)
AFMS,Priority - IV,Karnataka,"Command Hospital, Bangalore",OPHTHALMOLOGY,Info not available,"₹45,000",5*,"₹57,50,000*",716,92453(1)
AFMS,Priority - III,Maharashtra,"AFMC, Pune",GENERAL MEDICINE,Info not available,"₹77,869",5*,"₹57,50,000*",1082,92664(13)
AFMS,Priority - III,Delhi,"Army R&R, Delhi",PAEDIATRICS,Info not available,"₹1,17,000*",5*,"₹57,50,000*",995,93254(1)
AFMS,Priority - III,Karnataka,"Command Hospital, Bangalore",GENERAL MEDICINE,Info not available,"₹45,000",5*,"₹57,50,000*",716,94074(1)
AFMS,Priority - IV,Maharashtra,"AFMC, Pune",GENERAL SURGERY,Info not available,"₹77,869",5*,"₹57,50,000*",1082,95089(11)
AFMS,Priority - IV,Delhi,"Army R&R, Delhi",ENT,Info not available,"₹1,17,000*",5*,"₹57,50,000*",995,95347(3)
AFMS,Priority - V,Maharashtra,"AFMC, Pune",PATHOLOGY,Info not available,"₹77,869",5*,"₹57,50,000*",1082,96025(3)
AFMS,Priority - IV,Haryana,"Command Hospital, Chandimandir",ANAESTHESIOLOGY,Info not available,"₹95,594*",5*,"₹57,50,000*",658,96597(1)
AFMS,Priority - III,West Bengal,"Command Hospital, Kolkata",PSYCHIATRY,Info not available,"₹46,383",5*,"₹57,50,000*",760,97783(1)
AFMS,Priority - III,West Bengal,"Command Hospital, Kolkata",GENERAL MEDICINE,Info not available,"₹46,383",5*,"₹57,50,000*",760,98648(1)
AFMS,Priority - Undefined,Maharashtra,"AFMC, Pune",GENERAL MEDICINE,Info not available,"₹77,869",5*,"₹57,50,000*",1082,98964(9)
AFMS,Priority - IV,Maharashtra,"AFMC, Pune",OPHTHALMOLOGY,Info not available,"₹77,869",5*,"₹57,50,000*",1082,99397(4)
AFMS,Priority - IV,Maharashtra,"AFMC, Pune",ENT,Info not available,"₹77,869",5*,"₹57,50,000*",1082,101265(1)
AFMS,Priority - III,Karnataka,"Command Hospital, Bangalore",PAEDIATRICS,Info not available,"₹45,000",5*,"₹57,50,000*",716,106411(1)
AFMS,Priority - Undefined,Maharashtra,"AFMC, Pune",ENT,Info not available,"₹77,869",5*,"₹57,50,000*",1082,108804(3)
AFMS,Priority - III,Maharashtra,"INHS, Aswini",GENERAL MEDICINE,Info not available,"₹77,869",5*,"₹57,50,000*",825,118833(5)
AFMS,Priority - Undefined,Maharashtra,"AFMC, Pune",PATHOLOGY,Info not available,"₹77,869",5*,"₹57,50,000*",1082,128953(4)
AFMS,Priority - Undefined,West Bengal,"Command Hospital, Kolkata",PATHOLOGY,Info not available,"₹46,383",5*,"₹57,50,000*",760,134548(2)
AFMS,Priority - IV,Maharashtra,"AFMC, Pune",PHYSIOLOGY,Info not available,"₹77,869",5*,"₹57,50,000*",1082,148648(1)
AFMS,Priority - IV,Maharashtra,"AFMC, Pune",MICROBIOLOGY,Info not available,"₹77,869",5*,"₹57,50,000*",1082,161844(1)
AFMS,Priority - IV,Maharashtra,"AFMC, Pune",PATHOLOGY,Info not available,"₹77,869",5*,"₹57,50,000*",1082,161909(3)
AFMS,Priority - Undefined,Maharashtra,"INHS, Aswini",PATHOLOGY,Info not available,"₹77,869",5*,"₹57,50,000*",825,173865(3)
AFMS,Priority - Undefined,Maharashtra,"AFMC, Pune",MICROBIOLOGY,Info not available,"₹77,869",5*,"₹57,50,000*",1082,190619(3)
AFMS,Priority - Undefined,Maharashtra,"AFMC, Pune",HOSPITAL ADMINISTRATION,Info not available,"₹77,869",5*,"₹57,50,000*",1082,193500(5)