Quota,Category,State,Institute,Course,Fee,Stipend Year 1,Bond Years,Bond Penalty,Beds,CR 2023 1,CR 2023 2,CR 2023 3,CR 2023 4,CR 2023 5,CR 2023 6,CR 2024 1,CR 2024 2,CR 2024 3,CR 2024 4,CR 2024 5
Assam Govt Quota,UR,Assam,"Gauhati Med Coll, Guwahati",RADIO DIAGNOSIS,"₹17,900*","₹55,200*",2*,"₹20,00,000*",2185,21(4),21(4),21(4),-,-,-,19(3),19(3),19(3),-,-
Assam Govt Quota,UR,Assam,"Silchar Med Coll, Silchar",RADIO DIAGNOSIS,"₹17,900*","₹55,200*",2*,"₹20,00,000*",1256,28(1),28(1),28(1),-,-,-,-,25(1),25(1),-,-
Assam Govt Quota,EWS,Assam,"Gauhati Med Coll, Guwahati",GENERAL MEDICINE,"₹17,900*","₹55,200*",2*,"₹20,00,000*",2185,60(1),60(1),60(1),-,-,-,31(1),31(1),31(1),-,-
Assam Govt Quota,OBC/MOBC,Assam,"Silchar Med Coll, Silchar",RADIO DIAGNOSIS,"₹17,900*","₹55,200*",2*,"₹20,00,000*",1256,65(1),65(1),92(1),-,-,-,38(1),38(1),38(1),-,-
Assam Govt Quota,UR,Assam,"Tezpur Med Coll, Tezpur",RADIO DIAGNOSIS,"₹17,900*","₹55,200*",2*,"₹20,00,000*",500,57(2),57(2),72(2),-,-,-,27(1),41(1),41(1),-,-
Assam Govt Quota,UR,Assam,"Gauhati Med Coll, Guwahati",DERMATOLOGY,"₹17,900*","₹55,200*",2*,"₹20,00,000*",2185,80(2),81(2),81(2),-,-,-,21(1),45(2),45(2),-,-
Assam Govt Quota,UR,Assam,"Assam Med Coll, Dibrugarh",RADIO DIAGNOSIS,"₹17,900*","₹55,200*",2*,"₹20,00,000*",1365,39(2),39(2),39(2),-,-,-,24(2),27(2),48(3),-,-
Assam Govt Quota,OBC/MOBC,Assam,"Gauhati Med Coll, Guwahati",RADIO DIAGNOSIS,"₹17,900*","₹55,200*",2*,"₹20,00,000*",2185,22(1),22(1),65(1),-,-,-,37(1),53(2),53(2),-,346(1)
Assam Govt Quota,UR,Assam,"Fakhruddin Ali Ahmed, Barpeta",RADIO DIAGNOSIS,"₹17,900*","₹55,200*",2*,"₹20,00,000*",470,67(1),67(1),67(1),-,-,-,25(1),54(1),54(1),-,-
Assam Govt Quota,UR,Assam,"Gauhati Med Coll, Guwahati",GENERAL MEDICINE,"₹17,900*","₹55,200*",2*,"₹20,00,000*",2185,45(6),50(6),57(6),-,-,-,12(4),51(5),55(6),-,-
Assam Govt Quota,UR,Assam,"Jorhat Med Coll, Jorhat",RADIO DIAGNOSIS,"₹17,900*","₹55,200*",2*,"₹20,00,000*",814,46(2),46(2),46(2),-,-,-,-,48(1),56(1),-,-
Assam Govt Quota,EWS,Assam,"Jorhat Med Coll, Jorhat",RADIO DIAGNOSIS,"₹17,900*","₹55,200*",2*,"₹20,00,000*",814,76(1),86(1),86(1),-,-,-,59(1),59(1),59(1),-,-
Assam Govt Quota,UR,Assam,"Assam Med Coll, Dibrugarh",GENERAL MEDICINE,"₹17,900*","₹55,200*",2*,"₹20,00,000*",1365,64(7),72(7),75(7),-,-,-,34(3),58(5),63(5),-,-
Assam Govt Quota,EWS,Assam,"Assam Med Coll, Dibrugarh",GENERAL MEDICINE,"₹17,900*","₹55,200*",2*,"₹20,00,000*",1365,102(1),102(1),102(1),-,-,-,39(1),64(1),64(1),-,-
Assam Govt Quota,UR,Assam,"Assam Med Coll, Dibrugarh",DERMATOLOGY,"₹17,900*","₹55,200*",2*,"₹20,00,000*",1365,87(2),87(2),87(2),-,-,-,42(1),69(2),69(2),-,-
Assam Govt Quota,UR,Assam,"Jorhat Med Coll, Jorhat",GENERAL MEDICINE,"₹17,900*","₹55,200*",2*,"₹20,00,000*",814,93(3),93(3),93(3),-,-,-,48(1),60(1),76(1),-,-
Assam Govt Quota,EWS,Assam,"Fakhruddin Ali Ahmed, Barpeta",RADIO DIAGNOSIS,"₹17,900*","₹55,200*",2*,"₹20,00,000*",470,86(1),76(1),76(1),-,-,-,77(1),77(1),77(1),-,-
Assam Govt Quota,UR,Assam,"Silchar Med Coll, Silchar",OBG,"₹17,900*","₹55,200*",2*,"₹20,00,000*",1256,122(2),122(2),168(2),-,-,-,87(1),87(1),87(1),-,-
Assam Govt Quota,OBC/MOBC,Assam,"Silchar Med Coll, Silchar",DERMATOLOGY,"₹17,900*","₹55,200*",2*,"₹20,00,000*",1256,186(1),186(1),186(1),-,-,-,93(1),93(1),93(1),-,-
Assam Govt Quota,UR,Assam,"Tezpur Med Coll, Tezpur",GENERAL MEDICINE,"₹17,900*","₹55,200*",2*,"₹20,00,000*",500,96(1),96(1),96(1),-,-,-,52(2),88(2),95(2),-,-
Assam Govt Quota,EWS,Assam,"Silchar Med Coll, Silchar",GENERAL MEDICINE,"₹17,900*","₹55,200*",2*,"₹20,00,000*",1256,103(1),103(1),103(1),-,-,-,91(1),97(1),97(1),-,-
Assam Govt Quota,OBC/MOBC,Assam,"Jorhat Med Coll, Jorhat",DERMATOLOGY,"₹17,900*","₹55,200*",2*,"₹20,00,000*",814,-,-,-,-,-,-,103(1),103(1),103(1),-,-
Assam Govt Quota,SC,Assam,"Assam Med Coll, Dibrugarh",GENERAL MEDICINE,"₹17,900*","₹55,200*",2*,"₹20,00,000*",1365,246(1),246(1),288(1),-,-,-,104(1),104(1),104(1),-,-
Assam Govt Quota,OBC/MOBC,Assam,"Jorhat Med Coll, Jorhat",RADIO DIAGNOSIS,"₹17,900*","₹55,200*",2*,"₹20,00,000*",814,-,-,-,-,-,-,-,106(1),106(1),-,-
Assam Govt Quota,UR,Assam,"Silchar Med Coll, Silchar",GENERAL MEDICINE,"₹17,900*","₹55,200*",2*,"₹20,00,000*",1256,95(4),95(4),122(4),-,-,-,47(2),95(3),110(3),-,-
Assam Govt Quota,UR,Assam,"Fakhruddin Ali Ahmed, Barpeta",GENERAL MEDICINE,"₹17,900*","₹55,200*",2*,"₹20,00,000*",470,121(3),121(3),121(3),-,-,-,60(2),79(2),111(2),-,-
Assam Govt Quota,OBC/MOBC,Assam,"Gauhati Med Coll, Guwahati",GENERAL MEDICINE,"₹17,900*","₹55,200*",2*,"₹20,00,000*",2185,98(2),98(2),98(2),-,-,-,16(2),117(3),117(3),-,-
Assam Govt Quota,EWS,Assam,"Gauhati Med Coll, Guwahati",DERMATOLOGY,"₹17,900*","₹55,200*",2*,"₹20,00,000*",2185,106(1),106(1),106(1),-,-,-,118(1),118(1),118(1),-,-
Assam Govt Quota,UR,Assam,"Assam Med Coll, Dibrugarh",PAEDIATRICS,"₹17,900*","₹55,200*",2*,"₹20,00,000*",1365,92(2),97(2),130(2),-,-,-,58(2),120(2),120(2),-,-
Assam Govt Quota,OBC/MOBC,Assam,"Assam Med Coll, Dibrugarh",RADIO DIAGNOSIS,"₹17,900*","₹55,200*",2*,"₹20,00,000*",1365,-,-,-,-,-,-,33(1),121(1),121(1),-,-
Assam Govt Quota,EWS,Assam,"Jorhat Med Coll, Jorhat",GENERAL MEDICINE,"₹17,900*","₹55,200*",2*,"₹20,00,000*",814,159(1),159(1),167(1),-,-,-,64(1),123(1),123(1),-,-
Assam Govt Quota,OBC/MOBC,Assam,"Tezpur Med Coll, Tezpur",RADIO DIAGNOSIS,"₹17,900*","₹55,200*",2*,"₹20,00,000*",500,58(1),58(1),58(1),-,-,-,53(1),126(1),126(1),-,-
Assam Govt Quota,OBC/MOBC,Assam,"Assam Med Coll, Dibrugarh",GENERAL MEDICINE,"₹17,900*","₹55,200*",2*,"₹20,00,000*",1365,110(2),110(2),110(2),-,-,-,113(3),132(3),132(3),-,-
Assam Govt Quota,EWS,Assam,"Fakhruddin Ali Ahmed, Barpeta",GENERAL MEDICINE,"₹17,900*","₹55,200*",2*,"₹20,00,000*",470,-,-,-,-,-,-,-,141(1),141(1),-,-
Assam Govt Quota,UR,Assam,"Gauhati Med Coll, Guwahati",TBRD,"₹17,900*","₹55,200*",2*,"₹20,00,000*",2185,99(2),123(2),123(2),-,-,-,86(2),142(2),142(2),-,-
Assam Govt Quota,EWS,Assam,"Assam Med Coll, Dibrugarh",PAEDIATRICS,"₹17,900*","₹55,200*",2*,"₹20,00,000*",1365,190(1),206(1),206(1),-,-,-,97(1),144(1),144(1),-,-
Assam Govt Quota,UR,Assam,"Gauhati Med Coll, Guwahati",PAEDIATRICS,"₹17,900*","₹55,200*",2*,"₹20,00,000*",2185,85(3),88(3),90(3),-,-,-,69(2),135(2),146(2),-,-
Assam Govt Quota,UR,Assam,"Jorhat Med Coll, Jorhat",PAEDIATRICS,"₹17,900*","₹55,200*",2*,"₹20,00,000*",814,97(2),130(2),132(2),-,-,-,-,147(1),147(1),-,-
Assam Govt Quota,UR,Assam,"Gauhati Med Coll, Guwahati",GENERAL SURGERY,"₹17,900*","₹55,200*",2*,"₹20,00,000*",2185,172(7),174(7),185(7),-,-,-,70(2),148(2),148(2),-,-
Assam Govt Quota,UR,Assam,"Gauhati Med Coll, Guwahati",OBG,"₹17,900*","₹55,200*",2*,"₹20,00,000*",2185,126(3),126(3),126(3),-,-,-,92(3),155(4),155(4),-,-
Assam Govt Quota,SC,Assam,"Gauhati Med Coll, Guwahati",GENERAL MEDICINE,"₹17,900*","₹55,200*",2*,"₹20,00,000*",2185,225(1),225(1),246(1),-,-,-,157(1),157(1),157(1),-,-
Assam Govt Quota,UR,Assam,"Fakhruddin Ali Ahmed, Barpeta",OBG,"₹17,900*","₹55,200*",2*,"₹20,00,000*",470,163(2),163(2),175(2),-,-,-,100(1),-,158(1),-,-
Assam Govt Quota,ST(H),Assam,"Assam Med Coll, Dibrugarh",RADIO DIAGNOSIS,"₹17,900*","₹55,200*",2*,"₹20,00,000*",1365,578(1),578(1),578(1),-,-,-,161(1),161(1),161(1),-,-
Assam Govt Quota,EWS,Assam,"Gauhati Med Coll, Guwahati",OBG,"₹17,900*","₹55,200*",2*,"₹20,00,000*",2185,198(1),198(1),198(1),-,-,-,123(1),158(1),162(1),-,-
Assam Govt Quota,UR,Assam,"Silchar Med Coll, Silchar",PAEDIATRICS,"₹17,900*","₹55,200*",2*,"₹20,00,000*",1256,105(1),105(1),105(1),-,-,-,79(1),146(2),177(2),237(1),-
Assam Govt Quota,UR,Assam,"Fakhruddin Ali Ahmed, Barpeta",GENERAL SURGERY,"₹17,900*","₹55,200*",2*,"₹20,00,000*",470,236(2),209(2),209(2),-,-,-,172(2),180(2),180(2),-,-
Assam Govt Quota,UR,Assam,"Assam Med Coll, Dibrugarh",OBG,"₹17,900*","₹55,200*",2*,"₹20,00,000*",1365,165(5),165(5),165(5),-,-,-,99(2),182(4),182(4),-,-
Assam Govt Quota,SC,Assam,"Tezpur Med Coll, Tezpur",RADIO DIAGNOSIS,"₹17,900*","₹55,200*",2*,"₹20,00,000*",500,-,-,-,-,-,-,-,194(1),194(1),-,-
Assam Govt Quota,EWS,Assam,"Jorhat Med Coll, Jorhat",PAEDIATRICS,"₹17,900*","₹55,200*",2*,"₹20,00,000*",814,197(1),210(1),210(1),-,-,-,-,197(1),197(1),-,-
Assam Govt Quota,UR,Assam,"Jorhat Med Coll, Jorhat",OBG,"₹17,900*","₹55,200*",2*,"₹20,00,000*",814,-,-,-,-,-,-,89(1),199(2),199(2),-,-
Assam Govt Quota,UR,Assam,"Silchar Med Coll, Silchar",ENT,"₹17,900*","₹55,200*",2*,"₹20,00,000*",1256,298(1),307(1),352(1),395(1),-,-,-,201(1),201(1),-,-
Assam Govt Quota,EWS,Assam,"Assam Med Coll, Dibrugarh",OBG,"₹17,900*","₹55,200*",2*,"₹20,00,000*",1365,208(1),190(1),190(1),-,-,-,150(1),202(1),202(1),-,-
Assam Govt Quota,OBC/MOBC,Assam,"Jorhat Med Coll, Jorhat",GENERAL MEDICINE,"₹17,900*","₹55,200*",2*,"₹20,00,000*",814,116(1),116(1),116(1),-,-,-,126(2),203(2),203(2),-,-
Assam Govt Quota,UR,Assam,"Gauhati Med Coll, Guwahati",ENT,"₹17,900*","₹55,200*",2*,"₹20,00,000*",2185,138(1),202(1),262(1),416(1),-,-,88(1),215(1),215(1),-,-
Assam Govt Quota,OBC/MOBC,Assam,"Tezpur Med Coll, Tezpur",GENERAL MEDICINE,"₹17,900*","₹55,200*",2*,"₹20,00,000*",500,118(1),118(1),118(1),-,-,-,132(1),217(2),217(2),-,-
Assam Govt Quota,UR,Assam,"Gauhati Med Coll, Guwahati",ORTHOPAEDICS,"₹17,900*","₹55,200*",2*,"₹20,00,000*",2185,149(6),152(6),221(6),-,-,-,90(3),188(2),218(4),-,-
Assam Govt Quota,OBC/MOBC,Assam,"Gauhati Med Coll, Guwahati",PAEDIATRICS,"₹17,900*","₹55,200*",2*,"₹20,00,000*",2185,-,-,-,-,-,-,147(1),223(1),223(1),-,-
Assam Govt Quota,OBC/MOBC,Assam,"Fakhruddin Ali Ahmed, Barpeta",GENERAL MEDICINE,"₹17,900*","₹55,200*",2*,"₹20,00,000*",470,-,-,-,-,-,-,-,235(1),235(1),-,-
Assam Govt Quota,OBC/MOBC,Assam,"Assam Med Coll, Dibrugarh",OBG,"₹17,900*","₹55,200*",2*,"₹20,00,000*",1365,182(1),182(1),182(1),-,-,-,198(1),239(2),239(2),-,-
Assam Govt Quota,UR,Assam,"Jorhat Med Coll, Jorhat",ORTHOPAEDICS,"₹17,900*","₹55,200*",2*,"₹20,00,000*",814,166(1),166(1),181(1),326(1),-,-,122(1),122(1),243(1),-,-
Assam Govt Quota,UR,Assam,"Jorhat Med Coll, Jorhat",GENERAL SURGERY,"₹17,900*","₹55,200*",2*,"₹20,00,000*",814,238(2),255(2),255(2),-,-,-,186(2),247(2),247(2),-,-
Assam Govt Quota,EWS,Assam,"Tezpur Med Coll, Tezpur",OBG,"₹17,900*","₹55,200*",2*,"₹20,00,000*",500,-,-,-,-,-,-,-,249(1),249(1),-,-
Assam Govt Quota,UR,Assam,"Silchar Med Coll, Silchar",ORTHOPAEDICS,"₹17,900*","₹55,200*",2*,"₹20,00,000*",1256,164(2),164(2),180(2),-,-,-,111(2),189(2),256(2),-,-
Assam Govt Quota,EWS,Assam,"Gauhati Med Coll, Guwahati",GENERAL SURGERY,"₹17,900*","₹55,200*",2*,"₹20,00,000*",2185,221(1),221(1),236(1),-,-,-,155(1),162(1),260(1),-,-
Assam Govt Quota,OBC/MOBC,Assam,"Gauhati Med Coll, Guwahati",OBG,"₹17,900*","₹55,200*",2*,"₹20,00,000*",2185,129(1),129(1),129(1),-,-,-,175(1),261(2),261(2),-,-
Assam Govt Quota,UR,Assam,"Assam Med Coll, Dibrugarh",ORTHOPAEDICS,"₹17,900*","₹55,200*",2*,"₹20,00,000*",1365,171(3),189(3),237(3),312(1),-,-,143(2),204(2),263(3),-,325(1)
Assam Govt Quota,OBC/MOBC,Assam,"Tezpur Med Coll, Tezpur",ORTHOPAEDICS,"₹17,900*","₹55,200*",2*,"₹20,00,000*",500,-,-,-,-,-,-,265(1),265(1),265(1),-,-
Assam Govt Quota,OBC/MOBC,Assam,"Silchar Med Coll, Silchar",GENERAL MEDICINE,"₹17,900*","₹55,200*",2*,"₹20,00,000*",1256,114(1),114(1),114(1),-,-,-,121(2),266(2),266(2),-,-
Assam Govt Quota,OBC/MOBC,Assam,"Assam Med Coll, Dibrugarh",PAEDIATRICS,"₹17,900*","₹55,200*",2*,"₹20,00,000*",1365,142(1),142(1),142(1),-,-,-,223(1),300(2),269(2),-,-
Assam Govt Quota,OBC/MOBC,Assam,"Tezpur Med Coll, Tezpur",OBG,"₹17,900*","₹55,200*",2*,"₹20,00,000*",500,-,-,-,-,-,-,270(1),270(1),270(1),-,-
Assam Govt Quota,EWS,Assam,"Silchar Med Coll, Silchar",GENERAL SURGERY,"₹17,900*","₹55,200*",2*,"₹20,00,000*",1256,226(1),236(1),286(1),-,-,-,201(1),274(1),274(1),-,-
Assam Govt Quota,OBC/MOBC,Assam,"Fakhruddin Ali Ahmed, Barpeta",OBG,"₹17,900*","₹55,200*",2*,"₹20,00,000*",470,188(1),188(1),188(1),-,-,-,278(1),278(1),278(1),-,-
Assam Govt Quota,UR,Assam,"Gauhati Med Coll, Guwahati",PSYCHIATRY,"₹17,900*","₹55,200*",2*,"₹20,00,000*",2185,137(1),140(1),140(1),-,-,-,116(1),224(2),281(2),-,-
Assam Govt Quota,EWS,Assam,"Tezpur Med Coll, Tezpur",ANAESTHESIOLOGY,"₹17,900*","₹55,200*",2*,"₹20,00,000*",500,301(1),328(1),338(1),-,-,-,282(1),282(1),282(1),-,-
Assam Govt Quota,UR,Assam,"Tezpur Med Coll, Tezpur",GENERAL SURGERY,"₹17,900*","₹55,200*",2*,"₹20,00,000*",500,254(2),268(2),268(2),-,-,-,189(2),256(2),288(2),-,-
Assam Govt Quota,EWS,Assam,"Tezpur Med Coll, Tezpur",ORTHOPAEDICS,"₹17,900*","₹55,200*",2*,"₹20,00,000*",500,210(1),238(1),238(1),-,-,-,-,291(1),291(1),-,-
Assam Govt Quota,EWS,Assam,"Assam Med Coll, Dibrugarh",ORTHOPAEDICS,"₹17,900*","₹55,200*",2*,"₹20,00,000*",1365,206(1),220(1),248(1),-,-,-,249(1),260(1),292(1),-,-
Assam Govt Quota,UR,Assam,"Silchar Med Coll, Silchar",GENERAL SURGERY,"₹17,900*","₹55,200*",2*,"₹20,00,000*",1256,224(5),224(5),253(5),-,-,-,173(3),243(4),293(4),-,-
Assam Govt Quota,OBC/MOBC,Assam,"Jorhat Med Coll, Jorhat",ORTHOPAEDICS,"₹17,900*","₹55,200*",2*,"₹20,00,000*",814,177(1),177(1),257(1),-,-,-,196(1),294(1),294(1),-,-
Assam Govt Quota,OBC/MOBC,Assam,"Gauhati Med Coll, Guwahati",GENERAL SURGERY,"₹17,900*","₹55,200*",2*,"₹20,00,000*",2185,212(1),254(1),254(1),-,-,-,151(1),295(2),295(3),-,-
Assam Govt Quota,UR,Assam,"Gauhati Med Coll, Guwahati",ANAESTHESIOLOGY,"₹17,900*","₹55,200*",2*,"₹20,00,000*",2185,199(4),199(4),199(4),337(1),423(1),-,130(3),298(4),298(4),-,-
Assam Govt Quota,UR,Assam,"Tezpur Med Coll, Tezpur",ENT,"₹17,900*","₹55,200*",2*,"₹20,00,000*",500,-,-,-,-,-,-,199(1),299(1),299(1),-,-
Assam Govt Quota,UR,Assam,"Assam Med Coll, Dibrugarh",ENT,"₹17,900*","₹55,200*",2*,"₹20,00,000*",1365,220(2),296(2),363(2),-,-,-,192(1),-,303(1),-,-
Assam Govt Quota,OBC/MOBC,Assam,"Jorhat Med Coll, Jorhat",GENERAL SURGERY,"₹17,900*","₹55,200*",2*,"₹20,00,000*",814,267(1),267(1),304(1),-,-,-,277(1),305(1),305(1),-,-
Assam Govt Quota,UR,Assam,"Gauhati Med Coll, Guwahati",OPHTHALMOLOGY,"₹17,900*","₹55,200*",2*,"₹20,00,000*",2185,184(2),184(2),207(2),352(1),-,477(1),169(2),273(2),307(2),-,-
Assam Govt Quota,EWS,Assam,"Gauhati Med Coll, Guwahati",ANAESTHESIOLOGY,"₹17,900*","₹55,200*",2*,"₹20,00,000*",2185,266(1),266(1),266(1),-,-,-,135(1),308(1),308(1),-,-
Assam Govt Quota,ST(P),Assam,"Assam Med Coll, Dibrugarh",GENERAL MEDICINE,"₹17,900*","₹55,200*",2*,"₹20,00,000*",1365,543(1),543(1),543(1),-,-,-,310(1),310(1),310(1),-,-
Assam Govt Quota,EWS,Assam,"Gauhati Med Coll, Guwahati",ENT,"₹17,900*","₹55,200*",2*,"₹20,00,000*",2185,-,-,-,-,-,-,-,312(1),312(1),-,-
Assam Govt Quota,OBC/MOBC,Assam,"Jorhat Med Coll, Jorhat",OBG,"₹17,900*","₹55,200*",2*,"₹20,00,000*",814,148(1),148(1),148(1),-,-,-,239(1),316(1),316(1),-,-
Assam Govt Quota,UR,Assam,"Assam Med Coll, Dibrugarh",GENERAL SURGERY,"₹17,900*","₹55,200*",2*,"₹20,00,000*",1365,250(6),274(6),302(6),237(1),337(1),-,188(3),301(6),323(6),430(1),-
Assam Govt Quota,UR,Assam,"Jorhat Med Coll, Jorhat",ENT,"₹17,900*","₹55,200*",2*,"₹20,00,000*",814,-,-,-,-,-,-,193(1),324(1),324(1),-,-
Assam Govt Quota,OBC/MOBC,Assam,"Jorhat Med Coll, Jorhat",PAEDIATRICS,"₹17,900*","₹55,200*",2*,"₹20,00,000*",814,158(1),158(1),158(1),-,-,-,235(1),326(1),326(1),-,-
Assam Govt Quota,SC,Assam,"Fakhruddin Ali Ahmed, Barpeta",GENERAL MEDICINE,"₹17,900*","₹55,200*",2*,"₹20,00,000*",470,288(1),288(1),443(1),-,-,-,332(1),332(1),332(1),-,-
Assam Govt Quota,UR,Assam,"Gauhati Med Coll, Guwahati",EMERGENCY MEDICINE,"₹17,900*","₹55,200*",2*,"₹20,00,000*",2185,217(2),262(2),272(2),-,-,-,125(2),303(2),335(2),386(2),446(1)
Assam Govt Quota,OBC/MOBC,Assam,"Silchar Med Coll, Silchar",OBG,"₹17,900*","₹55,200*",2*,"₹20,00,000*",1256,-,-,-,-,-,-,269(1),337(1),337(1),-,-
Assam Govt Quota,EWS,Assam,"Silchar Med Coll, Silchar",OPHTHALMOLOGY,"₹17,900*","₹55,200*",2*,"₹20,00,000*",1256,-,-,-,-,-,-,-,338(1),338(1),-,-
Assam Govt Quota,EWS,Assam,"Assam Med Coll, Dibrugarh",GENERAL SURGERY,"₹17,900*","₹55,200*",2*,"₹20,00,000*",1365,269(1),269(1),269(1),-,-,-,260(1),343(1),343(1),-,-
Assam Govt Quota,OBC/MOBC,Assam,"Silchar Med Coll, Silchar",GENERAL SURGERY,"₹17,900*","₹55,200*",2*,"₹20,00,000*",1256,228(1),228(1),267(1),-,-,-,238(2),345(3),345(3),-,-
Assam Govt Quota,ST(P),Assam,"Gauhati Med Coll, Guwahati",OBG,"₹17,900*","₹55,200*",2*,"₹20,00,000*",2185,573(1),573(1),573(1),-,-,-,160(1),579(1),348(1),-,-
Assam Govt Quota,EWS,Assam,"Tezpur Med Coll, Tezpur",GENERAL SURGERY,"₹17,900*","₹55,200*",2*,"₹20,00,000*",500,-,-,-,-,-,-,-,292(1),352(1),-,-
Assam Govt Quota,UR,Assam,"Assam Med Coll, Dibrugarh",ANAESTHESIOLOGY,"₹17,900*","₹55,200*",2*,"₹20,00,000*",1365,277(5),298(5),329(5),-,-,-,164(4),317(2),353(5),-,-
Assam Govt Quota,EWS,Assam,"Tezpur Med Coll, Tezpur",ENT,"₹17,900*","₹55,200*",2*,"₹20,00,000*",500,282(1),282(1),282(1),-,-,-,274(1),358(1),358(1),-,-
Assam Govt Quota,UR,Assam,"Jorhat Med Coll, Jorhat",ANAESTHESIOLOGY,"₹17,900*","₹55,200*",2*,"₹20,00,000*",814,290(1),301(1),298(1),366(1),-,-,182(1),327(1),364(1),-,-
Assam Govt Quota,UR,Assam,"Silchar Med Coll, Silchar",ANAESTHESIOLOGY,"₹17,900*","₹55,200*",2*,"₹20,00,000*",1256,275(1),275(1),275(1),-,-,-,177(1),353(1),365(1),-,-
Assam Govt Quota,OBC/MOBC,Assam,"Silchar Med Coll, Silchar",PAEDIATRICS,"₹17,900*","₹55,200*",2*,"₹20,00,000*",1256,125(1),125(1),171(1),-,-,-,231(1),366(1),366(1),-,-
Assam Govt Quota,UR,Assam,"Dr B Borooah, Guwahati",RADIATION ONCOLOGY,"₹1,05,000*","₹1,00,800",1*,"₹25,00,000*",275,234(1),234(1),234(1),-,-,-,224(2),371(2),371(2),-,-
Assam Govt Quota,ST(P),Assam,"Silchar Med Coll, Silchar",DERMATOLOGY,"₹17,900*","₹55,200*",2*,"₹20,00,000*",1256,295(1),295(1),295(1),-,-,-,262(1),374(1),374(1),-,-
Assam Govt Quota,UR,Assam,"Fakhruddin Ali Ahmed, Barpeta",ANAESTHESIOLOGY,"₹17,900*","₹55,200*",2*,"₹20,00,000*",470,299(2),314(2),335(2),-,-,-,-,328(1),375(1),-,-
Assam Govt Quota,OBC/MOBC,Assam,"Silchar Med Coll, Silchar",ANAESTHESIOLOGY,"₹17,900*","₹55,200*",2*,"₹20,00,000*",1256,-,-,-,-,-,-,286(1),381(1),381(1),-,-
Assam Govt Quota,UR,Assam,"Tezpur Med Coll, Tezpur",PSYCHIATRY,"₹17,900*","₹55,200*",2*,"₹20,00,000*",500,-,-,-,-,-,-,-,382(1),382(1),-,-
Assam Govt Quota,OBC/MOBC,Assam,"Tezpur Med Coll, Tezpur",GENERAL SURGERY,"₹17,900*","₹55,200*",2*,"₹20,00,000*",500,257(1),257(1),289(1),-,-,-,266(1),287(1),383(1),-,452(1)
Assam Govt Quota,UR,Assam,"Tezpur Med Coll, Tezpur",ANAESTHESIOLOGY,"₹17,900*","₹55,200*",2*,"₹20,00,000*",500,268(1),310(1),320(1),-,-,-,178(1),-,385(1),-,-
Assam Govt Quota,OBC/MOBC,Assam,"Assam Med Coll, Dibrugarh",ORTHOPAEDICS,"₹17,900*","₹55,200*",2*,"₹20,00,000*",1365,-,-,-,-,-,-,261(1),387(1),387(1),-,-
Assam Govt Quota,EWS,Assam,"Assam Med Coll, Dibrugarh",ANAESTHESIOLOGY,"₹17,900*","₹55,200*",2*,"₹20,00,000*",1365,283(1),283(1),283(1),-,-,-,246(1),372(1),389(1),-,-
Assam Govt Quota,ST(P),Assam,"Gauhati Med Coll, Guwahati",GENERAL MEDICINE,"₹17,900*","₹55,200*",2*,"₹20,00,000*",2185,491(1),491(1),491(1),-,-,-,149(1),-,392(1),-,-
Assam Govt Quota,UR,Assam,"Gauhati Med Coll, Guwahati",RADIATION ONCOLOGY,"₹17,900*","₹55,200*",2*,"₹20,00,000*",2185,339(2),339(2),427(2),442(1),458(1),-,148(1),393(1),393(1),-,-
Assam Govt Quota,OBC/MOBC,Assam,"Gauhati Med Coll, Guwahati",PSYCHIATRY,"₹17,900*","₹55,200*",2*,"₹20,00,000*",2185,264(1),264(1),264(1),-,-,-,383(1),398(1),398(1),-,-
Assam Govt Quota,OBC/MOBC,Assam,"Jorhat Med Coll, Jorhat",ENT,"₹17,900*","₹55,200*",2*,"₹20,00,000*",814,-,-,-,-,-,-,-,402(1),402(1),-,-
Assam Govt Quota,UR,Assam,"Jorhat Med Coll, Jorhat",OPHTHALMOLOGY,"₹17,900*","₹55,200*",2*,"₹20,00,000*",814,-,-,-,-,-,-,215(1),385(1),405(1),-,-
Assam Govt Quota,OBC/MOBC,Assam,"Silchar Med Coll, Silchar",ORTHOPAEDICS,"₹17,900*","₹55,200*",2*,"₹20,00,000*",1256,176(1),176(1),228(1),-,-,-,252(1),408(1),408(1),-,-
Assam Govt Quota,SC,Assam,"Assam Med Coll, Dibrugarh",RADIO DIAGNOSIS,"₹17,900*","₹55,200*",2*,"₹20,00,000*",1365,247(1),293(1),293(1),-,-,-,68(1),411(1),411(1),-,-
Assam Govt Quota,UR,Assam,"Assam Med Coll, Dibrugarh",OPHTHALMOLOGY,"₹17,900*","₹55,200*",2*,"₹20,00,000*",1365,271(2),271(2),330(2),393(1),-,-,197(2),330(2),414(3),-,-
Assam Govt Quota,ST(P),Assam,"Fakhruddin Ali Ahmed, Barpeta",RADIO DIAGNOSIS,"₹17,900*","₹55,200*",2*,"₹20,00,000*",470,294(1),294(1),294(1),-,-,-,374(1),348(1),417(1),-,-
Assam Govt Quota,UR,Assam,"Fakhruddin Ali Ahmed, Barpeta",PATHOLOGY,"₹17,900*","₹55,200*",2*,"₹20,00,000*",470,431(3),463(3),576(3),666(2),-,-,317(1),415(1),422(1),-,-
Assam Govt Quota,SC,Assam,"Assam Med Coll, Dibrugarh",PAEDIATRICS,"₹17,900*","₹55,200*",2*,"₹20,00,000*",1365,374(1),374(1),476(1),-,-,-,166(1),428(1),428(1),-,-
Assam Govt Quota,EWS,Assam,"Tezpur Med Coll, Tezpur",PSYCHIATRY,"₹17,900*","₹55,200*",2*,"₹20,00,000*",500,328(1),330(1),486(1),462(1),-,-,281(1),433(1),433(1),-,-
Assam Govt Quota,SC,Assam,"Gauhati Med Coll, Guwahati",OBG,"₹17,900*","₹55,200*",2*,"₹20,00,000*",2185,313(1),313(1),313(1),-,-,-,336(1),434(1),434(1),-,-
Assam Govt Quota,UR,Assam,"Assam Med Coll, Dibrugarh",PSYCHIATRY,"₹17,900*","₹55,200*",2*,"₹20,00,000*",1365,169(2),318(2),318(2),-,-,-,141(1),373(2),438(2),-,-
Assam Govt Quota,UR,Assam,"Gauhati Med Coll, Guwahati",DA,"₹17,900*","₹55,200*",2*,"₹15,00,000*",2185,386(1),386(1),553(1),-,-,-,-,375(1),444(1),-,-
Assam Govt Quota,UR,Assam,"Gauhati Med Coll, Guwahati",PATHOLOGY,"₹17,900*","₹55,200*",2*,"₹20,00,000*",2185,314(3),338(3),459(3),559(3),-,-,243(3),414(3),445(3),-,-
Assam Govt Quota,OBC/MOBC,Assam,"Silchar Med Coll, Silchar",OPHTHALMOLOGY,"₹17,900*","₹55,200*",2*,"₹20,00,000*",1256,-,-,-,-,-,-,337(1),449(1),449(1),-,-
Assam Govt Quota,OBC/MOBC,Assam,"Gauhati Med Coll, Guwahati",ORTHOPAEDICS,"₹17,900*","₹55,200*",2*,"₹20,00,000*",2185,150(1),150(1),150(1),-,-,-,134(1),351(2),452(2),489(1),-
Assam Govt Quota,OBC/MOBC,Assam,"Gauhati Med Coll, Guwahati",ENT,"₹17,900*","₹55,200*",2*,"₹20,00,000*",2185,276(1),276(1),276(1),-,-,-,346(1),461(1),461(1),-,-
Assam Govt Quota,ST(H),Assam,"Gauhati Med Coll, Guwahati",OBG,"₹17,900*","₹55,200*",2*,"₹20,00,000*",2185,837(1),837(1),837(1),-,-,-,464(1),464(1),464(1),-,-
Assam Govt Quota,OBC/MOBC,Assam,"Gauhati Med Coll, Guwahati",ANAESTHESIOLOGY,"₹17,900*","₹55,200*",2*,"₹20,00,000*",2185,244(1),244(1),244(1),-,-,-,203(1),467(2),467(2),-,-
Assam Govt Quota,OBC/MOBC,Assam,"Assam Med Coll, Dibrugarh",ENT,"₹17,900*","₹55,200*",2*,"₹20,00,000*",1365,-,-,-,-,-,-,-,469(1),469(1),-,-
Assam Govt Quota,EWS,Assam,"Assam Med Coll, Dibrugarh",OPHTHALMOLOGY,"₹17,900*","₹55,200*",2*,"₹20,00,000*",1365,322(1),316(1),316(1),-,-,-,292(1),457(1),476(1),-,-
Assam Govt Quota,UR,Assam,"Assam Med Coll, Dibrugarh",PATHOLOGY,"₹17,900*","₹55,200*",2*,"₹20,00,000*",1365,355(3),394(3),494(3),642(2),686(1),-,248(1),462(2),479(2),599(1),-
Assam Govt Quota,ST(H),Assam,"Gauhati Med Coll, Guwahati",GENERAL MEDICINE,"₹17,900*","₹55,200*",2*,"₹20,00,000*",2185,508(1),830(1),830(1),-,-,-,490(1),490(1),490(1),-,-
Assam Govt Quota,OBC/MOBC,Assam,"Assam Med Coll, Dibrugarh",ANAESTHESIOLOGY,"₹17,900*","₹55,200*",2*,"₹20,00,000*",1365,306(1),303(1),303(1),-,-,-,345(2),493(2),493(2),-,-
Assam Govt Quota,UR,Assam,"Tezpur Med Coll, Tezpur",PATHOLOGY,"₹17,900*","₹55,200*",2*,"₹20,00,000*",500,375(1),412(1),539(1),-,1154(1),-,298(1),498(1),498(1),-,-
Assam Govt Quota,OBC/MOBC,Assam,"Gauhati Med Coll, Guwahati",OPHTHALMOLOGY,"₹17,900*","₹55,200*",2*,"₹20,00,000*",2185,289(1),289(1),407(1),-,-,-,171(1),492(2),499(2),-,-
Assam Govt Quota,ST(P),Assam,"Silchar Med Coll, Silchar",RADIO DIAGNOSIS,"₹17,900*","₹55,200*",2*,"₹20,00,000*",1256,205(1),205(1),205(1),-,-,-,129(1),417(1),510(1),-,-
Assam Govt Quota,SC,Assam,"Gauhati Med Coll, Guwahati",ANAESTHESIOLOGY,"₹17,900*","₹55,200*",2*,"₹20,00,000*",2185,633(1),633(1),727(1),-,-,-,470(1),515(1),515(1),-,-
Assam Govt Quota,OBC/MOBC,Assam,"Assam Med Coll, Dibrugarh",GENERAL SURGERY,"₹17,900*","₹55,200*",2*,"₹20,00,000*",1365,262(2),306(2),311(2),-,-,-,305(3),452(3),520(3),-,550(1)
Assam Govt Quota,OBC/MOBC,Assam,"Fakhruddin Ali Ahmed, Barpeta",GENERAL SURGERY,"₹17,900*","₹55,200*",2*,"₹20,00,000*",470,-,-,-,-,-,-,287(1),383(1),521(1),-,-
Assam Govt Quota,SC,Assam,"Silchar Med Coll, Silchar",OBG,"₹17,900*","₹55,200*",2*,"₹20,00,000*",1256,406(1),406(1),585(1),-,-,-,-,535(1),535(1),-,-
Assam Govt Quota,SC,Assam,"Gauhati Med Coll, Guwahati",GENERAL SURGERY,"₹17,900*","₹55,200*",2*,"₹20,00,000*",2185,396(1),396(1),396(1),-,-,-,378(1),537(1),537(1),-,-
Assam Govt Quota,OBC/MOBC,Assam,"Jorhat Med Coll, Jorhat",OPHTHALMOLOGY,"₹17,900*","₹55,200*",2*,"₹20,00,000*",814,317(1),317(1),496(1),-,-,-,-,580(1),546(1),646(1),-
Assam Govt Quota,OBC/MOBC,Assam,"Jorhat Med Coll, Jorhat",ANAESTHESIOLOGY,"₹17,900*","₹55,200*",2*,"₹20,00,000*",814,303(1),329(1),337(1),431(1),-,-,351(1),564(2),550(2),598(1),-
Assam Govt Quota,SC,Assam,"Silchar Med Coll, Silchar",ORTHOPAEDICS,"₹17,900*","₹55,200*",2*,"₹20,00,000*",1256,-,-,-,-,-,-,-,563(1),563(1),-,-
Assam Govt Quota,OBC/MOBC,Assam,"Tezpur Med Coll, Tezpur",ANAESTHESIOLOGY,"₹17,900*","₹55,200*",2*,"₹20,00,000*",500,-,-,-,-,-,-,359(1),567(1),567(1),-,-
Assam Govt Quota,UR,Assam,"Jorhat Med Coll, Jorhat",PATHOLOGY,"₹17,900*","₹55,200*",2*,"₹20,00,000*",814,368(2),368(2),528(2),686(1),1021(2),-,296(2),514(2),578(2),-,-
Assam Govt Quota,ST(P),Assam,"Gauhati Med Coll, Guwahati",PAEDIATRICS,"₹17,900*","₹55,200*",2*,"₹20,00,000*",2185,698(1),698(1),767(1),-,-,-,-,510(1),579(1),-,-
Assam Govt Quota,OBC/MOBC,Assam,"Silchar Med Coll, Silchar",ENT,"₹17,900*","₹55,200*",2*,"₹20,00,000*",1256,325(1),325(1),386(1),517(1),-,-,366(1),499(1),580(1),-,-
Assam Govt Quota,SC,Assam,"Assam Med Coll, Dibrugarh",ORTHOPAEDICS,"₹17,900*","₹55,200*",2*,"₹20,00,000*",1365,439(1),439(1),601(1),-,-,-,428(1),594(1),594(1),-,-
Assam Govt Quota,UR,Assam,"Assam Med Coll, Dibrugarh",FORENSIC MEDICINE,"₹17,900*","₹55,200*",2*,"₹20,00,000*",1365,495(1),665(1),1141(1),1921(1),-,2230(1),-,578(1),595(1),2212(1),-
Assam Govt Quota,OBC/MOBC,Assam,"Fakhruddin Ali Ahmed, Barpeta",ANAESTHESIOLOGY,"₹17,900*","₹55,200*",2*,"₹20,00,000*",470,323(1),323(1),364(1),-,-,-,371(1),588(1),596(1),-,-
Assam Govt Quota,OBC/MOBC,Assam,"Dr B Borooah, Guwahati",RADIATION ONCOLOGY,"₹1,05,000*","₹1,00,800",1*,"₹25,00,000*",275,263(1),263(1),176(1),-,-,-,300(1),520(1),597(1),-,-
Assam Govt Quota,OBC/MOBC,Assam,"Assam Med Coll, Dibrugarh",OPHTHALMOLOGY,"₹17,900*","₹55,200*",2*,"₹20,00,000*",1365,-,-,-,-,-,-,340(1),521(1),598(1),612(1),-
Assam Govt Quota,UR,Assam,"Silchar Med Coll, Silchar",PATHOLOGY,"₹17,900*","₹55,200*",2*,"₹20,00,000*",1256,363(1),363(1),501(1),658(1),688(1),-,250(1),456(2),604(2),605(1),-
Assam Govt Quota,ST(P),Assam,"Jorhat Med Coll, Jorhat",GENERAL MEDICINE,"₹17,900*","₹55,200*",2*,"₹20,00,000*",814,606(1),606(1),698(1),-,-,-,392(1),392(1),608(1),-,-
Assam Govt Quota,OBC/MOBC,Assam,"Jorhat Med Coll, Jorhat",PSYCHIATRY,"₹17,900*","₹55,200*",2*,"₹20,00,000*",814,-,-,-,-,-,-,398(1),596(1),611(1),452(1),1121(1)
Assam SHQ Quota,SHQ,Assam,"Silchar Med Coll, Silchar",RADIO DIAGNOSIS,"₹17,900*","₹55,200*",2*,"₹20,00,000*",1256,588(1),588(1),588(1),-,-,-,574(1),619(1),619(1),-,-
Assam Govt Quota,ST(P),Assam,"Gauhati Med Coll, Guwahati",OPHTHALMOLOGY,"₹17,900*","₹55,200*",2*,"₹20,00,000*",2185,561(1),561(1),561(1),-,-,-,412(1),1201(1),620(1),-,2004(1)
Assam Govt Quota,OBC/MOBC,Assam,"Silchar Med Coll, Silchar",PSYCHIATRY,"₹17,900*","₹55,200*",2*,"₹20,00,000*",1256,318(1),403(1),403(1),-,-,-,408(1),487(1),621(1),-,729(1)
Assam Govt Quota,ST(P),Assam,"Tezpur Med Coll, Tezpur",OBG,"₹17,900*","₹55,200*",2*,"₹20,00,000*",500,-,-,-,-,-,-,455(1),625(1),625(1),-,-
Assam Govt Quota,SC,Assam,"Jorhat Med Coll, Jorhat",ENT,"₹17,900*","₹55,200*",2*,"₹20,00,000*",814,526(1),674(1),674(1),-,-,-,537(1),640(1),640(1),901(1),-
Assam SHQ Quota,SHQ,Assam,"Assam Med Coll, Dibrugarh",GENERAL MEDICINE,"₹17,900*","₹55,200*",2*,"₹20,00,000*",1365,134(1),134(1),134(1),-,-,-,643(1),643(1),643(1),-,-
Assam Govt Quota,UR,Assam,"Silchar Med Coll, Silchar",PHYSIOLOGY,"₹17,900*","₹55,200*",2*,"₹20,00,000*",1256,755(1),-,2549(1),2565(1),-,-,631(1),-,655(1),1846(1),-
Assam SHQ Quota,SHQ,Assam,"Tezpur Med Coll, Tezpur",GENERAL MEDICINE,"₹17,900*","₹55,200*",2*,"₹20,00,000*",500,340(1),340(1),340(1),-,-,-,660(1),660(1),660(1),-,-
Assam Govt Quota,EWS,Assam,"Silchar Med Coll, Silchar",PATHOLOGY,"₹17,900*","₹55,200*",2*,"₹20,00,000*",1256,-,-,-,-,-,-,388(1),671(1),671(1),-,-
Assam Govt Quota,UR,Assam,"Gauhati Med Coll, Guwahati",MICROBIOLOGY,"₹17,900*","₹55,200*",2*,"₹20,00,000*",2185,473(1),570(1),637(1),1219(1),-,2609(1),422(1),680(1),680(1),-,-
Assam Govt Quota,ST(P),Assam,"Fakhruddin Ali Ahmed, Barpeta",OBG,"₹17,900*","₹55,200*",2*,"₹20,00,000*",470,-,-,-,-,-,-,-,691(1),691(1),-,-
Assam Govt Quota,SC,Assam,"Gauhati Med Coll, Guwahati",OPHTHALMOLOGY,"₹17,900*","₹55,200*",2*,"₹20,00,000*",2185,-,-,-,-,-,-,-,705(1),705(1),-,-
Assam Govt Quota,SC,Assam,"Assam Med Coll, Dibrugarh",ANAESTHESIOLOGY,"₹17,900*","₹55,200*",2*,"₹20,00,000*",1365,678(1),678(1),744(1),-,-,-,515(1),718(1),718(1),-,-
Assam Govt Quota,OBC/MOBC,Assam,"Silchar Med Coll, Silchar",PATHOLOGY,"₹17,900*","₹55,200*",2*,"₹20,00,000*",1256,394(1),496(1),682(1),-,-,-,467(1),729(1),729(1),991(1),-
Assam Govt Quota,ST(P),Assam,"Silchar Med Coll, Silchar",GENERAL MEDICINE,"₹17,900*","₹55,200*",2*,"₹20,00,000*",1256,548(1),548(1),548(1),-,-,-,417(1),608(2),735(2),-,-
Assam Govt Quota,OBC/MOBC,Assam,"Gauhati Med Coll, Guwahati",PATHOLOGY,"₹17,900*","₹55,200*",2*,"₹20,00,000*",2185,329(1),364(1),602(1),737(1),881(1),-,449(1),611(2),736(2),-,-
Assam Govt Quota,EWS,Assam,"Assam Med Coll, Dibrugarh",PATHOLOGY,"₹17,900*","₹55,200*",2*,"₹20,00,000*",1365,358(1),358(1),499(1),756(1),-,-,372(1),556(1),766(1),-,-
Assam Govt Quota,UR,Assam,"Assam Med Coll, Dibrugarh",SPM,"₹17,900*","₹55,200*",2*,"₹20,00,000*",1365,411(1),487(1),563(1),946(1),-,2121(1),355(1),779(1),779(1),-,-
Assam Govt Quota,UR,Assam,"Assam Med Coll, Dibrugarh",MICROBIOLOGY,"₹17,900*","₹55,200*",2*,"₹20,00,000*",1365,505(2),542(2),943(2),475(1),-,-,-,781(1),781(1),-,-
Assam Govt Quota,ST(P),Assam,"Gauhati Med Coll, Guwahati",ORTHOPAEDICS,"₹17,900*","₹55,200*",2*,"₹20,00,000*",2185,586(1),586(1),589(1),1147(1),-,-,348(1),800(1),800(1),-,-
Assam Govt Quota,ST(H),Assam,"Silchar Med Coll, Silchar",OBG,"₹17,900*","₹55,200*",2*,"₹20,00,000*",1256,-,-,-,-,-,-,-,808(1),808(1),-,-
Assam Govt Quota,ST(H),Assam,"Assam Med Coll, Dibrugarh",GENERAL MEDICINE,"₹17,900*","₹55,200*",2*,"₹20,00,000*",1365,793(1),793(1),793(1),-,-,-,586(1),-,819(1),-,-
Assam Govt Quota,SC,Assam,"Assam Med Coll, Dibrugarh",PSYCHIATRY,"₹17,900*","₹55,200*",2*,"₹20,00,000*",1365,596(1),744(1),759(1),1871(1),-,-,411(1),837(1),837(1),-,-
Assam Govt Quota,ST(P),Assam,"Silchar Med Coll, Silchar",PAEDIATRICS,"₹17,900*","₹55,200*",2*,"₹20,00,000*",1256,712(1),767(1),843(1),-,-,-,510(1),842(1),842(1),-,-
Assam Govt Quota,OBC/MOBC,Assam,"Assam Med Coll, Dibrugarh",PATHOLOGY,"₹17,900*","₹55,200*",2*,"₹20,00,000*",1365,364(1),407(1),610(1),819(1),-,-,458(1),753(2),845(2),864(1),-
Assam Govt Quota,EWS,Assam,"Jorhat Med Coll, Jorhat",PATHOLOGY,"₹17,900*","₹55,200*",2*,"₹20,00,000*",814,385(1),387(1),666(1),688(1),-,-,-,742(1),847(1),847(1),-
Assam SHQ Quota,SHQ,Assam,"Silchar Med Coll, Silchar",OBG,"₹17,900*","₹55,200*",2*,"₹20,00,000*",1256,897(1),897(1),897(1),-,-,-,852(1),852(1),852(1),-,-
Assam SHQ Quota,SHQ,Assam,"Gauhati Med Coll, Guwahati",OBG,"₹17,900*","₹55,200*",2*,"₹20,00,000*",2185,748(1),748(1),748(1),-,-,-,866(1),866(1),866(1),-,-
Assam Govt Quota,UR,Assam,"Gauhati Med Coll, Guwahati",SPM,"₹17,900*","₹55,200*",2*,"₹20,00,000*",2185,382(1),382(1),382(1),-,-,-,353(1),766(2),881(2),1154(2),1381(2)
Assam Govt Quota,ST(P),Assam,"Gauhati Med Coll, Guwahati",PATHOLOGY,"₹17,900*","₹55,200*",2*,"₹20,00,000*",2185,1064(1),1108(1),1108(1),-,-,-,620(1),620(1),893(1),-,-
Assam Govt Quota,UR,Assam,"Fakhruddin Ali Ahmed, Barpeta",SPM,"₹17,900*","₹55,200*",2*,"₹20,00,000*",470,-,-,-,-,-,-,415(1),422(1),897(1),-,-
Assam Govt Quota,ST(P),Assam,"Gauhati Med Coll, Guwahati",GENERAL SURGERY,"₹17,900*","₹55,200*",2*,"₹20,00,000*",2185,753(1),753(1),753(1),-,-,-,589(1),-,899(1),-,-
Assam Govt Quota,ST(P),Assam,"Silchar Med Coll, Silchar",GENERAL SURGERY,"₹17,900*","₹55,200*",2*,"₹20,00,000*",1256,809(1),809(1),809(1),-,-,-,-,917(1),917(1),-,-
Assam Govt Quota,ST(P),Assam,"Jorhat Med Coll, Jorhat",ORTHOPAEDICS,"₹17,900*","₹55,200*",2*,"₹20,00,000*",814,597(1),597(1),597(1),-,-,-,608(1),922(1),922(1),-,-
Assam NEC Quota,NEC,Assam,"Gauhati Med Coll, Guwahati",DCH,"₹17,900*","₹55,200*",2*,"₹15,00,000*",2185,-,-,-,-,-,-,-,925(1),925(1),-,-
Assam Govt Quota,OBC/MOBC,Assam,"Jorhat Med Coll, Jorhat",PATHOLOGY,"₹17,900*","₹55,200*",2*,"₹20,00,000*",814,-,-,-,-,-,-,469(1),832(1),931(1),1463(1),-
Assam Govt Quota,ST(P),Assam,"Jorhat Med Coll, Jorhat",ANAESTHESIOLOGY,"₹17,900*","₹55,200*",2*,"₹20,00,000*",814,843(1),843(1),1200(1),1125(1),-,-,737(1),944(1),944(1),-,-
Assam Govt Quota,ST(H),Assam,"Jorhat Med Coll, Jorhat",GENERAL SURGERY,"₹17,900*","₹55,200*",2*,"₹20,00,000*",814,913(1),913(1),1276(1),1276(1),2300(1),-,964(1),964(1),964(1),-,-
Assam Govt Quota,SC,Assam,"Assam Med Coll, Dibrugarh",GENERAL SURGERY,"₹17,900*","₹55,200*",2*,"₹20,00,000*",1365,443(1),585(1),633(1),-,-,-,434(1),738(1),965(1),1030(1),1033(1)
Assam Govt Quota,ST(H),Assam,"Gauhati Med Coll, Guwahati",PAEDIATRICS,"₹17,900*","₹55,200*",2*,"₹20,00,000*",2185,-,-,-,-,-,-,819(1),819(1),980(1),-,-
Assam SHQ Quota,SHQ,Assam,"Gauhati Med Coll, Guwahati",PAEDIATRICS,"₹17,900*","₹55,200*",2*,"₹20,00,000*",2185,533(1),533(1),480(1),975(1),-,-,896(1),981(1),981(1),-,-
Assam SHQ Quota,SHQ,Assam,"Fakhruddin Ali Ahmed, Barpeta",OBG,"₹17,900*","₹55,200*",2*,"₹20,00,000*",470,772(1),772(1),772(1),-,-,-,1130(1),984(1),984(1),-,-
Assam SHQ Quota,SHQ,Assam,"Gauhati Med Coll, Guwahati",OPHTHALMOLOGY,"₹17,900*","₹55,200*",2*,"₹20,00,000*",2185,1170(1),1170(1),1170(1),-,-,-,985(1),985(1),985(1),-,-
Assam Govt Quota,SC,Assam,"Jorhat Med Coll, Jorhat",GENERAL SURGERY,"₹17,900*","₹55,200*",2*,"₹20,00,000*",814,493(1),493(1),493(1),-,-,-,-,987(1),987(1),-,1075(1)
Assam SHQ Quota,SHQ,Assam,"Jorhat Med Coll, Jorhat",ANAESTHESIOLOGY,"₹17,900*","₹55,200*",2*,"₹20,00,000*",814,1018(1),1018(1),1018(1),-,-,-,998(1),998(1),998(1),-,-
Assam Govt Quota,OBC/MOBC,Assam,"Fakhruddin Ali Ahmed, Barpeta",PATHOLOGY,"₹17,900*","₹55,200*",2*,"₹20,00,000*",470,-,-,-,-,-,-,477(1),845(2),1010(2),1409(1),-
Assam Govt Quota,SC,Assam,"Assam Med Coll, Dibrugarh",PATHOLOGY,"₹17,900*","₹55,200*",2*,"₹20,00,000*",1365,700(1),759(1),1089(1),1502(1),-,-,594(1),1030(1),1012(1),-,-
Assam SHQ Quota,SHQ,Assam,"Tezpur Med Coll, Tezpur",PAEDIATRICS,"₹17,900*","₹55,200*",2*,"₹20,00,000*",500,777(1),777(1),777(1),-,-,-,1015(1),1015(1),1015(1),-,-
Assam Govt Quota,ST(P),Assam,"Assam Med Coll, Dibrugarh",GENERAL SURGERY,"₹17,900*","₹55,200*",2*,"₹20,00,000*",1365,868(1),868(1),606(1),1141(1),-,-,607(1),899(1),1022(1),-,-
Assam Govt Quota,ST(P),Assam,"Fakhruddin Ali Ahmed, Barpeta",GENERAL SURGERY,"₹17,900*","₹55,200*",2*,"₹20,00,000*",470,1038(1),1038(1),1038(1),-,-,-,-,1029(1),1029(1),-,-
Assam Govt Quota,SC,Assam,"Gauhati Med Coll, Guwahati",MICROBIOLOGY,"₹17,900*","₹55,200*",2*,"₹20,00,000*",2185,979(1),903(1),1343(1),2146(1),-,-,1016(1),1144(1),1030(1),1222(1),-
Assam Govt Quota,UR,Assam,"Gauhati Med Coll, Guwahati",PHARMACOLOGY,"₹17,900*","₹55,200*",2*,"₹20,00,000*",2185,584(1),620(1),758(1),1006(1),-,-,364(1),931(1),1071(1),-,-
Assam Govt Quota,ST(P),Assam,"Gauhati Med Coll, Guwahati",ENT,"₹17,900*","₹55,200*",2*,"₹20,00,000*",2185,767(1),1064(1),1064(1),-,-,-,552(1),1129(1),1087(1),1242(1),-
Assam Govt Quota,ST(H),Assam,"Assam Med Coll, Dibrugarh",PATHOLOGY,"₹17,900*","₹55,200*",2*,"₹20,00,000*",1365,911(1),911(1),911(1),-,-,-,1091(1),1091(1),1091(1),-,-
Assam SHQ Quota,SHQ,Assam,"Jorhat Med Coll, Jorhat",OBG,"₹17,900*","₹55,200*",2*,"₹20,00,000*",814,956(1),956(1),956(1),-,-,-,1092(1),1092(1),1092(1),-,-
Assam Govt Quota,ST(H),Assam,"Silchar Med Coll, Silchar",ENT,"₹17,900*","₹55,200*",2*,"₹20,00,000*",1256,-,-,-,-,-,-,-,1100(1),1100(1),-,-
Assam Govt Quota,ST(P),Assam,"Gauhati Med Coll, Guwahati",SPM,"₹17,900*","₹55,200*",2*,"₹20,00,000*",2185,1125(1),1125(1),1155(1),1765(1),-,1676(1),924(1),1113(1),1113(1),-,-
Assam SHQ Quota,SHQ,Assam,"Assam Med Coll, Dibrugarh",OBG,"₹17,900*","₹55,200*",2*,"₹20,00,000*",1365,807(1),807(1),807(1),-,-,-,1120(1),1120(1),1120(1),-,-
Assam SHQ Quota,SHQ,Assam,"Silchar Med Coll, Silchar",GENERAL MEDICINE,"₹17,900*","₹55,200*",2*,"₹20,00,000*",1256,852(1),852(1),852(1),-,-,-,619(1),1130(1),1130(1),-,-
Assam Govt Quota,OBC/MOBC,Assam,"Jorhat Med Coll, Jorhat",SPM,"₹17,900*","₹55,200*",2*,"₹20,00,000*",814,-,-,-,-,-,-,520(1),991(1),1132(1),-,1935(1)
Assam SHQ Quota,SHQ,Assam,"Gauhati Med Coll, Guwahati",GENERAL SURGERY,"₹17,900*","₹55,200*",2*,"₹20,00,000*",2185,1057(1),1007(1),1007(1),-,-,-,1291(1),1139(1),1139(1),-,-
Assam Govt Quota,ST(P),Assam,"Tezpur Med Coll, Tezpur",ENT,"₹17,900*","₹55,200*",2*,"₹20,00,000*",500,-,-,-,-,-,-,-,1142(1),1142(1),-,-
Assam Govt Quota,SC,Assam,"Jorhat Med Coll, Jorhat",PATHOLOGY,"₹17,900*","₹55,200*",2*,"₹20,00,000*",814,674(1),769(1),903(1),1508(1),-,-,718(1),1012(1),1144(1),-,-
Assam Govt Quota,UR,Assam,"Gauhati Med Coll, Guwahati",DCP,"₹17,900*","₹55,200*",2*,"₹15,00,000*",2185,539(1),539(1),708(1),1237(1),-,1633(1),-,1179(1),1154(1),713(1),-
Assam Govt Quota,OBC/MOBC,Assam,"Gauhati Med Coll, Guwahati",PHARMACOLOGY,"₹17,900*","₹55,200*",2*,"₹20,00,000*",2185,-,-,-,-,-,-,-,1159(1),1159(1),-,-
Assam Govt Quota,UR,Assam,"Jorhat Med Coll, Jorhat",MICROBIOLOGY,"₹17,900*","₹55,200*",2*,"₹20,00,000*",814,-,-,-,-,-,-,438(1),1270(1),1179(1),-,-
Assam Govt Quota,ST(P),Assam,"Assam Med Coll, Dibrugarh",PSYCHIATRY,"₹17,900*","₹55,200*",2*,"₹20,00,000*",1365,942(1),942(1),942(1),-,-,-,775(1),-,1201(1),1597(1),2015(1)
Assam Govt Quota,ST(P),Assam,"Silchar Med Coll, Silchar",PATHOLOGY,"₹17,900*","₹55,200*",2*,"₹20,00,000*",1256,1108(1),1316(1),1316(1),-,-,-,861(1),893(1),1204(1),-,-
Assam SHQ Quota,SHQ,Assam,"Fakhruddin Ali Ahmed, Barpeta",GENERAL SURGERY,"₹17,900*","₹55,200*",2*,"₹20,00,000*",470,960(1),960(1),960(1),-,-,-,1213(1),1213(1),1213(1),-,1394(1)
Assam Govt Quota,ST(P),Assam,"Silchar Med Coll, Silchar",ANAESTHESIOLOGY,"₹17,900*","₹55,200*",2*,"₹20,00,000*",1256,889(1),889(1),889(1),-,-,-,691(1),1214(1),1214(1),-,-
Assam Govt Quota,UR-PwD,Assam,"Jorhat Med Coll, Jorhat",GENERAL MEDICINE,"₹17,900*","₹55,200*",2*,"₹20,00,000*",814,-,-,-,-,-,-,-,-,1223(1),-,-
Assam SHQ Quota,SHQ,Assam,"Assam Med Coll, Dibrugarh",ANAESTHESIOLOGY,"₹17,900*","₹55,200*",2*,"₹20,00,000*",1365,1103(1),1060(1),1060(1),-,-,-,1264(1),1264(1),1264(1),-,-
Assam Govt Quota,ST(P),Assam,"Gauhati Med Coll, Guwahati",DA,"₹17,900*","₹55,200*",2*,"₹15,00,000*",2185,-,-,-,-,-,-,-,-,1283(1),2015(1),595(1)
Assam Govt Quota,UR,Assam,"Assam Med Coll, Dibrugarh",PHARMACOLOGY,"₹17,900*","₹55,200*",2*,"₹20,00,000*",1365,-,-,-,-,-,2589(1),441(1),881(1),1284(1),-,-
Assam SHQ Quota,SHQ,Assam,"Assam Med Coll, Dibrugarh",ORTHOPAEDICS,"₹17,900*","₹55,200*",2*,"₹20,00,000*",1365,183(1),183(1),533(1),-,-,-,984(1),1294(1),1294(1),-,-
Assam SHQ Quota,SHQ,Assam,"Gauhati Med Coll, Guwahati",ANAESTHESIOLOGY,"₹17,900*","₹55,200*",2*,"₹20,00,000*",2185,1007(1),962(1),962(1),-,-,-,1139(1),1310(1),1310(1),-,-
Assam Govt Quota,UR,Assam,"Silchar Med Coll, Silchar",PHARMACOLOGY,"₹17,900*","₹55,200*",2*,"₹20,00,000*",1256,607(1),900(1),1124(1),1962(1),-,-,534(1),1338(1),1338(1),-,-
Assam SHQ Quota,SHQ,Assam,"Fakhruddin Ali Ahmed, Barpeta",PAEDIATRICS,"₹17,900*","₹55,200*",2*,"₹20,00,000*",470,750(1),750(1),750(1),-,-,-,981(1),1339(1),1339(1),-,-
Assam Govt Quota,ST(H),Assam,"Silchar Med Coll, Silchar",ORTHOPAEDICS,"₹17,900*","₹55,200*",2*,"₹20,00,000*",1256,1158(1),1158(1),1158(1),-,-,-,911(1),1262(1),1344(1),-,-
Assam Govt Quota,UR,Assam,"Gauhati Med Coll, Guwahati",BIOCHEMISTRY,"₹17,900*","₹55,200*",2*,"₹20,00,000*",2185,714(1),718(1),1190(1),2036(1),-,-,511(1),1071(1),1356(1),2156(1),1846(1)
Assam SHQ Quota,SHQ,Assam,"Assam Med Coll, Dibrugarh",DCH,"₹17,900*","₹55,200*",2*,"₹15,00,000*",1365,1010(1),1010(1),1337(1),-,-,-,1377(1),1377(1),1377(1),-,-
Assam SHQ Quota,SHQ,Assam,"Jorhat Med Coll, Jorhat",GENERAL SURGERY,"₹17,900*","₹55,200*",2*,"₹20,00,000*",814,1060(1),1145(1),1145(1),-,-,-,1294(1),1378(1),1378(1),-,-
Assam Govt Quota,UR,Assam,"Gauhati Med Coll, Guwahati",PHYSIOLOGY,"₹17,900*","₹55,200*",2*,"₹20,00,000*",2185,537(1),-,1689(1),2729(1),-,-,556(1),1390(1),1390(1),-,-
Assam SHQ Quota,SHQ,Assam,"Assam Med Coll, Dibrugarh",PSYCHIATRY,"₹17,900*","₹55,200*",2*,"₹20,00,000*",1365,1337(1),985(1),1421(1),-,-,-,1404(1),1404(1),1404(1),-,-
Assam SHQ Quota,SHQ,Assam,"Fakhruddin Ali Ahmed, Barpeta",PATHOLOGY,"₹17,900*","₹55,200*",2*,"₹20,00,000*",470,985(1),1216(1),1216(1),-,-,-,1421(1),1421(1),1421(1),-,-
Assam Govt Quota,ST(P),Assam,"Assam Med Coll, Dibrugarh",ANAESTHESIOLOGY,"₹17,900*","₹55,200*",2*,"₹20,00,000*",1365,659(1),659(1),659(1),-,-,-,675(1),1455(1),1455(1),-,-
Assam Govt Quota,OBC/MOBC,Assam,"Fakhruddin Ali Ahmed, Barpeta",SPM,"₹17,900*","₹55,200*",2*,"₹20,00,000*",470,-,-,-,-,-,-,701(1),1498(1),1498(1),-,-
Assam Govt Quota,ST(H),Assam,"Silchar Med Coll, Silchar",ANAESTHESIOLOGY,"₹17,900*","₹55,200*",2*,"₹20,00,000*",1256,928(1),928(1),928(1),-,-,-,-,980(1),1548(1),-,-
Assam Govt Quota,ST(H),Assam,"Assam Med Coll, Dibrugarh",GENERAL SURGERY,"₹17,900*","₹55,200*",2*,"₹20,00,000*",1365,1276(1),1276(1),1379(1),-,-,-,808(1),-,1558(1),1709(1),-
Assam Govt Quota,ST(H),Assam,"Silchar Med Coll, Silchar",PHARMACOLOGY,"₹17,900*","₹55,200*",2*,"₹20,00,000*",1256,-,-,-,-,-,-,-,1563(1),1563(1),-,-
Assam SHQ Quota,SHQ,Assam,"Gauhati Med Coll, Guwahati",PATHOLOGY,"₹17,900*","₹55,200*",2*,"₹20,00,000*",2185,1138(1),1138(1),1138(1),-,-,-,1476(1),-,1588(1),-,-
Assam Govt Quota,ST(P),Assam,"Tezpur Med Coll, Tezpur",OPHTHALMOLOGY,"₹17,900*","₹55,200*",2*,"₹20,00,000*",500,-,-,-,-,-,-,-,1615(1),1615(1),-,-
Assam Govt Quota,ST(P),Assam,"Fakhruddin Ali Ahmed, Barpeta",PATHOLOGY,"₹17,900*","₹55,200*",2*,"₹20,00,000*",470,-,-,-,-,-,-,-,1624(1),1624(1),-,-
Assam Govt Quota,OBC/MOBC,Assam,"Fakhruddin Ali Ahmed, Barpeta",MICROBIOLOGY,"₹17,900*","₹55,200*",2*,"₹20,00,000*",470,552(1),952(1),1217(1),2172(1),-,-,597(1),-,1629(1),-,-
Assam Govt Quota,SC,Assam,"Assam Med Coll, Dibrugarh",SPM,"₹17,900*","₹55,200*",2*,"₹20,00,000*",1365,-,-,-,-,-,-,-,1154(1),1633(1),-,-
Assam Govt Quota,UR,Assam,"Silchar Med Coll, Silchar",FORENSIC MEDICINE,"₹17,900*","₹55,200*",2*,"₹20,00,000*",1256,-,-,-,-,-,-,664(1),1424(1),1649(1),2357(1),-
Assam SHQ Quota,SHQ,Assam,"Silchar Med Coll, Silchar",OPHTHALMOLOGY,"₹17,900*","₹55,200*",2*,"₹20,00,000*",1256,1278(2),1325(2),1325(2),-,-,-,1394(1),-,1673(2),1938(1),2208(1)
Assam SHQ Quota,SHQ,Assam,"Assam Med Coll, Dibrugarh",PATHOLOGY,"₹17,900*","₹55,200*",2*,"₹20,00,000*",1365,746(1),746(1),746(1),-,-,-,1546(1),1677(1),1677(1),-,-
Assam Govt Quota,ST(H),Assam,"Fakhruddin Ali Ahmed, Barpeta",ANAESTHESIOLOGY,"₹17,900*","₹55,200*",2*,"₹20,00,000*",470,-,-,-,-,-,-,1100(1),1118(1),1709(1),2277(1),-
Assam SHQ Quota,SHQ,Assam,"Silchar Med Coll, Silchar",ENT,"₹17,900*","₹55,200*",2*,"₹20,00,000*",1256,1260(1),1358(1),1358(1),-,-,-,-,-,1714(1),2373(1),-
Assam SHQ Quota,SHQ,Assam,"Gauhati Med Coll, Guwahati",SPM,"₹17,900*","₹55,200*",2*,"₹20,00,000*",2185,1217(1),1337(1),1448(1),-,-,-,-,-,1738(1),-,-
Assam SHQ Quota,SHQ,Assam,"Silchar Med Coll, Silchar",PSYCHIATRY,"₹17,900*","₹55,200*",2*,"₹20,00,000*",1256,1297(1),1297(1),1297(1),-,-,-,-,-,1757(1),-,-
Assam Govt Quota,UR,Assam,"Gauhati Med Coll, Guwahati",ANATOMY,"₹17,900*","₹55,200*",2*,"₹20,00,000*",2185,938(1),1347(1),2274(1),-,-,-,1056(1),-,1771(1),-,-
Assam Govt Quota,ST(P),Assam,"Tezpur Med Coll, Tezpur",MICROBIOLOGY,"₹17,900*","₹55,200*",2*,"₹20,00,000*",500,-,-,-,-,-,-,944(1),-,1798(1),-,-
Assam Govt Quota,OBC/MOBC,Assam,"Assam Med Coll, Dibrugarh",PHARMACOLOGY,"₹17,900*","₹55,200*",2*,"₹20,00,000*",1365,670(1),670(1),1019(1),1904(1),-,-,559(1),1629(1),1803(1),-,-
Assam SHQ Quota,SHQ,Assam,"Assam Med Coll, Dibrugarh",ENT,"₹17,900*","₹55,200*",2*,"₹20,00,000*",1365,1309(1),1309(1),1309(1),-,-,-,1577(1),1527(1),1818(1),2241(1),2606(1)
Assam SHQ Quota,SHQ,Assam,"Assam Med Coll, Dibrugarh",OPHTHALMOLOGY,"₹17,900*","₹55,200*",2*,"₹20,00,000*",1365,1308(1),1308(1),1308(1),-,-,-,1310(1),-,1870(1),1822(1),2679(1)
Assam SHQ Quota,SHQ,Assam,"Assam Med Coll, Dibrugarh",SPM,"₹17,900*","₹55,200*",2*,"₹20,00,000*",1365,1599(1),1397(1),1743(1),2602(1),-,-,-,-,1988(1),-,-
Assam Govt Quota,UR,Assam,"Fakhruddin Ali Ahmed, Barpeta",BIOCHEMISTRY,"₹17,900*","₹55,200*",2*,"₹20,00,000*",470,248(1),910(1),910(1),-,-,-,-,-,1998(1),-,-
Assam Govt Quota,UR,Assam,"Silchar Med Coll, Silchar",BIOCHEMISTRY,"₹17,900*","₹55,200*",2*,"₹20,00,000*",1256,988(1),-,2506(1),931(1),-,-,741(1),1649(1),2012(1),-,-
Assam Govt Quota,UR,Assam,"Assam Med Coll, Dibrugarh",BIOCHEMISTRY,"₹17,900*","₹55,200*",2*,"₹20,00,000*",1365,860(1),988(1),1270(1),2129(1),-,-,820(1),1381(2),2016(2),-,2543(1)
Assam SHQ Quota,SHQ,Assam,"Jorhat Med Coll, Jorhat",SPM,"₹17,900*","₹55,200*",2*,"₹20,00,000*",814,-,502(1),1758(1),1821(1),-,-,-,-,2036(1),-,2547(1)
Assam Govt Quota,UR,Assam,"Jorhat Med Coll, Jorhat",ANATOMY,"₹17,900*","₹55,200*",2*,"₹20,00,000*",814,1328(2),-,2773(1),-,-,-,-,-,2156(1),-,-
Assam SHQ Quota,SHQ,Assam,"Gauhati Med Coll, Guwahati",DLO,"₹17,900*","₹55,200*",2*,"₹15,00,000*",2185,1358(1),1217(1),1475(1),1217(1),-,-,-,-,2238(1),-,-
Assam SHQ Quota,SHQ,Assam,"Assam Med Coll, Dibrugarh",MICROBIOLOGY,"₹17,900*","₹55,200*",2*,"₹20,00,000*",1365,-,708(1),1653(1),-,-,-,-,-,2240(1),-,-
Assam SHQ Quota,SHQ,Assam,"Jorhat Med Coll, Jorhat",FORENSIC MEDICINE,"₹17,900*","₹55,200*",2*,"₹20,00,000*",814,-,-,2276(1),-,-,-,-,-,2241(1),-,-
Assam Govt Quota,ST(H),Assam,"Gauhati Med Coll, Guwahati",PSYCHIATRY,"₹17,900*","₹55,200*",2*,"₹20,00,000*",2185,1366(1),1366(1),1366(1),-,-,-,811(1),911(1),2258(1),-,-
Assam SHQ Quota,SHQ,Assam,"Gauhati Med Coll, Guwahati",BIOCHEMISTRY,"₹17,900*","₹55,200*",2*,"₹20,00,000*",2185,-,998(1),1545(1),-,-,-,-,-,2315(1),-,2574(1)
Assam SHQ Quota,SHQ,Assam,"Assam Med Coll, Dibrugarh",BIOCHEMISTRY,"₹17,900*","₹55,200*",2*,"₹20,00,000*",1365,-,1224(1),1570(1),-,-,-,-,-,2318(1),-,-
Assam Govt Quota,UR,Assam,"Assam Med Coll, Dibrugarh",ANATOMY,"₹17,900*","₹55,200*",2*,"₹20,00,000*",1365,774(1),1006(1),1220(1),-,-,-,561(1),-,2357(1),-,-
Assam Govt Quota,UR,Assam,"Assam Med Coll, Dibrugarh",PHYSIOLOGY,"₹17,900*","₹55,200*",2*,"₹20,00,000*",1365,946(1),1338(1),2039(1),-,-,-,1356(1),-,2371(1),-,-
Assam Govt Quota,SC,Assam,"Silchar Med Coll, Silchar",PHYSIOLOGY,"₹17,900*","₹55,200*",2*,"₹20,00,000*",1256,1290(1),-,2257(1),-,-,-,-,-,2374(1),-,-
Assam SHQ Quota,SHQ,Assam,"Tezpur Med Coll, Tezpur",SPM,"₹17,900*","₹55,200*",2*,"₹20,00,000*",500,1692(1),1692(1),1692(1),-,-,-,-,-,2392(1),-,-
Assam SHQ Quota,SHQ,Assam,"Gauhati Med Coll, Guwahati",MICROBIOLOGY,"₹17,900*","₹55,200*",2*,"₹20,00,000*",2185,-,642(1),1549(1),-,-,-,-,-,2431(1),-,-
Assam SHQ Quota,SHQ,Assam,"Silchar Med Coll, Silchar",MICROBIOLOGY,"₹17,900*","₹55,200*",2*,"₹20,00,000*",1256,-,1089(1),2036(1),1957(1),-,-,-,-,2529(1),-,-
Assam Govt Quota,ST(H),Assam,"Tezpur Med Coll, Tezpur",BIOCHEMISTRY,"₹17,900*","₹55,200*",2*,"₹20,00,000*",500,-,-,-,-,-,-,1262(1),-,2565(1),-,-
Assam Govt Quota,ST(H),Assam,"Tezpur Med Coll, Tezpur",OPHTHALMOLOGY,"₹17,900*","₹55,200*",2*,"₹20,00,000*",500,1156(1),1379(1),1974(1),-,-,-,980(1),-,2580(1),-,-
Assam Govt Quota,UR-PwD,Assam,"Gauhati Med Coll, Guwahati",GENERAL MEDICINE,"₹17,900*","₹55,200*",2*,"₹20,00,000*",2185,-,-,-,-,-,-,577(1),-,-,-,-
Assam Govt Quota,SC,Assam,"Jorhat Med Coll, Jorhat",BIOCHEMISTRY,"₹17,900*","₹55,200*",2*,"₹20,00,000*",814,-,1389(1),1393(1),2658(1),-,-,640(1),-,-,-,-
Assam Govt Quota,OBC/MOBC,Assam,"Jorhat Med Coll, Jorhat",PHARMACOLOGY,"₹17,900*","₹55,200*",2*,"₹20,00,000*",814,-,-,-,-,-,-,832(1),-,-,-,-
Assam NEC Quota,NEC,Assam,"Gauhati Med Coll, Guwahati",DA,"₹17,900*","₹55,200*",2*,"₹15,00,000*",2185,-,-,-,-,-,-,925(1),-,-,-,-
Assam Govt Quota,OBC/MOBC,Assam,"Tezpur Med Coll, Tezpur",BIOCHEMISTRY,"₹17,900*","₹55,200*",2*,"₹20,00,000*",500,1220(1),1239(1),1802(1),-,-,-,948(1),-,-,-,-
Assam Govt Quota,ST(P),Assam,"Silchar Med Coll, Silchar",PHARMACOLOGY,"₹17,900*","₹55,200*",2*,"₹20,00,000*",1256,1316(1),1504(1),2671(1),-,-,-,1201(1),-,-,-,-
Assam Govt Quota,OBC/MOBC,Assam,"Assam Med Coll, Dibrugarh",ANATOMY,"₹17,900*","₹55,200*",2*,"₹20,00,000*",1365,1165(1),1165(1),2695(1),-,-,-,1267(1),-,-,-,-
Assam Govt Quota,SHQ,Assam,"Jorhat Med Coll, Jorhat",MICROBIOLOGY,"₹17,900*","₹55,200*",2*,"₹20,00,000*",814,-,-,-,-,-,-,-,-,-,1282(1),-
Assam Govt Quota,SC,Assam,"Silchar Med Coll, Silchar",ANATOMY,"₹17,900*","₹55,200*",2*,"₹20,00,000*",1256,1343(1),-,2576(1),-,-,-,1305(1),-,-,-,-
Assam Govt Quota,OBC/MOBC,Assam,"Assam Med Coll, Dibrugarh",MICROBIOLOGY,"₹17,900*","₹55,200*",2*,"₹20,00,000*",1365,-,-,-,-,-,-,684(1),-,-,1305(1),-
Assam Govt Quota,SC,Assam,"Tezpur Med Coll, Tezpur",PHARMACOLOGY,"₹17,900*","₹55,200*",2*,"₹20,00,000*",500,-,-,-,-,-,-,863(1),1305(1),-,-,-
Assam Govt Quota,UR-PwD,Assam,"Assam Med Coll, Dibrugarh",OBG,"₹17,900*","₹55,200*",2*,"₹20,00,000*",1365,-,-,-,-,-,-,1378(1),-,-,-,-
Assam Govt Quota,ST(P),Assam,"Fakhruddin Ali Ahmed, Barpeta",BIOCHEMISTRY,"₹17,900*","₹55,200*",2*,"₹20,00,000*",470,-,-,-,-,-,-,1519(1),-,-,-,-
Assam Govt Quota,OBC/MOBC,Assam,"Jorhat Med Coll, Jorhat",PHYSIOLOGY,"₹17,900*","₹55,200*",2*,"₹20,00,000*",814,-,-,-,-,-,-,-,-,-,1580(1),-
Assam Govt Quota,SHQ,Assam,"Assam Med Coll, Dibrugarh",SPM,"₹17,900*","₹55,200*",2*,"₹20,00,000*",1365,-,-,-,-,-,-,-,-,-,1969(1),-
Assam Govt Quota,SHQ,Assam,"Gauhati Med Coll, Guwahati",BIOCHEMISTRY,"₹17,900*","₹55,200*",2*,"₹20,00,000*",2185,-,-,-,-,-,-,-,-,-,2233(1),-
Assam Govt Quota,OBC/MOBC,Assam,"Fakhruddin Ali Ahmed, Barpeta",BIOCHEMISTRY,"₹17,900*","₹55,200*",2*,"₹20,00,000*",470,-,-,-,-,-,-,931(1),-,-,-,2233(1)
Assam SHQ Quota,SHQ,Assam,"Gauhati Med Coll, Guwahati",FORENSIC MEDICINE,"₹17,900*","₹55,200*",2*,"₹20,00,000*",2185,-,957(1),1822(1),-,-,-,-,-,-,-,2313(1)
Assam Govt Quota,EWS,Assam,"Tezpur Med Coll, Tezpur",SPM,"₹17,900*","₹55,200*",2*,"₹20,00,000*",500,486(1),566(1),789(1),-,-,-,595(1),1192(1),-,2371(1),-
Assam Govt Quota,SHQ,Assam,"Jorhat Med Coll, Jorhat",SPM,"₹17,900*","₹55,200*",2*,"₹20,00,000*",814,-,-,-,-,-,-,-,-,-,2401(1),-
Assam Govt Quota,EWS,Assam,"Silchar Med Coll, Silchar",MICROBIOLOGY,"₹17,900*","₹55,200*",2*,"₹20,00,000*",1256,-,-,-,-,-,-,671(1),-,-,-,2604(1)
Assam Govt Quota,ST(P),Assam,"Jorhat Med Coll, Jorhat",PHYSIOLOGY,"₹17,900*","₹55,200*",2*,"₹20,00,000*",814,-,-,-,-,-,-,-,-,-,-,2732(1)
Assam Govt Quota,UR,Assam,"Jorhat Med Coll, Jorhat",DERMATOLOGY,"₹17,900*","₹55,200*",2*,"₹20,00,000*",814,112(1),112(1),112(1),-,-,-,-,-,-,-,-
Assam Govt Quota,UR,Assam,"Fakhruddin Ali Ahmed, Barpeta",PAEDIATRICS,"₹17,900*","₹55,200*",2*,"₹20,00,000*",470,131(1),131(1),153(1),-,-,-,-,-,-,-,-
Assam Govt Quota,EWS,Assam,"Tezpur Med Coll, Tezpur",GENERAL MEDICINE,"₹17,900*","₹55,200*",2*,"₹20,00,000*",500,167(1),167(1),159(1),197(1),197(1),-,-,-,-,-,-
Assam Govt Quota,UR,Assam,"Tezpur Med Coll, Tezpur",OBG,"₹17,900*","₹55,200*",2*,"₹20,00,000*",500,168(2),175(2),202(2),-,-,-,-,-,-,-,-
Assam Govt Quota,UR,Assam,"Tezpur Med Coll, Tezpur",PAEDIATRICS,"₹17,900*","₹55,200*",2*,"₹20,00,000*",500,130(1),132(1),141(1),208(1),-,-,-,-,-,-,-
Assam Govt Quota,UR,Assam,"Tezpur Med Coll, Tezpur",ORTHOPAEDICS,"₹17,900*","₹55,200*",2*,"₹20,00,000*",500,180(1),180(1),217(1),-,-,-,-,-,-,-,-
Assam Govt Quota,EWS,Assam,"Fakhruddin Ali Ahmed, Barpeta",GENERAL SURGERY,"₹17,900*","₹55,200*",2*,"₹20,00,000*",470,253(1),253(1),235(1),-,-,-,-,-,-,-,-
Assam Govt Quota,UR,Assam,"Silchar Med Coll, Silchar",PSYCHIATRY,"₹17,900*","₹55,200*",2*,"₹20,00,000*",1256,304(1),345(1),345(1),-,-,-,-,-,-,-,-
Assam Govt Quota,UR,Assam,"Gauhati Med Coll, Guwahati",DCH,"₹17,900*","₹55,200*",2*,"₹15,00,000*",2185,187(1),207(1),372(1),-,-,-,-,-,-,-,-
Assam Govt Quota,UR,Assam,"Jorhat Med Coll, Jorhat",PSYCHIATRY,"₹17,900*","₹55,200*",2*,"₹20,00,000*",814,227(1),227(1),317(1),389(1),-,-,-,-,-,-,-
Assam Govt Quota,SC,Assam,"Jorhat Med Coll, Jorhat",DERMATOLOGY,"₹17,900*","₹55,200*",2*,"₹20,00,000*",814,293(1),443(1),374(1),-,-,-,-,-,-,-,-
Assam Govt Quota,UR,Assam,"Assam Med Coll, Dibrugarh",RADIATION ONCOLOGY,"₹17,900*","₹55,200*",2*,"₹20,00,000*",1365,353(1),201(1),455(1),-,-,-,-,-,-,-,-
Assam Govt Quota,ST(P),Assam,"Jorhat Med Coll, Jorhat",OBG,"₹17,900*","₹55,200*",2*,"₹20,00,000*",814,562(1),562(1),562(1),-,-,-,-,-,-,-,-
Assam Govt Quota,ST(P),Assam,"Fakhruddin Ali Ahmed, Barpeta",GENERAL MEDICINE,"₹17,900*","₹55,200*",2*,"₹20,00,000*",470,629(1),629(1),629(1),-,-,-,-,-,-,-,-
Assam Govt Quota,OBC/MOBC,Assam,"Assam Med Coll, Dibrugarh",SPM,"₹17,900*","₹55,200*",2*,"₹20,00,000*",1365,441(1),587(1),670(1),-,-,-,-,-,-,-,-
Assam Govt Quota,UR,Assam,"Gauhati Med Coll, Guwahati",FORENSIC MEDICINE,"₹17,900*","₹55,200*",2*,"₹20,00,000*",2185,410(1),765(1),765(1),-,-,-,-,-,-,-,-
Assam SHQ Quota,SHQ,Assam,"Jorhat Med Coll, Jorhat",MICROBIOLOGY,"₹17,900*","₹55,200*",2*,"₹20,00,000*",814,-,894(1),894(1),-,-,-,-,-,-,-,-
Assam SHQ Quota,SHQ,Assam,"Tezpur Med Coll, Tezpur",PHARMACOLOGY,"₹17,900*","₹55,200*",2*,"₹20,00,000*",500,-,983(1),983(1),-,-,-,-,-,-,-,-
Assam Govt Quota,ST(H),Assam,"Silchar Med Coll, Silchar",PAEDIATRICS,"₹17,900*","₹55,200*",2*,"₹20,00,000*",1256,830(1),1156(1),1156(1),-,-,-,-,-,-,-,-
Assam Govt Quota,SC,Assam,"Assam Med Coll, Dibrugarh",OPHTHALMOLOGY,"₹17,900*","₹55,200*",2*,"₹20,00,000*",1365,585(1),692(1),783(1),1089(1),1218(1),-,-,-,-,-,-
Assam SHQ Quota,SHQ,Assam,"Assam Med Coll, Dibrugarh",ANATOMY,"₹17,900*","₹55,200*",2*,"₹20,00,000*",1365,-,1220(1),-,-,-,-,-,-,-,-,-
Assam Govt Quota,EWS,Assam,"Tezpur Med Coll, Tezpur",MICROBIOLOGY,"₹17,900*","₹55,200*",2*,"₹20,00,000*",500,598(1),1227(1),1227(1),-,-,-,-,-,-,-,-
Assam Govt Quota,ST(H),Assam,"Assam Med Coll, Dibrugarh",ENT,"₹17,900*","₹55,200*",2*,"₹20,00,000*",1365,1315(1),1315(1),1315(1),-,-,-,-,-,-,-,-
Assam Govt Quota,ST(P),Assam,"Gauhati Med Coll, Guwahati",BIOCHEMISTRY,"₹17,900*","₹55,200*",2*,"₹20,00,000*",2185,1336(1),1336(1),1336(1),-,-,-,-,-,-,-,-
Assam Govt Quota,UR,Assam,"Tezpur Med Coll, Tezpur",PHARMACOLOGY,"₹17,900*","₹55,200*",2*,"₹20,00,000*",500,620(1),725(1),1347(1),-,-,-,-,-,-,-,-
Assam SHQ Quota,SHQ,Assam,"Lokopriya (LGBRIMH),Tezpur",PSYCHIATRY,"₹56,850*","₹1,00,980",2*,"₹5,00,000*",336,-,-,-,1475(1),-,-,-,-,-,-,-
Assam Govt Quota,ST(H),Assam,"Assam Med Coll, Dibrugarh",PHYSIOLOGY,"₹17,900*","₹55,200*",2*,"₹20,00,000*",1365,-,1532(1),-,-,-,-,-,-,-,-,-
Assam Govt Quota,ST(P),Assam,"Gauhati Med Coll, Guwahati",MICROBIOLOGY,"₹17,900*","₹55,200*",2*,"₹20,00,000*",2185,1081(1),1155(1),1552(1),-,-,-,-,-,-,-,-
Assam Govt Quota,ST(P),Assam,"Gauhati Med Coll, Guwahati",ANATOMY,"₹17,900*","₹55,200*",2*,"₹20,00,000*",2185,1586(1),1586(1),1586(1),-,-,-,-,-,-,-,-
Assam SHQ Quota,SHQ,Assam,"Assam Med Coll, Dibrugarh",PHYSIOLOGY,"₹17,900*","₹55,200*",2*,"₹20,00,000*",1365,-,1596(1),-,-,-,-,-,-,-,-,-
Assam SHQ Quota,SHQ,Assam,"Tezpur Med Coll, Tezpur",MICROBIOLOGY,"₹17,900*","₹55,200*",2*,"₹20,00,000*",500,-,946(1),1620(1),1335(1),-,-,-,-,-,-,-
Assam NEC Quota,NEC,Assam,"Assam Med Coll, Dibrugarh",DCH,"₹17,900*","₹55,200*",2*,"₹15,00,000*",1365,1636(1),1636(1),1636(1),-,-,-,-,-,-,-,-
Assam SHQ Quota,SHQ,Assam,"Silchar Med Coll, Silchar",FORENSIC MEDICINE,"₹17,900*","₹55,200*",2*,"₹20,00,000*",1256,-,1601(1),1707(1),-,-,-,-,-,-,-,-
Assam Govt Quota,OBC/MOBC,Assam,"Gauhati Med Coll, Guwahati",PHYSIOLOGY,"₹17,900*","₹55,200*",2*,"₹20,00,000*",2185,743(1),-,1732(1),-,-,-,-,-,-,-,-
Assam Govt Quota,EWS,Assam,"Gauhati Med Coll, Guwahati",PHARMACOLOGY,"₹17,900*","₹55,200*",2*,"₹20,00,000*",2185,789(1),1186(1),929(1),1760(1),-,-,-,-,-,-,-
Assam Govt Quota,UR,Assam,"Fakhruddin Ali Ahmed, Barpeta",MICROBIOLOGY,"₹17,900*","₹55,200*",2*,"₹20,00,000*",470,502(1),854(1),1006(1),1793(1),-,1842(1),-,-,-,-,-
Assam Govt Quota,ST(H),Assam,"Silchar Med Coll, Silchar",MICROBIOLOGY,"₹17,900*","₹55,200*",2*,"₹20,00,000*",1256,-,1074(1),1931(1),-,-,-,-,-,-,-,-
Assam Govt Quota,EWS,Assam,"Gauhati Med Coll, Guwahati",PHYSIOLOGY,"₹17,900*","₹55,200*",2*,"₹20,00,000*",2185,1227(1),1194(1),1951(1),-,-,-,-,-,-,-,-
Assam Govt Quota,UR,Assam,"Jorhat Med Coll, Jorhat",PHARMACOLOGY,"₹17,900*","₹55,200*",2*,"₹20,00,000*",814,642(2),1095(2),2172(2),-,-,-,-,-,-,-,-
Assam SHQ Quota,SHQ,Assam,"Assam Med Coll, Dibrugarh",PHARMACOLOGY,"₹17,900*","₹55,200*",2*,"₹20,00,000*",1365,-,584(1),1760(1),2177(1),-,-,-,-,-,-,-
Assam Govt Quota,UR,Assam,"Jorhat Med Coll, Jorhat",PHYSIOLOGY,"₹17,900*","₹55,200*",2*,"₹20,00,000*",814,718(1),701(1),2177(1),-,-,-,-,-,-,-,-
Assam Govt Quota,EWS,Assam,"Gauhati Med Coll, Guwahati",ANATOMY,"₹17,900*","₹55,200*",2*,"₹20,00,000*",2185,1361(1),-,2215(1),-,-,-,-,-,-,-,-
Assam SHQ Quota,SHQ,Assam,"Gauhati Med Coll, Guwahati",DFM,"₹17,900*","₹55,200*",2*,"₹15,00,000*",2185,-,1576(1),2224(1),-,-,-,-,-,-,-,-
Assam Govt Quota,OBC/MOBC,Assam,"Jorhat Med Coll, Jorhat",BIOCHEMISTRY,"₹17,900*","₹55,200*",2*,"₹20,00,000*",814,862(1),1552(1),2249(1),-,-,-,-,-,-,-,-
Assam Govt Quota,UR,Assam,"Silchar Med Coll, Silchar",ANATOMY,"₹17,900*","₹55,200*",2*,"₹20,00,000*",1256,1313(1),1343(1),2507(1),-,-,-,-,-,-,-,-
Assam SHQ Quota,SHQ,Assam,"Assam Med Coll, Dibrugarh",FORENSIC MEDICINE,"₹17,900*","₹55,200*",2*,"₹20,00,000*",1365,-,1361(1),2505(1),2532(1),-,-,-,-,-,-,-
Assam Govt Quota,ST(P),Assam,"Assam Med Coll, Dibrugarh",PHYSIOLOGY,"₹17,900*","₹55,200*",2*,"₹20,00,000*",1365,1415(1),-,2629(1),-,-,-,-,-,-,-,-
Assam SHQ Quota,SHQ,Assam,"Gauhati Med Coll, Guwahati",ANATOMY,"₹17,900*","₹55,200*",2*,"₹20,00,000*",2185,-,-,2685(1),-,-,-,-,-,-,-,-
Assam SHQ Quota,SHQ,Assam,"Gauhati Med Coll, Guwahati",PHYSIOLOGY,"₹17,900*","₹55,200*",2*,"₹20,00,000*",2185,1390(1),-,2484(1),2685(1),-,-,-,-,-,-,-
Assam Govt Quota,EWS,Assam,"Assam Med Coll, Dibrugarh",BIOCHEMISTRY,"₹17,900*","₹55,200*",2*,"₹20,00,000*",1365,1186(1),1387(1),1899(1),2699(1),-,-,-,-,-,-,-
Assam Govt Quota,ST(H),Assam,"Fakhruddin Ali Ahmed, Barpeta",BIOCHEMISTRY,"₹17,900*","₹55,200*",2*,"₹20,00,000*",470,1379(1),1359(1),2370(1),2754(1),-,-,-,-,-,-,-