Quota,Category,State,Institute,Course,Fee,Stipend Year 1,Bond Years,Bond Penalty,Beds,CR 2023 1,CR 2023 2,CR 2023 3,CR 2023 4,CR 2023 5,CR 2024 1,CR 2024 2,CR 2024 3,CR 2024 4,CR 2024 5
CG MBBS or Ins,UR,Chhattisgarh,"CIMS, Bilaspur",GENERAL MEDICINE,"₹20,000*","₹67,500",2*,"₹50,00,000*",550,-,25(1),-,-,-,6(1),17(1),38(1),-,-
CG MBBS or Ins,UR,Chhattisgarh,"Pt JNM Med Coll, Raipur",DERMATOLOGY,"₹20,000*","₹67,500",2*,"₹50,00,000*",1246,-,-,-,-,-,-,11(1),57(1),-,-
CG MBBS or Ins,UR-Female,Chhattisgarh,"Pt JNM Med Coll, Raipur",PAEDIATRICS,"₹20,000*","₹67,500",2*,"₹50,00,000*",1246,24(1),59(1),-,-,-,21(2),35(1),61(1),-,-
CG MBBS or Ins,UR,Chhattisgarh,"Govt Med Coll, Ambikapur",GENERAL MEDICINE,"₹20,000*","₹67,500",2*,"₹50,00,000*",785,23(1),30(1),-,-,-,14(1),-,62(1),-,-
CG MBBS or Ins,UR,Chhattisgarh,"Pt JNM Med Coll, Raipur",OBG,"₹20,000*","₹67,500",2*,"₹50,00,000*",1246,-,-,-,-,-,40(1),-,63(1),-,-
CG MBBS or Ins,UR,Chhattisgarh,"Pt JNM Med Coll, Raipur",PAEDIATRICS,"₹20,000*","₹67,500",2*,"₹50,00,000*",1246,29(1),52(1),-,-,-,-,47(1),80(1),-,-
CG MBBS or Ins,OBC,Chhattisgarh,"Govt Med Coll, Ambikapur",GENERAL MEDICINE,"₹20,000*","₹67,500",2*,"₹50,00,000*",785,-,-,-,-,-,26(1),33(1),99(1),-,-
CG MBBS or Ins,UR,Chhattisgarh,"Pt JNM Med Coll, Raipur",GENERAL SURGERY,"₹20,000*","₹67,500",2*,"₹50,00,000*",1246,71(3),103(2),3(1),-,-,56(2),71(1),106(1),-,-
CG MBBS or Ins,UR,Chhattisgarh,"Pt JNM Med Coll, Raipur",TBRD,"₹20,000*","₹67,500",2*,"₹50,00,000*",1246,-,74(1),-,-,-,50(1),69(1),110(1),-,-
CG MBBS or Ins,UR,Chhattisgarh,"Pt JNM Med Coll, Raipur",ORTHOPAEDICS,"₹20,000*","₹67,500",2*,"₹50,00,000*",1246,82(2),35(1),-,-,-,37(2),90(2),141(2),-,-
CG MBBS or Ins,UR,Chhattisgarh,"SSIMS, Bhilai",GENERAL MEDICINE,"₹10,54,000*","₹67,000",1,"₹10,00,000",896,-,-,-,-,-,-,96(1),143(1),-,-
CG MBBS or Ins,OBC,Chhattisgarh,"Pt JNM Med Coll, Raipur",GENERAL SURGERY,"₹20,000*","₹67,500",2*,"₹50,00,000*",1246,99(1),108(1),-,-,-,130(1),130(1),155(1),-,-
CG MBBS or Ins,UR-Female,Chhattisgarh,"Govt Med Coll, Ambikapur",OBG,"₹20,000*","₹67,500",2*,"₹50,00,000*",785,-,-,-,-,-,53(1),-,167(1),-,-
CG MBBS or Ins,UR,Chhattisgarh,"Shri Balaji Inst of MS, Raipur",GENERAL MEDICINE,"₹10,54,000*",Info not available,1,"₹25,00,000",-,-,-,-,-,-,39(2),81(2),205(2),-,-
CG MBBS or Ins,UR,Chhattisgarh,"Pt JNM Med Coll, Raipur",OPHTHALMOLOGY,"₹20,000*","₹67,500",2*,"₹50,00,000*",1246,-,-,-,-,-,58(1),140(1),209(1),-,-
CG MBBS or Ins,UR,Chhattisgarh,"Govt Med Coll, Ambikapur",GENERAL SURGERY,"₹20,000*","₹67,500",2*,"₹50,00,000*",785,95(1),-,-,-,-,-,-,212(1),-,-
CG MBBS or Ins,EWS,Chhattisgarh,"Pt JNM Med Coll, Raipur",OBG,"₹20,000*","₹67,500",2*,"₹50,00,000*",1246,-,-,-,-,-,62(1),62(1),214(1),-,-
CG MBBS or Ins,UR,Chhattisgarh,"Raipur IMS, Raipur",PAEDIATRICS,"₹9,84,500*","₹67,000",1,"₹25,00,000",650,201(1),213(1),-,-,-,-,206(2),221(1),221(1),-
CG MBBS or Ins,UR,Chhattisgarh,"CIMS, Bilaspur",OPHTHALMOLOGY,"₹20,000*","₹67,500",2*,"₹50,00,000*",550,70(1),127(1),-,-,249(1),-,-,222(1),-,-
CG MBBS or Ins,UR,Chhattisgarh,"Pt JNM Med Coll, Raipur",ANAESTHESIOLOGY,"₹20,000*","₹67,500",2*,"₹50,00,000*",1246,86(2),154(2),16(1),-,-,84(1),119(1),224(1),-,-
CG MBBS or Ins,UR,Chhattisgarh,"Govt Med Coll, Rajnandgaon",OPHTHALMOLOGY,"₹20,000*","₹67,500",2*,"₹50,00,000*",650,-,-,-,-,-,147(1),184(1),258(1),327(1),-
CG MBBS or Ins,UR,Chhattisgarh,"BaliramKashyap NDMC, Jagdalpur",ORTHOPAEDICS,"₹20,000*","₹67,500",2*,"₹50,00,000*",500,-,-,-,-,-,-,-,270(2),252(1),-
CG MBBS or Ins,UR,Chhattisgarh,"Govt Med Coll, Ambikapur",ORTHOPAEDICS,"₹20,000*","₹67,500",2*,"₹50,00,000*",785,84(1),76(1),-,-,-,90(1),108(1),271(1),-,-
CG MBBS or Ins,UR,Chhattisgarh,"Govt Med Coll, Ambikapur",ENT,"₹20,000*","₹67,500",2*,"₹50,00,000*",785,-,-,-,-,-,159(1),207(1),279(1),-,-
CG MBBS or Ins,EWS,Chhattisgarh,"CIMS, Bilaspur",PAEDIATRICS,"₹20,000*","₹67,500",2*,"₹50,00,000*",550,-,-,-,-,-,213(1),126(1),288(1),-,-
CG MBBS or Ins,UR,Chhattisgarh,"Lakhi Ram Agrawal, Raigarh",ORTHOPAEDICS,"₹20,000*","₹67,500",2*,"₹50,00,000*",650,-,-,-,-,-,104(1),139(1),292(1),-,-
CG MBBS or Ins,SC,Chhattisgarh,"Pt JNM Med Coll, Raipur",PAEDIATRICS,"₹20,000*","₹67,500",2*,"₹50,00,000*",1246,-,-,-,-,-,120(1),-,298(1),-,-
CG MBBS or Ins,UR,Chhattisgarh,"Govt Med Coll, Rajnandgaon",ANAESTHESIOLOGY,"₹20,000*","₹67,500",2*,"₹50,00,000*",650,110(1),210(1),-,-,-,95(1),192(1),300(1),-,-
CG MBBS or Ins,UR,Chhattisgarh,"Pt JNM Med Coll, Raipur",PSYCHIATRY,"₹20,000*","₹67,500",2*,"₹50,00,000*",1246,58(1),106(1),21(1),22(1),-,-,-,311(1),188(1),-
CG MBBS or Ins,UR,Chhattisgarh,"Pt JNM Med Coll, Raipur",RADIATION ONCOLOGY,"₹20,000*","₹67,500",2*,"₹50,00,000*",1246,108(1),235(1),45(1),-,-,184(1),200(1),316(1),-,-
CG MBBS or Ins,OBC,Chhattisgarh,"Lakhi Ram Agrawal, Raigarh",ORTHOPAEDICS,"₹20,000*","₹67,500",2*,"₹50,00,000*",650,-,-,-,-,-,110(1),190(1),317(1),-,-
CG MBBS or Ins,OBC,Chhattisgarh,"Govt Med Coll, Rajnandgaon",ENT,"₹20,000*","₹67,500",2*,"₹50,00,000*",650,-,-,-,-,-,194(1),286(1),319(1),-,-
CG MBBS or Ins,OBC,Chhattisgarh,"Lakhi Ram Agrawal, Raigarh",PSYCHIATRY,"₹20,000*","₹67,500",2*,"₹50,00,000*",650,-,-,-,-,-,197(1),291(1),322(1),430(1),378(1)
CG MBBS or Ins,OBC,Chhattisgarh,"CIMS, Bilaspur",PSYCHIATRY,"₹20,000*","₹67,500",2*,"₹50,00,000*",550,-,-,-,-,-,190(1),-,334(1),-,-
CG MBBS or Ins,UR,Chhattisgarh,"Pt JNM Med Coll, Raipur",PATHOLOGY,"₹20,000*","₹67,500",2*,"₹50,00,000*",1246,124(2),264(2),-,-,-,93(1),318(1),335(1),407(1),-
CG MBBS or Ins,UR,Chhattisgarh,"Shri Balaji Inst of MS, Raipur",GENERAL SURGERY,"₹10,54,000*",Info not available,1,"₹25,00,000",-,-,-,-,-,-,202(1),-,336(1),-,-
CG MBBS or Ins,SC,Chhattisgarh,"CIMS, Bilaspur",ORTHOPAEDICS,"₹20,000*","₹67,500",2*,"₹50,00,000*",550,-,-,-,-,-,237(1),295(1),354(1),-,-
CG MBBS or Ins,SC,Chhattisgarh,"Pt JNM Med Coll, Raipur",OPHTHALMOLOGY,"₹20,000*","₹67,500",2*,"₹50,00,000*",1246,-,-,86(1),-,-,-,379(1),385(1),-,-
CG MBBS or Ins,UR,Chhattisgarh,"CIMS, Bilaspur",PATHOLOGY,"₹20,000*","₹67,500",2*,"₹50,00,000*",550,165(1),-,-,-,-,279(2),373(2),400(2),-,-
CG MBBS or Ins,SC,Chhattisgarh,"CIMS, Bilaspur",GENERAL SURGERY,"₹20,000*","₹67,500",2*,"₹50,00,000*",550,-,-,-,-,-,-,339(1),401(1),-,-
CG MBBS or Ins,SC,Chhattisgarh,"Govt Med Coll, Ambikapur",GENERAL SURGERY,"₹20,000*","₹67,500",2*,"₹50,00,000*",785,-,-,-,-,-,295(1),352(1),406(1),-,-
CG MBBS or Ins,SC,Chhattisgarh,"BaliramKashyap NDMC, Jagdalpur",TBRD,"₹20,000*","₹67,500",2*,"₹50,00,000*",500,-,-,-,-,-,346(1),353(1),417(1),501(1),-
CG MBBS or Ins,ST,Chhattisgarh,"Pt JNM Med Coll, Raipur",RADIO DIAGNOSIS,"₹20,000*","₹67,500",2*,"₹50,00,000*",1246,142(2),-,-,-,-,210(1),296(1),447(1),-,-
CG MBBS or Ins,ST,Chhattisgarh,"CIMS, Bilaspur",GENERAL MEDICINE,"₹20,000*","₹67,500",2*,"₹50,00,000*",550,-,288(1),-,-,-,366(1),425(1),460(1),-,-
CG MBBS or Ins,UR,Chhattisgarh,"SSIMS, Bhilai",PSYCHIATRY,"₹10,54,000*","₹67,000",1,"₹10,00,000",896,373(1),-,-,-,-,-,-,489(2),-,-
CG MBBS or Ins,UR,Chhattisgarh,"Raipur IMS, Raipur",GENERAL SURGERY,"₹9,84,500*","₹67,000",1,"₹25,00,000",650,300(2),401(3),69(1),-,-,404(2),-,493(1),-,-
CG MBBS or Ins,OBC,Chhattisgarh,"CIMS, Bilaspur",PATHOLOGY,"₹20,000*","₹67,500",2*,"₹50,00,000*",550,299(1),346(1),98(1),139(1),-,283(1),413(1),495(1),-,-
CG MBBS or Ins,UR,Chhattisgarh,"SSIMS, Bhilai",OPHTHALMOLOGY,"₹10,54,000*","₹67,000",1,"₹10,00,000",896,-,-,-,-,-,-,-,504(1),-,-
CG MBBS or Ins,ST,Chhattisgarh,"CIMS, Bilaspur",PAEDIATRICS,"₹20,000*","₹67,500",2*,"₹50,00,000*",550,277(1),-,-,-,-,-,-,512(1),-,-
CG MBBS or Ins,SC,Chhattisgarh,"Lakhi Ram Agrawal, Raigarh",ANAESTHESIOLOGY,"₹20,000*","₹67,500",2*,"₹50,00,000*",650,-,-,-,-,-,350(1),380(1),513(1),-,-
CG MBBS or Ins,UR,Chhattisgarh,"Raipur IMS, Raipur",OPHTHALMOLOGY,"₹9,84,500*","₹67,000",1,"₹25,00,000",650,331(1),440(1),126(1),339(1),-,287(1),287(1),517(2),-,-
CG MBBS or Ins,UR,Chhattisgarh,"SSIMS, Bhilai",ENT,"₹10,54,000*","₹67,000",1,"₹10,00,000",896,-,437(1),135(1),-,-,-,-,525(1),-,-
CG MBBS or Ins,UR,Chhattisgarh,"Raipur IMS, Raipur",ENT,"₹9,84,500*","₹67,000",1,"₹25,00,000",650,-,-,-,-,-,-,-,526(1),-,-
CG MBBS or Ins,UR,Chhattisgarh,"Raipur IMS, Raipur",PSYCHIATRY,"₹9,84,500*","₹67,000",1,"₹25,00,000",650,-,-,-,-,-,-,-,564(2),-,-
CG MBBS or Ins,SC,Chhattisgarh,"Raipur IMS, Raipur",GENERAL MEDICINE,"₹9,84,500*","₹67,000",1,"₹25,00,000",650,-,-,-,-,-,-,-,568(1),-,-
CG MBBS or Ins,SC,Chhattisgarh,"Shri Balaji Inst of MS, Raipur",EMERGENCY MEDICINE,"₹10,54,000*",Info not available,1,"₹25,00,000",-,-,-,-,-,-,-,-,577(1),-,-
CG MBBS or Ins,ST,Chhattisgarh,"Pt JNM Med Coll, Raipur",OPHTHALMOLOGY,"₹20,000*","₹67,500",2*,"₹50,00,000*",1246,-,348(1),-,-,-,490(2),535(1),598(1),-,-
CG MBBS or Ins,ST,Chhattisgarh,"CIMS, Bilaspur",ORTHOPAEDICS,"₹20,000*","₹67,500",2*,"₹50,00,000*",550,-,-,-,-,-,459(1),571(1),599(1),-,-
CG MBBS or Ins,UR,Chhattisgarh,"CIMS, Bilaspur",MICROBIOLOGY,"₹20,000*","₹67,500",2*,"₹50,00,000*",550,-,-,-,-,-,614(1),757(1),600(1),-,-
CG MBBS or Ins,ST,Chhattisgarh,"BaliramKashyap NDMC, Jagdalpur",ORTHOPAEDICS,"₹20,000*","₹67,500",2*,"₹50,00,000*",500,-,-,-,-,-,-,-,605(1),-,-
CG MBBS or Ins,ST,Chhattisgarh,"BaliramKashyap NDMC, Jagdalpur",TBRD,"₹20,000*","₹67,500",2*,"₹50,00,000*",500,-,-,-,-,-,519(1),579(1),622(1),-,-
CG MBBS or Ins,ST,Chhattisgarh,"Pt JNM Med Coll, Raipur",ANAESTHESIOLOGY,"₹20,000*","₹67,500",2*,"₹50,00,000*",1246,400(1),382(1),-,-,-,-,433(1),659(1),-,-
CG MBBS or Ins,UR,Chhattisgarh,"Pt JNM Med Coll, Raipur",SPM,"₹20,000*","₹67,500",2*,"₹50,00,000*",1246,369(1),381(1),88(1),202(1),-,336(2),607(2),662(2),683(1),-
CG MBBS or Ins,SC,Chhattisgarh,"Lakhi Ram Agrawal, Raigarh",PATHOLOGY,"₹20,000*","₹67,500",2*,"₹50,00,000*",650,-,-,-,-,-,512(1),649(1),663(1),-,-
CG MBBS or Ins,SC,Chhattisgarh,"SSIMS, Bhilai",ORTHOPAEDICS,"₹10,54,000*","₹67,000",1,"₹10,00,000",896,-,-,-,-,-,-,-,670(1),-,-
CG MBBS or Ins,ST,Chhattisgarh,"Govt Med Coll, Rajnandgaon",ANAESTHESIOLOGY,"₹20,000*","₹67,500",2*,"₹50,00,000*",650,430(1),-,-,-,-,571(1),597(1),672(1),-,-
CG MBBS or Ins,ST,Chhattisgarh,"Pt JNM Med Coll, Raipur",GENERAL SURGERY,"₹20,000*","₹67,500",2*,"₹50,00,000*",1246,368(2),340(1),-,-,-,-,487(1),675(2),768(2),708(1)
CG MBBS or Ins,ST,Chhattisgarh,"CIMS, Bilaspur",ANAESTHESIOLOGY,"₹20,000*","₹67,500",2*,"₹50,00,000*",550,403(1),406(1),138(1),178(1),-,509(1),514(1),681(1),-,-
CG MBBS or Ins,ST,Chhattisgarh,"CIMS, Bilaspur",GENERAL SURGERY,"₹20,000*","₹67,500",2*,"₹50,00,000*",550,-,-,-,-,-,463(1),583(1),689(1),-,-
CG MBBS or Ins,ST,Chhattisgarh,"Govt Med Coll, Ambikapur",ENT,"₹20,000*","₹67,500",2*,"₹50,00,000*",785,352(1),535(1),164(1),-,-,-,-,696(1),-,-
CG MBBS or Ins,UR,Chhattisgarh,"SSIMS, Bhilai",PATHOLOGY,"₹8,48,200*","₹67,000",1,"₹10,00,000",896,-,580(3),264(1),411(1),-,556(2),569(1),716(2),608(1),811(1)
CG MBBS or Ins,UR,Chhattisgarh,"Govt Med Coll, Rajnandgaon",SPM,"₹20,000*","₹67,500",2*,"₹50,00,000*",650,-,-,-,372(1),-,343(1),623(1),717(1),-,-
CG MBBS or Ins-NRI,UR,Chhattisgarh,"Shri Balaji Inst of MS, Raipur",OBG,"₹75,15,000*",Info not available,1,"₹25,00,000",-,-,-,-,-,-,-,-,727(1),-,-
CG MBBS or Ins,UR,Chhattisgarh,"BaliramKashyap NDMC, Jagdalpur",SPM,"₹20,000*","₹67,500",2*,"₹50,00,000*",500,406(1),504(1),195(1),-,-,527(2),674(2),732(1),-,-
CG MBBS or Ins,ST,Chhattisgarh,"Pt JNM Med Coll, Raipur",RADIATION ONCOLOGY,"₹20,000*","₹67,500",2*,"₹50,00,000*",1246,-,459(1),-,-,-,538(1),634(1),748(1),-,-
CG MBBS or Ins,SC,Chhattisgarh,"Govt Med Coll, Ambikapur",SPM,"₹20,000*","₹67,500",2*,"₹50,00,000*",785,625(1),582(1),230(1),-,-,-,-,768(1),-,-
CG MBBS or Ins,ST,Chhattisgarh,"CIMS, Bilaspur",PATHOLOGY,"₹20,000*","₹67,500",2*,"₹50,00,000*",550,533(1),503(1),199(1),287(1),-,749(2),609(1),782(1),-,-
CG MBBS or Ins,SC,Chhattisgarh,"Shri Balaji Inst of MS, Raipur",GENERAL SURGERY,"₹10,54,000*",Info not available,1,"₹25,00,000",-,-,-,-,-,-,659(1),659(1),787(2),-,-
CG MBBS or Ins,UR,Chhattisgarh,"Raipur IMS, Raipur",PATHOLOGY,"₹7,92,600*","₹67,000",1,"₹25,00,000",650,-,679(3),-,-,-,569(2),640(2),788(3),-,-
CG MBBS or Ins,ST-Female,Chhattisgarh,"Lakhi Ram Agrawal, Raigarh",PATHOLOGY,"₹20,000*","₹67,500",2*,"₹50,00,000*",650,-,-,-,-,-,758(1),758(1),803(1),-,-
CG MBBS or Ins,SC,Chhattisgarh,"Pt JNM Med Coll, Raipur",FORENSIC MEDICINE,"₹20,000*","₹67,500",2*,"₹50,00,000*",1246,627(1),568(1),249(1),-,-,641(1),-,815(2),-,-
CG MBBS or Ins,UR,Chhattisgarh,"CIMS, Bilaspur",BIOCHEMISTRY,"₹20,000*","₹67,500",2*,"₹50,00,000*",550,579(1),-,-,-,-,-,-,819(1),-,-
CG MBBS or Ins,UR,Chhattisgarh,"CIMS, Bilaspur",PHARMACOLOGY,"₹20,000*","₹67,500",2*,"₹50,00,000*",550,524(1),615(1),-,-,-,572(1),720(1),830(2),-,850(1)
CG MBBS or Ins,SC,Chhattisgarh,"Shri Balaji Inst of MS, Raipur",ORTHOPAEDICS,"₹10,54,000*",Info not available,1,"₹25,00,000",-,-,-,-,-,-,-,-,834(1),-,-
CG MBBS or Ins,ST,Chhattisgarh,"Shri Balaji Inst of MS, Raipur",DERMATOLOGY,"₹10,54,000*",Info not available,1,"₹25,00,000",-,-,-,-,-,-,392(1),-,848(1),-,-
CG MBBS or Ins,OBC,Chhattisgarh,"BaliramKashyap NDMC, Jagdalpur",SPM,"₹20,000*","₹67,500",2*,"₹50,00,000*",500,621(1),-,-,-,-,632(1),660(1),854(1),-,-
CG MBBS or Ins,SC,Chhattisgarh,"Raipur IMS, Raipur",GENERAL SURGERY,"₹9,84,500*","₹67,000",1,"₹25,00,000",650,-,-,-,-,-,752(1),-,855(1),-,-
CG MBBS or Ins-NRI,UR,Chhattisgarh,"SSIMS, Bhilai",GENERAL MEDICINE,Info not available*,"₹67,000",1,"₹10,00,000",896,-,-,-,-,-,460(1),460(1),857(1),874(2),898(1)
CG MBBS or Ins,ST,Chhattisgarh,"Pt JNM Med Coll, Raipur",SPM,"₹20,000*","₹67,500",2*,"₹50,00,000*",1246,521(1),-,-,-,-,808(2),-,864(1),-,-
CG MBBS or Ins,ST,Chhattisgarh,"Raipur IMS, Raipur",ANAESTHESIOLOGY,"₹9,84,500*","₹67,000",1,"₹25,00,000",650,-,-,-,-,-,-,-,865(1),-,-
CG MBBS or Ins,UR,Chhattisgarh,"CIMS, Bilaspur",FORENSIC MEDICINE,"₹20,000*","₹67,500",2*,"₹50,00,000*",550,-,-,-,-,-,757(1),-,867(1),-,-
CG MBBS or Ins,ST-Female,Chhattisgarh,"Shri Balaji Inst of MS, Raipur",ANAESTHESIOLOGY,"₹10,54,000*",Info not available,1,"₹25,00,000",-,-,-,-,-,-,-,-,878(1),-,-
CG MBBS or Ins,SC,Chhattisgarh,"Pt JNM Med Coll, Raipur",BIOCHEMISTRY,"₹20,000*","₹67,500",2*,"₹50,00,000*",1246,-,-,-,-,-,-,-,884(1),-,-
CG MBBS or Ins,UR,Chhattisgarh,"Lakhi Ram Agrawal, Raigarh",BIOCHEMISTRY,"₹20,000*","₹67,500",2*,"₹50,00,000*",650,-,-,-,-,-,728(1),-,885(1),-,-
CG MBBS or Ins,UR,Chhattisgarh,"Shri Balaji Inst of MS, Raipur",SPM,"₹8,48,200*",Info not available,1,"₹25,00,000",-,-,-,-,-,-,-,-,888(3),-,-
CG MBBS or Ins,ST,Chhattisgarh,"SSIMS, Bhilai",GENERAL SURGERY,"₹10,54,000*","₹67,000",1,"₹10,00,000",896,-,-,-,-,-,-,-,889(1),-,-
CG MBBS or Ins,SC,Chhattisgarh,"SSIMS, Bhilai",GENERAL SURGERY,"₹10,54,000*","₹67,000",1,"₹10,00,000",896,-,-,-,-,-,680(1),-,891(1),-,-
CG MBBS or Ins,SC,Chhattisgarh,"Govt Med Coll, Rajnandgaon",SPM,"₹20,000*","₹67,500",2*,"₹50,00,000*",650,442(1),579(1),209(1),362(1),-,-,-,892(1),-,-
CG MBBS or Ins,SC,Chhattisgarh,"Pt JNM Med Coll, Raipur",PHARMACOLOGY,"₹20,000*","₹67,500",2*,"₹50,00,000*",1246,-,-,-,-,-,-,-,895(1),-,-
CG Domicile-NRI,UR,Chhattisgarh,"SSIMS, Bhilai",GENERAL MEDICINE,Info not available*,"₹67,000",1,"₹10,00,000",896,-,907(1),-,-,-,-,-,971(1),-,-
CG Domicile-NRI,UR-Female,Chhattisgarh,"Raipur IMS, Raipur",GENERAL MEDICINE,"₹79,33,000*","₹67,000",1,"₹25,00,000",650,-,-,-,-,-,-,-,998(1),-,-
CG Domicile,SC,Chhattisgarh,"Raipur IMS, Raipur",GENERAL SURGERY,"₹9,84,500*","₹67,000",1,"₹25,00,000",650,-,965(2),-,-,-,-,-,999(1),-,-
CG Domicile,ST,Chhattisgarh,"Pt JNM Med Coll, Raipur",SPM,"₹20,000*","₹67,500",2*,"₹50,00,000*",1246,-,-,-,-,-,-,-,1000(1),-,-
CG Domicile-NRI,UR,Chhattisgarh,"Raipur IMS, Raipur",OBG,"₹79,33,000*","₹67,000",1,"₹25,00,000",650,-,-,-,-,-,-,-,1004(1),-,-
CG Domicile,ST,Chhattisgarh,"Shri Balaji Inst of MS, Raipur",GENERAL SURGERY,"₹10,54,000*",Info not available,1,"₹25,00,000",-,-,-,-,-,-,-,-,1005(1),-,-
CG Domicile-NRI,UR,Chhattisgarh,"Shri Balaji Inst of MS, Raipur",GENERAL MEDICINE,"₹75,15,000*",Info not available,1,"₹25,00,000",-,-,-,-,-,-,-,-,1008(1),-,-
CG Domicile,OBC,Chhattisgarh,"Pt JNM Med Coll, Raipur",PHYSIOLOGY,"₹20,000*","₹67,500",2*,"₹50,00,000*",1246,-,-,-,-,-,-,-,1011(1),-,-
CG Domicile-NRI,UR,Chhattisgarh,"Raipur IMS, Raipur",RADIO DIAGNOSIS,"₹79,33,000*","₹67,000",1,"₹25,00,000",650,-,-,-,-,-,-,-,1014(1),-,1056(1)
CG Domicile-NRI,UR,Chhattisgarh,"Raipur IMS, Raipur",GENERAL MEDICINE,"₹79,33,000*","₹67,000",1,"₹25,00,000",650,-,939(1),-,-,-,-,-,1015(1),-,-
CG Domicile,ST-Female,Chhattisgarh,"Shri Balaji Inst of MS, Raipur",ANAESTHESIOLOGY,"₹10,54,000*",Info not available,1,"₹25,00,000",-,-,-,-,-,-,-,-,1021(1),-,-
CG Domicile,UR,Chhattisgarh,"CIMS, Bilaspur",ANATOMY,"₹20,000*","₹67,500",2*,"₹50,00,000*",550,-,-,-,-,-,-,-,1022(1),-,-
CG Domicile,UR,Chhattisgarh,"SSIMS, Bhilai",SPM,"₹8,48,200*","₹67,000",1,"₹10,00,000",896,-,889(2),-,-,-,-,-,1024(2),-,1049(1)
CG Domicile,UR,Chhattisgarh,"Shri Balaji Inst of MS, Raipur",SPM,"₹8,48,200*",Info not available,1,"₹25,00,000",-,-,-,-,-,-,-,-,1025(1),-,1053(1)
CG Domicile,ST,Chhattisgarh,"Pt JNM Med Coll, Raipur",MICROBIOLOGY,"₹20,000*","₹67,500",2*,"₹50,00,000*",1246,-,-,-,-,-,-,-,1027(1),-,-
CG Domicile,SC,Chhattisgarh,"Govt Med Coll, Ambikapur",MICROBIOLOGY,"₹20,000*","₹67,500",2*,"₹50,00,000*",785,-,-,-,-,-,-,-,1029(1),-,-
CG Other State-NRI,UR,Chhattisgarh,"Shri Balaji Inst of MS, Raipur",DERMATOLOGY,"₹75,15,000*",Info not available,1,"₹25,00,000",-,-,-,-,-,-,-,-,1053(1),1068(1),-
CG Other State-NRI,UR,Chhattisgarh,"Raipur IMS, Raipur",GENERAL MEDICINE,"₹79,33,000*","₹67,000",1,"₹25,00,000",650,-,1022(2),415(1),611(1),-,-,-,1074(1),-,-
CG Other State-NRI,UR,Chhattisgarh,"Raipur IMS, Raipur",PAEDIATRICS,"₹79,33,000*","₹67,000",1,"₹25,00,000",650,-,1011(1),417(1),-,-,-,-,1076(1),-,-
CG Other State-NRI,UR,Chhattisgarh,"Raipur IMS, Raipur",OBG,"₹79,33,000*","₹67,000",1,"₹25,00,000",650,-,1010(1),423(1),-,-,-,-,1077(1),-,-
CG Other State-NRI,UR,Chhattisgarh,"SSIMS, Bhilai",RADIO DIAGNOSIS,Info not available*,"₹67,000",1,"₹10,00,000",896,760(1),-,-,-,-,-,-,1078(1),-,1105(1)
CG Other State-NRI,UR,Chhattisgarh,"Raipur IMS, Raipur",RADIO DIAGNOSIS,"₹79,33,000*","₹67,000",1,"₹25,00,000",650,-,-,-,-,-,-,-,1082(2),-,-
CG Other State-NRI,UR,Chhattisgarh,"Shri Balaji Inst of MS, Raipur",RADIO DIAGNOSIS,"₹75,15,000*",Info not available,1,"₹25,00,000",-,-,-,-,-,-,-,-,1084(1),1080(1),-
CG MBBS or Ins,UR-Female,Chhattisgarh,"Pt JNM Med Coll, Raipur",DERMATOLOGY,"₹20,000*","₹67,500",2*,"₹50,00,000*",1246,-,-,-,-,-,1(1),-,-,-,-
CG MBBS or Ins,UR-Female,Chhattisgarh,"Pt JNM Med Coll, Raipur",GENERAL MEDICINE,"₹20,000*","₹67,500",2*,"₹50,00,000*",1246,4(2),19(2),-,-,-,5(1),-,-,-,-
CG MBBS or Ins,UR-Female,Chhattisgarh,"Pt JNM Med Coll, Raipur",RADIO DIAGNOSIS,"₹20,000*","₹67,500",2*,"₹50,00,000*",1246,-,-,-,-,-,3(1),5(1),-,-,-
CG MBBS or Ins,OBC-Female,Chhattisgarh,"Pt JNM Med Coll, Raipur",GENERAL MEDICINE,"₹20,000*","₹67,500",2*,"₹50,00,000*",1246,6(1),-,-,-,-,10(1),-,-,-,-
CG MBBS or Ins,UR,Chhattisgarh,"Pt JNM Med Coll, Raipur",GENERAL MEDICINE,"₹20,000*","₹67,500",2*,"₹50,00,000*",1246,3(1),20(1),1(1),-,-,4(1),16(2),-,-,-
CG MBBS or Ins,OBC-Female,Chhattisgarh,"Pt JNM Med Coll, Raipur",RADIO DIAGNOSIS,"₹20,000*","₹67,500",2*,"₹50,00,000*",1246,8(1),-,-,-,-,19(1),-,-,-,-
CG MBBS or Ins,UR-Female,Chhattisgarh,"CIMS, Bilaspur",GENERAL MEDICINE,"₹20,000*","₹67,500",2*,"₹50,00,000*",550,17(2),-,-,-,-,7(1),21(1),-,-,-
CG MBBS or Ins,OBC,Chhattisgarh,"Pt JNM Med Coll, Raipur",GENERAL MEDICINE,"₹20,000*","₹67,500",2*,"₹50,00,000*",1246,-,26(1),-,-,-,-,26(1),-,-,-
CG MBBS or Ins,EWS,Chhattisgarh,"Pt JNM Med Coll, Raipur",RADIO DIAGNOSIS,"₹20,000*","₹67,500",2*,"₹50,00,000*",1246,98(1),-,-,-,-,30(1),-,-,-,-
CG MBBS or Ins,OBC-Female,Chhattisgarh,"CIMS, Bilaspur",DERMATOLOGY,"₹20,000*","₹67,500",2*,"₹50,00,000*",550,-,-,-,-,-,31(1),-,-,-,-
CG MBBS or Ins,UR-Female,Chhattisgarh,"Govt Med Coll, Ambikapur",GENERAL MEDICINE,"₹20,000*","₹67,500",2*,"₹50,00,000*",785,-,-,-,-,-,-,31(1),-,-,-
CG MBBS or Ins,UR-Female,Chhattisgarh,"SSIMS, Bhilai",GENERAL MEDICINE,"₹10,54,000*","₹67,000",1,"₹10,00,000",896,-,-,-,-,-,44(1),-,-,-,-
CG MBBS or Ins,UR-Female,Chhattisgarh,"Pt JNM Med Coll, Raipur",OBG,"₹20,000*","₹67,500",2*,"₹50,00,000*",1246,36(3),71(3),-,-,-,35(1),46(2),-,-,-
CG MBBS or Ins,UR-Female,Chhattisgarh,"Govt Med Coll, Ambikapur",GENERAL SURGERY,"₹20,000*","₹67,500",2*,"₹50,00,000*",785,-,-,-,-,-,78(1),78(1),-,-,-
CG MBBS or Ins,UR,Chhattisgarh,"Govt Med Coll, Ambikapur",OBG,"₹20,000*","₹67,500",2*,"₹50,00,000*",785,-,-,-,-,-,-,79(1),-,-,-
CG MBBS or Ins,OBC-Female,Chhattisgarh,"Pt JNM Med Coll, Raipur",OBG,"₹20,000*","₹67,500",2*,"₹50,00,000*",1246,-,-,-,-,-,66(1),82(1),-,-,-
CG MBBS or Ins,SC,Chhattisgarh,"Pt JNM Med Coll, Raipur",RADIO DIAGNOSIS,"₹20,000*","₹67,500",2*,"₹50,00,000*",1246,45(1),39(1),-,-,-,100(1),-,-,-,-
CG MBBS or Ins,UR-Female,Chhattisgarh,"CIMS, Bilaspur",PSYCHIATRY,"₹20,000*","₹67,500",2*,"₹50,00,000*",550,-,-,-,-,-,102(1),97(1),-,-,-
CG MBBS or Ins,UR-Female,Chhattisgarh,"Shri Balaji Inst of MS, Raipur",DERMATOLOGY,"₹10,54,000*",Info not available,1,"₹25,00,000",-,-,-,-,-,-,41(1),103(1),-,-,-
CG MBBS or Ins,OBC,Chhattisgarh,"CIMS, Bilaspur",DERMATOLOGY,"₹20,000*","₹67,500",2*,"₹50,00,000*",550,-,-,-,-,-,-,48(1),-,108(1),-
CG MBBS or Ins,OBC,Chhattisgarh,"Pt JNM Med Coll, Raipur",TBRD,"₹20,000*","₹67,500",2*,"₹50,00,000*",1246,-,-,-,-,-,67(1),110(1),-,-,-
CG MBBS or Ins,OBC,Chhattisgarh,"Raipur IMS, Raipur",RADIO DIAGNOSIS,"₹9,84,500*","₹67,000",1,"₹25,00,000",650,-,-,-,-,-,113(1),-,-,-,-
CG MBBS or Ins,OBC,Chhattisgarh,"Shri Balaji Inst of MS, Raipur",GENERAL MEDICINE,"₹10,54,000*",Info not available,1,"₹25,00,000",-,-,-,-,-,-,121(1),-,-,-,-
CG MBBS or Ins,SC,Chhattisgarh,"Pt JNM Med Coll, Raipur",GENERAL MEDICINE,"₹20,000*","₹67,500",2*,"₹50,00,000*",1246,-,206(1),-,-,-,128(1),-,-,-,-
CG MBBS or Ins,UR,Chhattisgarh,"CIMS, Bilaspur",ORTHOPAEDICS,"₹20,000*","₹67,500",2*,"₹50,00,000*",550,-,-,-,-,-,45(1),133(1),-,-,-
CG MBBS or Ins,OBC,Chhattisgarh,"Pt JNM Med Coll, Raipur",ENT,"₹20,000*","₹67,500",2*,"₹50,00,000*",1246,-,-,-,-,-,133(1),-,-,-,-
CG MBBS or Ins,OBC,Chhattisgarh,"Govt Med Coll, Ambikapur",OBG,"₹20,000*","₹67,500",2*,"₹50,00,000*",785,-,-,-,-,-,82(1),134(1),-,-,-
CG MBBS or Ins,SC-Female,Chhattisgarh,"Pt JNM Med Coll, Raipur",OPHTHALMOLOGY,"₹20,000*","₹67,500",2*,"₹50,00,000*",1246,284(1),250(1),-,-,-,137(1),-,-,-,-
CG MBBS or Ins,SC-Female,Chhattisgarh,"Pt JNM Med Coll, Raipur",PAEDIATRICS,"₹20,000*","₹67,500",2*,"₹50,00,000*",1246,-,-,-,-,-,-,137(1),-,-,-
CG MBBS or Ins,UR,Chhattisgarh,"Shri Balaji Inst of MS, Raipur",ORTHOPAEDICS,"₹10,54,000*",Info not available,1,"₹25,00,000",-,-,-,-,-,-,138(1),-,-,-,-
CG MBBS or Ins,UR,Chhattisgarh,"Raipur IMS, Raipur",GENERAL MEDICINE,"₹9,84,500*","₹67,000",1,"₹25,00,000",650,134(1),181(1),-,-,-,81(1),149(1),-,-,-
CG MBBS or Ins,OBC-Female,Chhattisgarh,"CIMS, Bilaspur",PSYCHIATRY,"₹20,000*","₹67,500",2*,"₹50,00,000*",550,-,-,-,-,-,-,150(1),-,-,-
CG MBBS or Ins,SC-Female,Chhattisgarh,"Pt JNM Med Coll, Raipur",GENERAL MEDICINE,"₹20,000*","₹67,500",2*,"₹50,00,000*",1246,65(1),-,-,-,-,-,155(1),-,-,-
CG MBBS or Ins,SC-Female,Chhattisgarh,"Pt JNM Med Coll, Raipur",OBG,"₹20,000*","₹67,500",2*,"₹50,00,000*",1246,-,-,-,-,-,155(1),-,-,-,-
CG MBBS or Ins,EWS,Chhattisgarh,"Pt JNM Med Coll, Raipur",GENERAL MEDICINE,"₹20,000*","₹67,500",2*,"₹50,00,000*",1246,120(1),-,-,-,-,156(1),-,-,-,-
CG MBBS or Ins,UR-Female,Chhattisgarh,"SSIMS, Bhilai",OBG,"₹10,54,000*","₹67,000",1,"₹10,00,000",896,-,-,-,-,-,157(1),-,-,-,-
CG MBBS or Ins,SC,Chhattisgarh,"Pt JNM Med Coll, Raipur",OBG,"₹20,000*","₹67,500",2*,"₹50,00,000*",1246,-,-,-,-,-,-,163(1),-,-,-
CG MBBS or Ins,UR-Female,Chhattisgarh,"Raipur IMS, Raipur",PAEDIATRICS,"₹9,84,500*","₹67,000",1,"₹25,00,000",650,232(1),-,-,-,-,164(2),-,-,-,-
CG MBBS or Ins,UR-Female,Chhattisgarh,"Shri Balaji Inst of MS, Raipur",OBG,"₹10,54,000*",Info not available,1,"₹25,00,000",-,-,-,-,-,-,125(1),165(1),-,-,-
CG MBBS or Ins,ST-Female,Chhattisgarh,"Pt JNM Med Coll, Raipur",DERMATOLOGY,"₹20,000*","₹67,500",2*,"₹50,00,000*",1246,-,-,-,-,-,167(1),-,-,-,-
CG MBBS or Ins,UR-Female,Chhattisgarh,"CIMS, Bilaspur",OPHTHALMOLOGY,"₹20,000*","₹67,500",2*,"₹50,00,000*",550,-,-,-,-,-,68(1),171(1),-,-,-
CG MBBS or Ins,UR,Chhattisgarh,"Lakhi Ram Agrawal, Raigarh",ENT,"₹20,000*","₹67,500",2*,"₹50,00,000*",650,-,-,-,-,-,149(1),172(1),-,-,-
CG MBBS or Ins,UR-Female,Chhattisgarh,"SSIMS, Bhilai",PAEDIATRICS,"₹10,54,000*","₹67,000",1,"₹10,00,000",896,107(1),96(1),-,-,-,103(1),177(1),-,-,-
CG MBBS or Ins,UR-Female,Chhattisgarh,"Raipur IMS, Raipur",ENT,"₹9,84,500*","₹67,000",1,"₹25,00,000",650,-,-,-,-,-,179(1),-,-,-,-
CG MBBS or Ins,UR-Female,Chhattisgarh,"SSIMS, Bhilai",TBRD,"₹10,54,000*","₹67,000",1,"₹10,00,000",896,-,-,-,-,-,177(1),191(1),-,-,-
CG MBBS or Ins,UR,Chhattisgarh,"Govt Med Coll, Ambikapur",ANAESTHESIOLOGY,"₹20,000*","₹67,500",2*,"₹50,00,000*",785,-,171(1),-,-,-,134(1),193(1),-,-,-
CG MBBS or Ins,EWS,Chhattisgarh,"Pt JNM Med Coll, Raipur",PAEDIATRICS,"₹20,000*","₹67,500",2*,"₹50,00,000*",1246,114(1),-,-,-,-,195(1),-,-,-,-
CG MBBS or Ins,OBC-Female,Chhattisgarh,"Pt JNM Med Coll, Raipur",ENT,"₹20,000*","₹67,500",2*,"₹50,00,000*",1246,-,-,-,-,-,-,197(1),-,-,-
CG MBBS or Ins,SC,Chhattisgarh,"Govt Med Coll, Ambikapur",PAEDIATRICS,"₹20,000*","₹67,500",2*,"₹50,00,000*",785,-,-,-,-,-,163(1),199(1),-,-,-
CG MBBS or Ins,OBC,Chhattisgarh,"Raipur IMS, Raipur",PAEDIATRICS,"₹9,84,500*","₹67,000",1,"₹25,00,000",650,-,-,-,-,-,203(1),-,-,-,-
CG MBBS or Ins,OBC,Chhattisgarh,"CIMS, Bilaspur",ANAESTHESIOLOGY,"₹20,000*","₹67,500",2*,"₹50,00,000*",550,-,-,-,-,-,150(1),227(1),-,-,-
CG MBBS or Ins,SC-Female,Chhattisgarh,"CIMS, Bilaspur",GENERAL SURGERY,"₹20,000*","₹67,500",2*,"₹50,00,000*",550,-,-,-,-,-,228(1),-,-,-,-
CG MBBS or Ins,EWS,Chhattisgarh,"Pt JNM Med Coll, Raipur",ANAESTHESIOLOGY,"₹20,000*","₹67,500",2*,"₹50,00,000*",1246,-,-,-,-,-,235(1),-,-,-,-
CG MBBS or Ins,OBC,Chhattisgarh,"CIMS, Bilaspur",ENT,"₹20,000*","₹67,500",2*,"₹50,00,000*",550,-,-,-,-,-,160(1),247(1),-,-,-
CG MBBS or Ins,UR-Female,Chhattisgarh,"Shri Balaji Inst of MS, Raipur",GENERAL SURGERY,"₹10,54,000*",Info not available,1,"₹25,00,000",-,-,-,-,-,-,249(2),244(2),-,-,-
CG MBBS or Ins,UR-Female,Chhattisgarh,"Shri Balaji Inst of MS, Raipur",OPHTHALMOLOGY,"₹10,54,000*",Info not available,1,"₹25,00,000",-,-,-,-,-,-,251(2),-,-,-,-
CG MBBS or Ins,OBC-Female,Chhattisgarh,"Raipur IMS, Raipur",PAEDIATRICS,"₹9,84,500*","₹67,000",1,"₹25,00,000",650,-,-,-,-,-,-,254(1),-,-,-
CG MBBS or Ins,UR-Female,Chhattisgarh,"Raipur IMS, Raipur",GENERAL SURGERY,"₹9,84,500*","₹67,000",1,"₹25,00,000",650,257(2),359(1),-,-,-,250(1),262(1),-,-,-
CG MBBS or Ins,EWS,Chhattisgarh,"Pt JNM Med Coll, Raipur",GENERAL SURGERY,"₹20,000*","₹67,500",2*,"₹50,00,000*",1246,-,-,-,-,-,263(1),-,-,-,-
CG MBBS or Ins,ST,Chhattisgarh,"Pt JNM Med Coll, Raipur",GENERAL MEDICINE,"₹20,000*","₹67,500",2*,"₹50,00,000*",1246,271(3),-,-,-,-,273(2),-,-,-,-
CG MBBS or Ins,ST-Female,Chhattisgarh,"CIMS, Bilaspur",DERMATOLOGY,"₹20,000*","₹67,500",2*,"₹50,00,000*",550,185(1),-,-,-,-,275(1),-,-,-,-
CG MBBS or Ins,ST-Female,Chhattisgarh,"Pt JNM Med Coll, Raipur",OBG,"₹20,000*","₹67,500",2*,"₹50,00,000*",1246,307(2),272(1),-,-,-,288(1),-,-,-,-
CG MBBS or Ins,ST-Female,Chhattisgarh,"CIMS, Bilaspur",OBG,"₹20,000*","₹67,500",2*,"₹50,00,000*",550,-,-,-,-,-,289(1),-,-,-,-
CG MBBS or Ins,EWS,Chhattisgarh,"CIMS, Bilaspur",GENERAL SURGERY,"₹20,000*","₹67,500",2*,"₹50,00,000*",550,-,-,-,-,-,293(1),-,-,-,-
CG MBBS or Ins,ST-Female,Chhattisgarh,"CIMS, Bilaspur",GENERAL MEDICINE,"₹20,000*","₹67,500",2*,"₹50,00,000*",550,272(1),-,-,-,-,298(1),298(1),-,-,-
CG MBBS or Ins,UR,Chhattisgarh,"SSIMS, Bhilai",ORTHOPAEDICS,"₹10,54,000*","₹67,000",1,"₹10,00,000",896,-,-,34(1),386(1),-,255(2),320(1),-,-,-
CG MBBS or Ins,OBC-Female,Chhattisgarh,"Shri Balaji Inst of MS, Raipur",OPHTHALMOLOGY,"₹10,54,000*",Info not available,1,"₹25,00,000",-,-,-,-,-,-,342(1),-,-,-,-
CG MBBS or Ins,SC,Chhattisgarh,"SSIMS, Bhilai",RADIO DIAGNOSIS,"₹10,54,000*","₹67,000",1,"₹10,00,000",896,328(1),-,-,-,-,243(1),350(1),-,-,-
CG MBBS or Ins,SC,Chhattisgarh,"Pt JNM Med Coll, Raipur",ANAESTHESIOLOGY,"₹20,000*","₹67,500",2*,"₹50,00,000*",1246,-,-,-,-,-,256(1),356(1),-,-,-
CG MBBS or Ins,ST-Female,Chhattisgarh,"Pt JNM Med Coll, Raipur",PAEDIATRICS,"₹20,000*","₹67,500",2*,"₹50,00,000*",1246,-,-,-,-,-,360(1),-,-,-,-
CG MBBS or Ins,UR-Female,Chhattisgarh,"Raipur IMS, Raipur",PSYCHIATRY,"₹9,84,500*","₹67,000",1,"₹25,00,000",650,-,-,-,-,-,364(2),347(1),-,-,-
CG MBBS or Ins,OBC,Chhattisgarh,"Pt JNM Med Coll, Raipur",PATHOLOGY,"₹20,000*","₹67,500",2*,"₹50,00,000*",1246,233(1),331(1),55(1),123(1),-,171(1),375(1),-,-,-
CG MBBS or Ins,OBC,Chhattisgarh,"SSIMS, Bhilai",ORTHOPAEDICS,"₹10,54,000*","₹67,000",1,"₹10,00,000",896,357(1),-,-,-,-,317(1),394(1),-,-,-
CG MBBS or Ins,SC-Female,Chhattisgarh,"Shri Balaji Inst of MS, Raipur",GENERAL MEDICINE,"₹10,54,000*",Info not available,1,"₹25,00,000",-,-,-,-,-,-,396(1),-,-,-,-
CG MBBS or Ins,ST-Female,Chhattisgarh,"Pt JNM Med Coll, Raipur",GENERAL SURGERY,"₹20,000*","₹67,500",2*,"₹50,00,000*",1246,-,-,-,-,-,397(1),-,-,-,-
CG MBBS or Ins,ST,Chhattisgarh,"Pt JNM Med Coll, Raipur",PAEDIATRICS,"₹20,000*","₹67,500",2*,"₹50,00,000*",1246,-,-,-,-,-,403(1),-,-,-,-
CG MBBS or Ins,ST,Chhattisgarh,"Pt JNM Med Coll, Raipur",ORTHOPAEDICS,"₹20,000*","₹67,500",2*,"₹50,00,000*",1246,297(1),-,-,-,-,409(1),210(1),-,-,-
CG MBBS or Ins,OBC,Chhattisgarh,"Shri Balaji Inst of MS, Raipur",GENERAL SURGERY,"₹10,54,000*",Info not available,1,"₹25,00,000",-,-,-,-,-,-,411(1),-,-,-,-
CG MBBS or Ins,OBC,Chhattisgarh,"Raipur IMS, Raipur",ORTHOPAEDICS,"₹9,84,500*","₹67,000",1,"₹25,00,000",650,-,-,-,-,-,418(1),-,-,-,-
CG MBBS or Ins,ST,Chhattisgarh,"CIMS, Bilaspur",OBG,"₹20,000*","₹67,500",2*,"₹50,00,000*",550,332(1),-,-,-,-,-,419(1),-,-,-
CG MBBS or Ins,UR-Female,Chhattisgarh,"Shri Balaji Inst of MS, Raipur",ANAESTHESIOLOGY,"₹10,54,000*",Info not available,1,"₹25,00,000",-,-,-,-,-,-,426(1),-,-,-,-
CG MBBS or Ins,ST,Chhattisgarh,"Govt Med Coll, Ambikapur",GENERAL MEDICINE,"₹20,000*","₹67,500",2*,"₹50,00,000*",785,-,-,-,-,-,431(1),-,-,-,-
CG MBBS or Ins,UR,Chhattisgarh,"SSIMS, Bhilai",GENERAL SURGERY,"₹10,54,000*","₹67,000",1,"₹10,00,000",896,251(2),344(2),-,-,-,304(2),-,-,433(1),-
CG MBBS or Ins,UR,Chhattisgarh,"Raipur IMS, Raipur",ORTHOPAEDICS,"₹9,84,500*","₹67,000",1,"₹25,00,000",650,234(1),-,-,-,-,412(2),436(1),-,-,-
CG MBBS or Ins,SC-Female,Chhattisgarh,"Shri Balaji Inst of MS, Raipur",OBG,"₹10,54,000*",Info not available,1,"₹25,00,000",-,-,-,-,-,-,437(1),-,-,-,-
CG MBBS or Ins,OBC,Chhattisgarh,"Raipur IMS, Raipur",GENERAL SURGERY,"₹9,84,500*","₹67,000",1,"₹25,00,000",650,-,-,-,-,-,441(1),-,-,-,-
CG MBBS or Ins,UR-Female,Chhattisgarh,"SSIMS, Bhilai",ANAESTHESIOLOGY,"₹10,54,000*","₹67,000",1,"₹10,00,000",896,318(1),-,-,-,-,408(2),449(1),-,-,-
CG MBBS or Ins,UR,Chhattisgarh,"Shri Balaji Inst of MS, Raipur",ANAESTHESIOLOGY,"₹10,54,000*",Info not available,1,"₹25,00,000",-,-,-,-,-,-,445(2),454(1),-,-,-
CG MBBS or Ins,OBC,Chhattisgarh,"Shri Balaji Inst of MS, Raipur",ANAESTHESIOLOGY,"₹10,54,000*",Info not available,1,"₹25,00,000",-,-,-,-,-,-,461(1),-,-,-,-
CG MBBS or Ins,UR,Chhattisgarh,"Govt Med Coll, Ambikapur",PATHOLOGY,"₹20,000*","₹67,500",2*,"₹50,00,000*",785,-,-,-,-,-,318(1),466(1),-,-,-
CG MBBS or Ins,UR-Female,Chhattisgarh,"Raipur IMS, Raipur",ANAESTHESIOLOGY,"₹9,84,500*","₹67,000",1,"₹25,00,000",650,323(1),-,-,-,-,-,470(1),-,-,-
CG MBBS or Ins,ST-Female,Chhattisgarh,"Pt JNM Med Coll, Raipur",ANAESTHESIOLOGY,"₹20,000*","₹67,500",2*,"₹50,00,000*",1246,382(1),-,-,-,-,475(2),-,-,-,-
CG MBBS or Ins,OBC-Female,Chhattisgarh,"SSIMS, Bhilai",TBRD,"₹10,54,000*","₹67,000",1,"₹10,00,000",896,259(1),-,-,-,-,480(1),-,-,-,-
CG MBBS or Ins,OBC,Chhattisgarh,"Raipur IMS, Raipur",ANAESTHESIOLOGY,"₹9,84,500*","₹67,000",1,"₹25,00,000",650,-,-,-,-,-,486(1),-,-,-,-
CG MBBS or Ins,UR,Chhattisgarh,"Raipur IMS, Raipur",ANAESTHESIOLOGY,"₹9,84,500*","₹67,000",1,"₹25,00,000",650,296(1),475(3),-,-,-,464(3),496(2),-,-,-
CG MBBS or Ins-NRI,UR-Female,Chhattisgarh,"Shri Balaji Inst of MS, Raipur",GENERAL MEDICINE,"₹75,15,000*",Info not available,1,"₹25,00,000",-,-,-,-,-,-,505(1),-,-,-,-
CG MBBS or Ins,SC,Chhattisgarh,"Shri Balaji Inst of MS, Raipur",ANAESTHESIOLOGY,"₹10,54,000*",Info not available,1,"₹25,00,000",-,-,-,-,-,-,521(1),521(1),-,-,-
CG MBBS or Ins,UR,Chhattisgarh,"Shri Balaji Inst of MS, Raipur",EMERGENCY MEDICINE,"₹10,54,000*",Info not available,1,"₹25,00,000",-,-,-,-,-,-,227(1),428(1),-,541(1),-
CG MBBS or Ins,ST-Female,Chhattisgarh,"Govt Med Coll, Ambikapur",OPHTHALMOLOGY,"₹20,000*","₹67,500",2*,"₹50,00,000*",785,380(1),353(1),-,-,-,542(1),-,-,-,-
CG MBBS or Ins,UR,Chhattisgarh,"Pt JNM Med Coll, Raipur",MICROBIOLOGY,"₹20,000*","₹67,500",2*,"₹50,00,000*",1246,-,-,-,-,-,550(1),-,-,-,-
CG MBBS or Ins,OBC,Chhattisgarh,"Pt JNM Med Coll, Raipur",MICROBIOLOGY,"₹20,000*","₹67,500",2*,"₹50,00,000*",1246,-,-,-,-,-,559(1),-,-,-,-
CG MBBS or Ins,ST,Chhattisgarh,"BaliramKashyap NDMC, Jagdalpur",OPHTHALMOLOGY,"₹20,000*","₹67,500",2*,"₹50,00,000*",500,379(1),402(1),-,-,-,535(1),570(1),-,-,-
CG MBBS or Ins,UR-Female,Chhattisgarh,"Lakhi Ram Agrawal, Raigarh",SPM,"₹20,000*","₹67,500",2*,"₹50,00,000*",650,-,-,-,-,-,587(1),-,-,-,-
CG MBBS or Ins,SC-Female,Chhattisgarh,"Raipur IMS, Raipur",OBG,"₹9,84,500*","₹67,000",1,"₹25,00,000",650,-,-,-,-,-,588(1),-,-,-,-
CG MBBS or Ins,ST,Chhattisgarh,"Govt Med Coll, Ambikapur",ANAESTHESIOLOGY,"₹20,000*","₹67,500",2*,"₹50,00,000*",785,415(1),428(1),-,-,-,514(1),608(1),-,-,-
CG MBBS or Ins,ST-Female,Chhattisgarh,"Govt Med Coll, Ambikapur",ENT,"₹20,000*","₹67,500",2*,"₹50,00,000*",785,-,-,-,-,-,583(1),620(1),-,-,-
CG MBBS or Ins,SC,Chhattisgarh,"Pt JNM Med Coll, Raipur",RADIATION ONCOLOGY,"₹20,000*","₹67,500",2*,"₹50,00,000*",1246,-,-,-,-,-,416(1),622(1),-,-,-
CG MBBS or Ins,SC,Chhattisgarh,"Pt JNM Med Coll, Raipur",PATHOLOGY,"₹20,000*","₹67,500",2*,"₹50,00,000*",1246,372(1),-,-,-,-,384(1),635(1),-,-,-
CG MBBS or Ins,UR,Chhattisgarh,"BaliramKashyap NDMC, Jagdalpur",FORENSIC MEDICINE,"₹20,000*","₹67,500",2*,"₹50,00,000*",500,536(1),635(1),-,-,-,640(1),-,-,-,-
CG MBBS or Ins,ST-Female,Chhattisgarh,"Shri Balaji Inst of MS, Raipur",OBG,"₹10,54,000*",Info not available,1,"₹25,00,000",-,-,-,-,-,-,645(2),-,-,-,-
CG MBBS or Ins,ST,Chhattisgarh,"Pt JNM Med Coll, Raipur",PATHOLOGY,"₹20,000*","₹67,500",2*,"₹50,00,000*",1246,511(2),-,-,-,-,650(1),-,-,-,-
CG MBBS or Ins,SC,Chhattisgarh,"SSIMS, Bhilai",PAEDIATRICS,"₹10,54,000*","₹67,000",1,"₹10,00,000",896,477(1),-,-,-,-,655(1),-,-,-,-
CG MBBS or Ins,EWS,Chhattisgarh,"Pt JNM Med Coll, Raipur",PATHOLOGY,"₹20,000*","₹67,500",2*,"₹50,00,000*",1246,-,-,-,-,-,334(1),656(1),-,-,-
CG MBBS or Ins,OBC,Chhattisgarh,"CIMS, Bilaspur",MICROBIOLOGY,"₹20,000*","₹67,500",2*,"₹50,00,000*",550,-,-,-,-,-,660(1),-,-,-,-
CG MBBS or Ins,UR,Chhattisgarh,"Govt Med Coll, Ambikapur",PHYSIOLOGY,"₹20,000*","₹67,500",2*,"₹50,00,000*",785,-,649(1),244(1),367(1),-,-,695(1),-,-,-
CG MBBS or Ins,SC,Chhattisgarh,"CIMS, Bilaspur",PATHOLOGY,"₹20,000*","₹67,500",2*,"₹50,00,000*",550,-,-,-,-,-,-,-,-,675(1),696(1)
CG MBBS or Ins,OBC-Female,Chhattisgarh,"Raipur IMS, Raipur",PATHOLOGY,"₹7,92,600*","₹67,000",1,"₹25,00,000",650,-,-,-,-,-,698(1),-,-,-,-
CG MBBS or Ins,UR,Chhattisgarh,"Raipur IMS, Raipur",SPM,"₹7,92,600*","₹67,000",1,"₹25,00,000",650,-,697(3),-,-,-,-,716(1),-,-,-
CG MBBS or Ins,UR,Chhattisgarh,"Pt JNM Med Coll, Raipur",BIOCHEMISTRY,"₹20,000*","₹67,500",2*,"₹50,00,000*",1246,576(1),584(1),-,342(1),-,633(1),728(1),-,-,-
CG MBBS or Ins-NRI,UR,Chhattisgarh,"Shri Balaji Inst of MS, Raipur",RADIO DIAGNOSIS,"₹75,15,000*",Info not available,1,"₹25,00,000",-,-,-,-,-,-,-,-,-,729(1),-
CG MBBS or Ins,SC-Female,Chhattisgarh,"CIMS, Bilaspur",BIOCHEMISTRY,"₹20,000*","₹67,500",2*,"₹50,00,000*",550,-,-,-,-,-,-,730(1),-,-,-
CG MBBS or Ins,SC,Chhattisgarh,"Raipur IMS, Raipur",ENT,"₹9,84,500*","₹67,000",1,"₹25,00,000",650,-,-,-,-,-,731(1),-,-,-,-
CG MBBS or Ins,UR,Chhattisgarh,"Govt Med Coll, Ambikapur",SPM,"₹20,000*","₹67,500",2*,"₹50,00,000*",785,-,-,-,-,-,-,-,-,736(1),-
CG MBBS or Ins,ST-Female,Chhattisgarh,"Shri Balaji Inst of MS, Raipur",GENERAL MEDICINE,"₹10,54,000*",Info not available,1,"₹25,00,000",-,-,-,-,-,-,747(1),-,-,-,-
CG MBBS or Ins,OBC,Chhattisgarh,"SSIMS, Bhilai",PATHOLOGY,"₹8,48,200*","₹67,000",1,"₹10,00,000",896,609(1),621(1),276(1),-,-,756(1),-,-,-,-
CG MBBS or Ins,ST,Chhattisgarh,"Govt Med Coll, Ambikapur",PATHOLOGY,"₹20,000*","₹67,500",2*,"₹50,00,000*",785,-,-,-,-,-,723(1),762(1),-,-,-
CG MBBS or Ins,SC-Female,Chhattisgarh,"SSIMS, Bhilai",OPHTHALMOLOGY,"₹10,54,000*","₹67,000",1,"₹10,00,000",896,-,-,-,-,-,764(1),-,-,-,-
CG MBBS or Ins,ST-Female,Chhattisgarh,"Raipur IMS, Raipur",PAEDIATRICS,"₹9,84,500*","₹67,000",1,"₹25,00,000",650,-,-,-,-,-,776(2),-,-,-,-
CG MBBS or Ins,ST,Chhattisgarh,"Lakhi Ram Agrawal, Raigarh",SPM,"₹20,000*","₹67,500",2*,"₹50,00,000*",650,-,-,-,-,-,783(1),-,-,-,-
CG MBBS or Ins,ST,Chhattisgarh,"Pt JNM Med Coll, Raipur",MICROBIOLOGY,"₹20,000*","₹67,500",2*,"₹50,00,000*",1246,-,604(1),-,-,-,787(1),-,-,-,-
CG MBBS or Ins,SC,Chhattisgarh,"CIMS, Bilaspur",PHARMACOLOGY,"₹20,000*","₹67,500",2*,"₹50,00,000*",550,595(1),665(1),256(1),-,-,788(1),760(1),-,-,-
CG MBBS or Ins,OBC-Female,Chhattisgarh,"Shri Balaji Inst of MS, Raipur",SPM,"₹8,48,200*",Info not available,1,"₹25,00,000",-,-,-,-,-,-,790(1),-,-,-,-
CG MBBS or Ins,OBC,Chhattisgarh,"Pt JNM Med Coll, Raipur",PHYSIOLOGY,"₹20,000*","₹67,500",2*,"₹50,00,000*",1246,-,-,-,-,-,-,790(1),-,-,-
CG MBBS or Ins,OBC,Chhattisgarh,"Raipur IMS, Raipur",PATHOLOGY,"₹7,92,600*","₹67,000",1,"₹25,00,000",650,-,711(1),-,-,-,-,794(1),-,-,-
CG MBBS or Ins,ST,Chhattisgarh,"Govt Med Coll, Ambikapur",SPM,"₹20,000*","₹67,500",2*,"₹50,00,000*",785,-,627(1),-,-,-,796(1),-,-,-,-
CG MBBS or Ins,SC,Chhattisgarh,"Raipur IMS, Raipur",PATHOLOGY,"₹7,92,600*","₹67,000",1,"₹25,00,000",650,-,-,-,-,-,797(1),-,-,-,-
CG MBBS or Ins,SC,Chhattisgarh,"CIMS, Bilaspur",BIOCHEMISTRY,"₹20,000*","₹67,500",2*,"₹50,00,000*",550,-,-,-,-,-,802(1),-,-,-,-
CG MBBS or Ins,ST,Chhattisgarh,"Raipur IMS, Raipur",ORTHOPAEDICS,"₹9,84,500*","₹67,000",1,"₹25,00,000",650,-,-,-,-,-,805(1),-,-,-,-
CG MBBS or Ins,ST,Chhattisgarh,"Pt JNM Med Coll, Raipur",FORENSIC MEDICINE,"₹20,000*","₹67,500",2*,"₹50,00,000*",1246,619(1),654(1),282(1),-,-,812(1),-,-,-,-
CG Domicile,SC,Chhattisgarh,"SSIMS, Bhilai",OPHTHALMOLOGY,"₹10,54,000*","₹67,000",1,"₹10,00,000",896,-,867(1),-,-,-,-,847(1),-,-,-
CG MBBS or Ins,UR,Chhattisgarh,"SSIMS, Bhilai",PHARMACOLOGY,"₹8,48,200*","₹67,000",1,"₹10,00,000",896,-,-,-,616(1),-,-,-,-,-,857(1)
CG Domicile-NRI,UR,Chhattisgarh,"Shri Balaji Inst of MS, Raipur",RADIO DIAGNOSIS,"₹75,15,000*",Info not available,1,"₹25,00,000",-,-,-,-,-,-,861(1),-,-,-,-
CG Domicile,ST,Chhattisgarh,"Govt Med Coll, Rajnandgaon",SPM,"₹20,000*","₹67,500",2*,"₹50,00,000*",650,-,-,-,-,-,880(1),-,-,-,-
CG Domicile,UR,Chhattisgarh,"CIMS, Bilaspur",FORENSIC MEDICINE,"₹20,000*","₹67,500",2*,"₹50,00,000*",550,-,-,-,-,-,-,881(1),-,-,-
CG Domicile-NRI,UR-Female,Chhattisgarh,"SSIMS, Bhilai",DERMATOLOGY,Info not available*,"₹67,000",1,"₹10,00,000",896,-,-,-,-,-,-,891(1),-,-,-
CG MBBS or Ins-NRI,UR,Chhattisgarh,"Shri Balaji Inst of MS, Raipur",GENERAL MEDICINE,"₹75,15,000*",Info not available,1,"₹25,00,000",-,-,-,-,-,-,-,-,-,-,894(1)
CG Domicile,UR,Chhattisgarh,"BaliramKashyap NDMC, Jagdalpur",FORENSIC MEDICINE,"₹20,000*","₹67,500",2*,"₹50,00,000*",500,-,-,-,-,-,-,894(1),-,-,-
CG Domicile,OBC-Female,Chhattisgarh,"SSIMS, Bhilai",PATHOLOGY,"₹8,48,200*","₹67,000",1,"₹10,00,000",896,-,-,-,-,-,-,897(1),-,-,-
CG Domicile,OBC,Chhattisgarh,"Pt JNM Med Coll, Raipur",ANATOMY,"₹20,000*","₹67,500",2*,"₹50,00,000*",1246,-,-,-,-,-,898(1),-,-,-,-
CG MBBS or Ins,UR,Chhattisgarh,"Govt Med Coll, Ambikapur",MICROBIOLOGY,"₹20,000*","₹67,500",2*,"₹50,00,000*",785,334(1),-,-,-,-,-,-,-,546(1),900(1)
CG Domicile,OBC,Chhattisgarh,"CIMS, Bilaspur",MICROBIOLOGY,"₹20,000*","₹67,500",2*,"₹50,00,000*",550,-,-,-,-,-,-,900(1),-,-,-
CG MBBS or Ins,UR,Chhattisgarh,"Raipur IMS, Raipur",PHARMACOLOGY,"₹7,92,600*","₹67,000",1,"₹25,00,000",650,-,-,-,-,-,-,-,-,-,902(1)
CG MBBS or Ins,EWS,Chhattisgarh,"CIMS, Bilaspur",BIOCHEMISTRY,"₹20,000*","₹67,500",2*,"₹50,00,000*",550,-,-,-,-,-,-,-,-,-,904(1)
CG MBBS or Ins,UR,Chhattisgarh,"Pt JNM Med Coll, Raipur",ANATOMY,"₹20,000*","₹67,500",2*,"₹50,00,000*",1246,-,626(1),-,-,-,612(1),-,-,-,905(1)
CG MBBS or Ins,UR,Chhattisgarh,"Pt JNM Med Coll, Raipur",FORENSIC MEDICINE,"₹20,000*","₹67,500",2*,"₹50,00,000*",1246,-,-,-,337(1),-,-,-,-,818(1),906(1)
CG MBBS or Ins,UR,Chhattisgarh,"Lakhi Ram Agrawal, Raigarh",FORENSIC MEDICINE,"₹20,000*","₹67,500",2*,"₹50,00,000*",650,558(1),606(1),241(1),-,-,-,-,-,-,908(1)
CG MBBS or Ins,UR,Chhattisgarh,"SSIMS, Bhilai",SPM,"₹8,48,200*","₹67,000",1,"₹10,00,000",896,-,509(1),-,-,-,-,-,-,-,910(1)
CG Domicile,UR,Chhattisgarh,"Shri Balaji Inst of MS, Raipur",MICROBIOLOGY,"₹8,48,200*",Info not available,1,"₹25,00,000",-,-,-,-,-,-,-,-,-,989(1),-
CG Domicile-NRI,UR,Chhattisgarh,"SSIMS, Bhilai",RADIO DIAGNOSIS,Info not available*,"₹67,000",1,"₹10,00,000",896,-,964(2),395(1),-,-,-,-,-,994(1),-
CG Domicile,UR,Chhattisgarh,"CIMS, Bilaspur",BIOCHEMISTRY,"₹20,000*","₹67,500",2*,"₹50,00,000*",550,-,-,-,-,-,-,-,-,1003(1),-
CG Domicile,UR,Chhattisgarh,"Lakhi Ram Agrawal, Raigarh",FORENSIC MEDICINE,"₹20,000*","₹67,500",2*,"₹50,00,000*",650,-,-,-,-,-,-,-,-,1023(1),-
CG Domicile-NRI,UR,Chhattisgarh,"Shri Balaji Inst of MS, Raipur",OBG,"₹75,15,000*",Info not available,1,"₹25,00,000",-,-,-,-,-,-,-,-,-,1026(1),-
CG Domicile,SC,Chhattisgarh,"Pt JNM Med Coll, Raipur",SPM,"₹20,000*","₹67,500",2*,"₹50,00,000*",1246,-,-,-,-,-,-,-,-,1019(1),1044(1)
CG Domicile,UR,Chhattisgarh,"Raipur IMS, Raipur",SPM,"₹7,92,600*","₹67,000",1,"₹25,00,000",650,-,935(3),-,550(3),-,-,-,-,-,1048(1)
CG Domicile,UR,Chhattisgarh,"SSIMS, Bhilai",PHARMACOLOGY,"₹8,48,200*","₹67,000",1,"₹10,00,000",896,-,970(1),367(1),-,-,-,-,-,-,1051(1)
CG Domicile,UR,Chhattisgarh,"Raipur IMS, Raipur",PHARMACOLOGY,"₹7,92,600*","₹67,000",1,"₹25,00,000",650,-,973(1),-,-,-,-,-,-,-,1052(1)
CG Domicile,UR,Chhattisgarh,"Govt Med Coll, Ambikapur",PHYSIOLOGY,"₹20,000*","₹67,500",2*,"₹50,00,000*",785,-,-,-,-,-,-,-,-,-,1054(1)
CG Domicile,UR,Chhattisgarh,"Raipur IMS, Raipur",MICROBIOLOGY,"₹7,92,600*","₹67,000",1,"₹25,00,000",650,-,957(1),-,536(1),-,-,-,-,-,1055(1)
CG Domicile-NRI,UR,Chhattisgarh,"Shri Balaji Inst of MS, Raipur",DERMATOLOGY,"₹75,15,000*",Info not available,1,"₹25,00,000",-,-,-,-,-,-,-,-,-,-,1057(1)
CG Domicile,UR,Chhattisgarh,"SSIMS, Bhilai",PHYSIOLOGY,"₹8,48,200*","₹67,000",1,"₹10,00,000",896,-,-,365(1),-,-,-,-,-,-,1059(1)
CG Other State-NRI,UR,Chhattisgarh,"SSIMS, Bhilai",OBG,Info not available*,"₹67,000",1,"₹10,00,000",896,-,-,-,-,-,-,-,-,1065(1),-
Other State,UR,Chhattisgarh,"Shri Balaji Inst of MS, Raipur",MICROBIOLOGY,"₹8,48,200*",Info not available,1,"₹25,00,000",-,-,-,-,-,-,-,-,-,-,1077(1)
Other State,UR,Chhattisgarh,"Raipur IMS, Raipur",MICROBIOLOGY,"₹7,92,600*","₹67,000",1,"₹25,00,000",650,-,-,-,-,-,-,-,-,-,1140(1)
Other State,UR,Chhattisgarh,"Shri Balaji Inst of MS, Raipur",PHYSIOLOGY,"₹8,48,200*",Info not available,1,"₹25,00,000",-,-,-,-,-,-,-,-,-,-,1149(1)
CG MBBS or Ins,OBC-Female,Chhattisgarh,"Pt JNM Med Coll, Raipur",DERMATOLOGY,"₹20,000*","₹67,500",2*,"₹50,00,000*",1246,10(1),-,-,-,-,-,-,-,-,-
CG MBBS or Ins,UR,Chhattisgarh,"Pt JNM Med Coll, Raipur",RADIO DIAGNOSIS,"₹20,000*","₹67,500",2*,"₹50,00,000*",1246,2(1),11(1),-,-,-,-,-,-,-,-
CG MBBS or Ins,OBC,Chhattisgarh,"CIMS, Bilaspur",GENERAL MEDICINE,"₹20,000*","₹67,500",2*,"₹50,00,000*",550,26(1),-,-,-,-,-,-,-,-,-
CG MBBS or Ins,UR-Female,Chhattisgarh,"Govt Med Coll, Ambikapur",PAEDIATRICS,"₹20,000*","₹67,500",2*,"₹50,00,000*",785,37(1),-,-,-,-,-,-,-,-,-
CG MBBS or Ins,UR-Female,Chhattisgarh,"Pt JNM Med Coll, Raipur",TBRD,"₹20,000*","₹67,500",2*,"₹50,00,000*",1246,41(1),-,-,-,-,-,-,-,-,-
CG MBBS or Ins,UR-Female,Chhattisgarh,"SSIMS, Bhilai",RADIO DIAGNOSIS,"₹10,54,000*","₹67,000",1,"₹10,00,000",896,42(1),-,-,-,-,-,-,-,-,-
CG MBBS or Ins,OBC,Chhattisgarh,"Pt JNM Med Coll, Raipur",PAEDIATRICS,"₹20,000*","₹67,500",2*,"₹50,00,000*",1246,62(1),-,6(1),13(1),-,-,-,-,-,-
CG MBBS or Ins,UR,Chhattisgarh,"CIMS, Bilaspur",PAEDIATRICS,"₹20,000*","₹67,500",2*,"₹50,00,000*",550,31(1),63(1),4(1),4(1),-,-,-,-,-,-
CG MBBS or Ins,OBC-Female,Chhattisgarh,"Pt JNM Med Coll, Raipur",PAEDIATRICS,"₹20,000*","₹67,500",2*,"₹50,00,000*",1246,-,75(1),-,-,-,-,-,-,-,-
CG MBBS or Ins,OBC,Chhattisgarh,"Pt JNM Med Coll, Raipur",OBG,"₹20,000*","₹67,500",2*,"₹50,00,000*",1246,66(1),115(1),-,-,-,-,-,-,-,-
CG MBBS or Ins,UR-Female,Chhattisgarh,"Govt Med Coll, Ambikapur",ANAESTHESIOLOGY,"₹20,000*","₹67,500",2*,"₹50,00,000*",785,123(1),-,-,-,-,-,-,-,-,-
CG MBBS or Ins,UR-Female,Chhattisgarh,"Lakhi Ram Agrawal, Raigarh",ANAESTHESIOLOGY,"₹20,000*","₹67,500",2*,"₹50,00,000*",650,127(1),-,-,-,-,-,-,-,-,-
CG MBBS or Ins,UR,Chhattisgarh,"Govt Med Coll, Ambikapur",OPHTHALMOLOGY,"₹20,000*","₹67,500",2*,"₹50,00,000*",785,91(1),135(1),-,-,-,-,-,-,-,-
CG MBBS or Ins,UR,Chhattisgarh,"CIMS, Bilaspur",PSYCHIATRY,"₹20,000*","₹67,500",2*,"₹50,00,000*",550,72(1),144(1),27(1),-,-,-,-,-,-,-
CG MBBS or Ins,SC,Chhattisgarh,"SSIMS, Bhilai",ANAESTHESIOLOGY,"₹10,54,000*","₹67,000",1,"₹10,00,000",896,-,-,146(1),-,-,-,-,-,-,-
CG MBBS or Ins,OBC,Chhattisgarh,"Pt JNM Med Coll, Raipur",ANAESTHESIOLOGY,"₹20,000*","₹67,500",2*,"₹50,00,000*",1246,152(1),-,-,-,-,-,-,-,-,-
CG MBBS or Ins,UR,Chhattisgarh,"CIMS, Bilaspur",ANAESTHESIOLOGY,"₹20,000*","₹67,500",2*,"₹50,00,000*",550,93(1),157(1),29(1),38(1),-,-,-,-,-,-
CG MBBS or Ins,ST,Chhattisgarh,"Govt Med Coll, Ambikapur",GENERAL SURGERY,"₹20,000*","₹67,500",2*,"₹50,00,000*",785,-,-,165(1),-,-,-,-,-,-,-
CG MBBS or Ins,OBC,Chhattisgarh,"Lakhi Ram Agrawal, Raigarh",ANAESTHESIOLOGY,"₹20,000*","₹67,500",2*,"₹50,00,000*",650,170(1),-,-,-,-,-,-,-,-,-
CG MBBS or Ins,UR,Chhattisgarh,"Govt Med Coll, Rajnandgaon",ENT,"₹20,000*","₹67,500",2*,"₹50,00,000*",650,94(1),173(1),-,-,-,-,-,-,-,-
CG MBBS or Ins,OBC,Chhattisgarh,"Pt JNM Med Coll, Raipur",OPHTHALMOLOGY,"₹20,000*","₹67,500",2*,"₹50,00,000*",1246,83(1),178(1),-,-,-,-,-,-,-,-
CG MBBS or Ins,UR,Chhattisgarh,"Lakhi Ram Agrawal, Raigarh",ANAESTHESIOLOGY,"₹20,000*","₹67,500",2*,"₹50,00,000*",650,-,191(1),36(1),63(1),-,-,-,-,-,-
CG MBBS or Ins,UR-Female,Chhattisgarh,"SSIMS, Bhilai",ORTHOPAEDICS,"₹10,54,000*","₹67,000",1,"₹10,00,000",896,193(1),174(1),-,-,-,-,-,-,-,-
CG MBBS or Ins,UR-Female,Chhattisgarh,"Raipur IMS, Raipur",ORTHOPAEDICS,"₹9,84,500*","₹67,000",1,"₹25,00,000",650,194(1),-,-,-,-,-,-,-,-,-
CG MBBS or Ins,OBC,Chhattisgarh,"Govt Med Coll, Rajnandgaon",OPHTHALMOLOGY,"₹20,000*","₹67,500",2*,"₹50,00,000*",650,125(1),220(1),41(1),56(1),-,-,-,-,-,-
CG MBBS or Ins,UR-Female,Chhattisgarh,"Raipur IMS, Raipur",OBG,"₹9,84,500*","₹67,000",1,"₹25,00,000",650,181(1),222(1),-,-,-,-,-,-,-,-
CG MBBS or Ins,SC,Chhattisgarh,"Govt Med Coll, Ambikapur",OBG,"₹20,000*","₹67,500",2*,"₹50,00,000*",785,241(1),-,-,-,-,-,-,-,-,-
CG MBBS or Ins,SC,Chhattisgarh,"Govt Med Coll, Ambikapur",GENERAL MEDICINE,"₹20,000*","₹67,500",2*,"₹50,00,000*",785,168(1),246(1),-,-,-,-,-,-,-,-
CG MBBS or Ins,UR,Chhattisgarh,"Raipur IMS, Raipur",BIOCHEMISTRY,"₹7,92,600*","₹67,000",1,"₹25,00,000",650,-,-,250(1),-,-,-,-,-,-,-
CG MBBS or Ins,ST,Chhattisgarh,"Govt Med Coll, Ambikapur",OPHTHALMOLOGY,"₹20,000*","₹67,500",2*,"₹50,00,000*",785,-,-,-,251(1),-,-,-,-,-,-
CG MBBS or Ins,EWS,Chhattisgarh,"Pt JNM Med Coll, Raipur",OPHTHALMOLOGY,"₹20,000*","₹67,500",2*,"₹50,00,000*",1246,184(1),251(1),-,-,-,-,-,-,-,-
CG MBBS or Ins,OBC,Chhattisgarh,"Pt JNM Med Coll, Raipur",RADIATION ONCOLOGY,"₹20,000*","₹67,500",2*,"₹50,00,000*",1246,213(1),256(1),-,-,-,-,-,-,-,-
CG MBBS or Ins,SC,Chhattisgarh,"Pt JNM Med Coll, Raipur",GENERAL SURGERY,"₹20,000*","₹67,500",2*,"₹50,00,000*",1246,242(1),259(1),64(1),72(1),-,-,-,-,-,-
CG MBBS or Ins,SC,Chhattisgarh,"Lakhi Ram Agrawal, Raigarh",FORENSIC MEDICINE,"₹20,000*","₹67,500",2*,"₹50,00,000*",650,-,-,278(1),-,-,-,-,-,-,-
CG MBBS or Ins,SC,Chhattisgarh,"Pt JNM Med Coll, Raipur",ENT,"₹20,000*","₹67,500",2*,"₹50,00,000*",1246,278(1),-,-,-,-,-,-,-,-,-
CG MBBS or Ins,OBC-Female,Chhattisgarh,"Raipur IMS, Raipur",GENERAL MEDICINE,"₹9,84,500*","₹67,000",1,"₹25,00,000",650,210(1),289(1),-,-,-,-,-,-,-,-
CG MBBS or Ins,ST,Chhattisgarh,"Lakhi Ram Agrawal, Raigarh",PHYSIOLOGY,"₹20,000*","₹67,500",2*,"₹50,00,000*",650,-,-,289(1),-,-,-,-,-,-,-
CG MBBS or Ins,ST,Chhattisgarh,"Lakhi Ram Agrawal, Raigarh",ORTHOPAEDICS,"₹20,000*","₹67,500",2*,"₹50,00,000*",650,-,307(1),-,-,-,-,-,-,-,-
CG Domicile,UR,Chhattisgarh,"Raipur IMS, Raipur",PATHOLOGY,"₹7,92,600*","₹67,000",1,"₹25,00,000",650,-,-,329(1),-,-,-,-,-,-,-
CG MBBS or Ins,SC,Chhattisgarh,"Lakhi Ram Agrawal, Raigarh",ENT,"₹20,000*","₹67,500",2*,"₹50,00,000*",650,330(1),-,-,-,-,-,-,-,-,-
CG MBBS or Ins,ST,Chhattisgarh,"Govt Med Coll, Ambikapur",OBG,"₹20,000*","₹67,500",2*,"₹50,00,000*",785,333(1),-,-,-,-,-,-,-,-,-
CG MBBS or Ins,OBC-Female,Chhattisgarh,"Raipur IMS, Raipur",ANAESTHESIOLOGY,"₹9,84,500*","₹67,000",1,"₹25,00,000",650,339(1),-,-,-,-,-,-,-,-,-
CG MBBS or Ins,ST-Female,Chhattisgarh,"Pt JNM Med Coll, Raipur",RADIATION ONCOLOGY,"₹20,000*","₹67,500",2*,"₹50,00,000*",1246,343(1),-,-,-,-,-,-,-,-,-
CG MBBS or Ins,ST-Female,Chhattisgarh,"Pt JNM Med Coll, Raipur",OPHTHALMOLOGY,"₹20,000*","₹67,500",2*,"₹50,00,000*",1246,345(1),-,-,-,-,-,-,-,-,-
CG MBBS or Ins,OBC,Chhattisgarh,"Govt Med Coll, Ambikapur",PATHOLOGY,"₹20,000*","₹67,500",2*,"₹50,00,000*",785,325(1),349(1),-,-,-,-,-,-,-,-
CG MBBS or Ins,ST-Female,Chhattisgarh,"Pt JNM Med Coll, Raipur",ENT,"₹20,000*","₹67,500",2*,"₹50,00,000*",1246,351(1),-,-,-,-,-,-,-,-,-
CG MBBS or Ins,UR-Female,Chhattisgarh,"SSIMS, Bhilai",OPHTHALMOLOGY,"₹10,54,000*","₹67,000",1,"₹10,00,000",896,252(1),354(1),-,-,-,-,-,-,-,-
CG MBBS or Ins,SC,Chhattisgarh,"CIMS, Bilaspur",OPHTHALMOLOGY,"₹20,000*","₹67,500",2*,"₹50,00,000*",550,356(1),-,-,-,-,-,-,-,-,-
CG MBBS or Ins,UR-Female,Chhattisgarh,"SSIMS, Bhilai",PSYCHIATRY,"₹10,54,000*","₹67,000",1,"₹10,00,000",896,-,365(1),-,-,-,-,-,-,-,-
CG MBBS or Ins,SC,Chhattisgarh,"CIMS, Bilaspur",SPM,"₹20,000*","₹67,500",2*,"₹50,00,000*",550,-,-,-,370(1),-,-,-,-,-,-
CG MBBS or Ins,ST,Chhattisgarh,"Pt JNM Med Coll, Raipur",ENT,"₹20,000*","₹67,500",2*,"₹50,00,000*",1246,-,374(1),-,-,-,-,-,-,-,-
CG MBBS or Ins,ST,Chhattisgarh,"Pt JNM Med Coll, Raipur",PSYCHIATRY,"₹20,000*","₹67,500",2*,"₹50,00,000*",1246,391(1),-,-,-,-,-,-,-,-,-
CG MBBS or Ins,ST-Female,Chhattisgarh,"Govt Med Coll, Ambikapur",GENERAL SURGERY,"₹20,000*","₹67,500",2*,"₹50,00,000*",785,385(1),400(1),-,-,-,-,-,-,-,-
CG Domicile,UR,Chhattisgarh,"Raipur IMS, Raipur",BIOCHEMISTRY,"₹7,92,600*","₹67,000",1,"₹25,00,000",650,-,-,402(1),-,-,-,-,-,-,-
CG MBBS or Ins,SC,Chhattisgarh,"SSIMS, Bhilai",GENERAL MEDICINE,"₹10,54,000*","₹67,000",1,"₹10,00,000",896,367(1),421(1),-,-,-,-,-,-,-,-
CG MBBS or Ins,OBC,Chhattisgarh,"Pt JNM Med Coll, Raipur",SPM,"₹20,000*","₹67,500",2*,"₹50,00,000*",1246,410(1),439(1),247(1),-,-,-,-,-,-,-
CG MBBS or Ins,ST,Chhattisgarh,"SSIMS, Bhilai",GENERAL MEDICINE,"₹10,54,000*","₹67,000",1,"₹10,00,000",896,447(1),-,-,-,-,-,-,-,-,-
CG MBBS or Ins,ST-Female,Chhattisgarh,"Pt JNM Med Coll, Raipur",PATHOLOGY,"₹20,000*","₹67,500",2*,"₹50,00,000*",1246,-,458(1),-,-,-,-,-,-,-,-
CG MBBS or Ins,ST,Chhattisgarh,"CIMS, Bilaspur",ENT,"₹20,000*","₹67,500",2*,"₹50,00,000*",550,392(1),474(1),182(1),-,-,-,-,-,-,-
CG Domicile,UR,Chhattisgarh,"Pt JNM Med Coll, Raipur",PHYSIOLOGY,"₹20,000*","₹67,500",2*,"₹50,00,000*",1246,-,-,-,483(1),-,-,-,-,-,-
CG MBBS or Ins,UR,Chhattisgarh,"Lakhi Ram Agrawal, Raigarh",SPM,"₹20,000*","₹67,500",2*,"₹50,00,000*",650,490(1),-,-,-,-,-,-,-,-,-
CG MBBS or Ins,ST,Chhattisgarh,"Raipur IMS, Raipur",RADIO DIAGNOSIS,"₹9,84,500*","₹67,000",1,"₹25,00,000",650,-,497(1),-,-,-,-,-,-,-,-
CG Domicile,UR,Chhattisgarh,"Pt JNM Med Coll, Raipur",ANATOMY,"₹20,000*","₹67,500",2*,"₹50,00,000*",1246,-,-,-,509(1),-,-,-,-,-,-
CG MBBS or Ins,SC-Female,Chhattisgarh,"SSIMS, Bhilai",PAEDIATRICS,"₹10,54,000*","₹67,000",1,"₹10,00,000",896,-,516(1),-,-,-,-,-,-,-,-
CG MBBS or Ins,UR,Chhattisgarh,"SSIMS, Bhilai",ANAESTHESIOLOGY,"₹10,54,000*","₹67,000",1,"₹10,00,000",896,-,413(1),-,521(1),-,-,-,-,-,-
CG MBBS or Ins,ST,Chhattisgarh,"BaliramKashyap NDMC, Jagdalpur",SPM,"₹20,000*","₹67,500",2*,"₹50,00,000*",500,-,537(1),270(1),-,-,-,-,-,-,-
CG MBBS or Ins,UR-Female,Chhattisgarh,"SSIMS, Bhilai",PATHOLOGY,"₹8,48,200*","₹67,000",1,"₹10,00,000",896,543(1),534(1),-,-,-,-,-,-,-,-
CG Domicile,UR,Chhattisgarh,"Govt Med Coll, Ambikapur",ANATOMY,"₹20,000*","₹67,500",2*,"₹50,00,000*",785,-,-,-,555(1),-,-,-,-,-,-
CG MBBS or Ins,SC,Chhattisgarh,"Raipur IMS, Raipur",PAEDIATRICS,"₹9,84,500*","₹67,000",1,"₹25,00,000",650,508(1),556(2),-,-,-,-,-,-,-,-
CG MBBS or Ins,EWS,Chhattisgarh,"CIMS, Bilaspur",PATHOLOGY,"₹20,000*","₹67,500",2*,"₹50,00,000*",550,571(1),517(1),173(1),-,-,-,-,-,-,-
CG MBBS or Ins,OBC,Chhattisgarh,"SSIMS, Bhilai",TBRD,"₹10,54,000*","₹67,000",1,"₹10,00,000",896,-,149(1),24(1),573(1),-,-,-,-,-,-
CG MBBS or Ins,SC,Chhattisgarh,"Pt JNM Med Coll, Raipur",SPM,"₹20,000*","₹67,500",2*,"₹50,00,000*",1246,435(1),576(1),-,-,-,-,-,-,-,-
CG MBBS or Ins,OBC,Chhattisgarh,"Raipur IMS, Raipur",OPHTHALMOLOGY,"₹9,84,500*","₹67,000",1,"₹25,00,000",650,578(1),-,-,-,-,-,-,-,-,-
CG MBBS or Ins,UR,Chhattisgarh,"Pt JNM Med Coll, Raipur",PHYSIOLOGY,"₹20,000*","₹67,500",2*,"₹50,00,000*",1246,581(1),-,248(1),-,-,-,-,-,-,-
CG MBBS or Ins,OBC,Chhattisgarh,"CIMS, Bilaspur",BIOCHEMISTRY,"₹20,000*","₹67,500",2*,"₹50,00,000*",550,-,608(1),255(1),-,-,-,-,-,-,-
CG MBBS or Ins,SST,Chhattisgarh,"Pt JNM Med Coll, Raipur",PAEDIATRICS,"₹20,000*","₹67,500",2*,"₹50,00,000*",1246,-,609(1),-,-,-,-,-,-,-,-
CG MBBS or Ins,ST,Chhattisgarh,"CIMS, Bilaspur",SPM,"₹20,000*","₹67,500",2*,"₹50,00,000*",550,-,610(1),242(1),-,-,-,-,-,-,-
CG MBBS or Ins,SC,Chhattisgarh,"CIMS, Bilaspur",FORENSIC MEDICINE,"₹20,000*","₹67,500",2*,"₹50,00,000*",550,-,611(1),-,-,-,-,-,-,-,-
CG MBBS or Ins,ST-Female,Chhattisgarh,"Raipur IMS, Raipur",OBG,"₹9,84,500*","₹67,000",1,"₹25,00,000",650,616(1),-,-,-,-,-,-,-,-,-
CG MBBS or Ins,ST,Chhattisgarh,"Govt Med Coll, Rajnandgaon",SPM,"₹20,000*","₹67,500",2*,"₹50,00,000*",650,-,620(1),214(1),-,-,-,-,-,-,-
CG MBBS or Ins,SC,Chhattisgarh,"Raipur IMS, Raipur",ORTHOPAEDICS,"₹9,84,500*","₹67,000",1,"₹25,00,000",650,580(1),624(1),-,-,-,-,-,-,-,-
CG MBBS or Ins,ST-Female,Chhattisgarh,"SSIMS, Bhilai",TBRD,"₹10,54,000*","₹67,000",1,"₹10,00,000",896,-,629(1),-,-,-,-,-,-,-,-
CG MBBS or Ins,UR,Chhattisgarh,"Lakhi Ram Agrawal, Raigarh",PHYSIOLOGY,"₹20,000*","₹67,500",2*,"₹50,00,000*",650,-,638(1),254(1),-,-,-,-,-,-,-
CG MBBS or Ins,ST,Chhattisgarh,"Pt JNM Med Coll, Raipur",PHARMACOLOGY,"₹20,000*","₹67,500",2*,"₹50,00,000*",1246,-,655(1),-,-,-,-,-,-,-,-
CG MBBS or Ins-NRI,UR,Chhattisgarh,"SSIMS, Bhilai",OBG,Info not available*,"₹67,000",1,"₹10,00,000",896,-,656(1),-,-,-,-,-,-,-,-
CG MBBS or Ins,ST,Chhattisgarh,"Lakhi Ram Agrawal, Raigarh",FORENSIC MEDICINE,"₹20,000*","₹67,500",2*,"₹50,00,000*",650,-,660(1),-,-,-,-,-,-,-,-
CG MBBS or Ins,OBC,Chhattisgarh,"Lakhi Ram Agrawal, Raigarh",BIOCHEMISTRY,"₹20,000*","₹67,500",2*,"₹50,00,000*",650,-,669(1),-,-,-,-,-,-,-,-
CG MBBS or Ins,UR,Chhattisgarh,"Lakhi Ram Agrawal, Raigarh",ANATOMY,"₹20,000*","₹67,500",2*,"₹50,00,000*",650,-,670(1),262(1),-,-,-,-,-,-,-
CG MBBS or Ins,ST,Chhattisgarh,"SSIMS, Bhilai",ORTHOPAEDICS,"₹10,54,000*","₹67,000",1,"₹10,00,000",896,-,671(1),-,-,-,-,-,-,-,-
CG MBBS or Ins,ST,Chhattisgarh,"Pt JNM Med Coll, Raipur",BIOCHEMISTRY,"₹20,000*","₹67,500",2*,"₹50,00,000*",1246,-,674(1),253(1),-,-,-,-,-,-,-
CG MBBS or Ins,OBC,Chhattisgarh,"Govt Med Coll, Ambikapur",MICROBIOLOGY,"₹20,000*","₹67,500",2*,"₹50,00,000*",785,443(1),676(1),119(1),-,-,-,-,-,-,-
CG MBBS or Ins,ST,Chhattisgarh,"Govt Med Coll, Ambikapur",BIOCHEMISTRY,"₹20,000*","₹67,500",2*,"₹50,00,000*",785,-,677(1),-,-,-,-,-,-,-,-
CG MBBS or Ins,UR,Chhattisgarh,"Govt Med Coll, Ambikapur",ANATOMY,"₹20,000*","₹67,500",2*,"₹50,00,000*",785,-,680(1),227(1),-,-,-,-,-,-,-
CG MBBS or Ins-NRI,UR,Chhattisgarh,"Raipur IMS, Raipur",RADIO DIAGNOSIS,"₹79,33,000*","₹67,000",1,"₹25,00,000",650,-,687(2),-,-,-,-,-,-,-,-
CG MBBS or Ins,OBC,Chhattisgarh,"Govt Med Coll, Ambikapur",ANATOMY,"₹20,000*","₹67,500",2*,"₹50,00,000*",785,-,692(1),268(1),-,-,-,-,-,-,-
CG MBBS or Ins,SC,Chhattisgarh,"Pt JNM Med Coll, Raipur",ANATOMY,"₹20,000*","₹67,500",2*,"₹50,00,000*",1246,-,698(1),281(1),-,-,-,-,-,-,-
CG Domicile,SC-Female,Chhattisgarh,"Raipur IMS, Raipur",GENERAL SURGERY,"₹9,84,500*","₹67,000",1,"₹25,00,000",650,712(1),-,-,-,-,-,-,-,-,-
CG MBBS or Ins-NRI,UR,Chhattisgarh,"SSIMS, Bhilai",GENERAL SURGERY,Info not available*,"₹67,000",1,"₹10,00,000",896,-,712(1),-,-,-,-,-,-,-,-
CG MBBS or Ins-NRI,UR,Chhattisgarh,"SSIMS, Bhilai",DERMATOLOGY,Info not available*,"₹67,000",1,"₹10,00,000",896,-,717(1),-,-,-,-,-,-,-,-
CG MBBS or Ins,ST,Chhattisgarh,"SSIMS, Bhilai",ANAESTHESIOLOGY,"₹10,54,000*","₹67,000",1,"₹10,00,000",896,-,719(1),-,-,-,-,-,-,-,-
CG Domicile,ST,Chhattisgarh,"BaliramKashyap NDMC, Jagdalpur",SPM,"₹20,000*","₹67,500",2*,"₹50,00,000*",500,719(1),-,-,-,-,-,-,-,-,-
CG MBBS or Ins,ST-Female,Chhattisgarh,"Lakhi Ram Agrawal, Raigarh",PHYSIOLOGY,"₹20,000*","₹67,500",2*,"₹50,00,000*",650,-,721(1),-,-,-,-,-,-,-,-
CG Domicile,UR,Chhattisgarh,"Lakhi Ram Agrawal, Raigarh",PHYSIOLOGY,"₹20,000*","₹67,500",2*,"₹50,00,000*",650,725(1),-,-,-,-,-,-,-,-,-
CG MBBS or Ins,UR,Chhattisgarh,"SSIMS, Bhilai",FORENSIC MEDICINE,"₹8,48,200*","₹67,000",1,"₹10,00,000",896,-,730(1),-,-,-,-,-,-,-,-
CG Domicile,ST,Chhattisgarh,"CIMS, Bilaspur",SPM,"₹20,000*","₹67,500",2*,"₹50,00,000*",550,737(1),-,-,-,-,-,-,-,-,-
CG Domicile,OBC,Chhattisgarh,"Raipur IMS, Raipur",PATHOLOGY,"₹7,92,600*","₹67,000",1,"₹25,00,000",650,744(1),-,339(1),-,-,-,-,-,-,-
CG Domicile,SC-Female,Chhattisgarh,"SSIMS, Bhilai",OPHTHALMOLOGY,"₹10,54,000*","₹67,000",1,"₹10,00,000",896,752(1),-,-,-,-,-,-,-,-,-
CG Domicile-NRI,OBC,Chhattisgarh,"SSIMS, Bhilai",GENERAL MEDICINE,Info not available*,"₹67,000",1,"₹10,00,000",896,753(1),-,-,-,-,-,-,-,-,-
Other State,UR,Chhattisgarh,"Raipur IMS, Raipur",PATHOLOGY,"₹7,92,600*","₹67,000",1,"₹25,00,000",650,768(1),-,-,-,-,-,-,-,-,-
CG Domicile,ST-Female,Chhattisgarh,"SSIMS, Bhilai",GENERAL MEDICINE,"₹10,54,000*","₹67,000",1,"₹10,00,000",896,-,798(1),-,-,-,-,-,-,-,-
CG Domicile,SC,Chhattisgarh,"SSIMS, Bhilai",GENERAL SURGERY,"₹10,54,000*","₹67,000",1,"₹10,00,000",896,-,902(1),-,-,-,-,-,-,-,-
CG Domicile,ST-Female,Chhattisgarh,"SSIMS, Bhilai",OBG,"₹10,54,000*","₹67,000",1,"₹10,00,000",896,-,905(1),-,-,-,-,-,-,-,-
CG Domicile-NRI,ST,Chhattisgarh,"Raipur IMS, Raipur",RADIO DIAGNOSIS,"₹79,33,000*","₹67,000",1,"₹25,00,000",650,-,908(1),-,-,-,-,-,-,-,-
CG Domicile,UR,Chhattisgarh,"SSIMS, Bhilai",MICROBIOLOGY,"₹8,48,200*","₹67,000",1,"₹10,00,000",896,-,914(3),-,-,-,-,-,-,-,-
CG Domicile,UR,Chhattisgarh,"SSIMS, Bhilai",FORENSIC MEDICINE,"₹8,48,200*","₹67,000",1,"₹10,00,000",896,-,924(1),-,-,-,-,-,-,-,-
CG Domicile,UR,Chhattisgarh,"SSIMS, Bhilai",BIOCHEMISTRY,"₹8,48,200*","₹67,000",1,"₹10,00,000",896,-,925(2),-,-,-,-,-,-,-,-
CG Domicile,OBC-Female,Chhattisgarh,"SSIMS, Bhilai",SPM,"₹8,48,200*","₹67,000",1,"₹10,00,000",896,-,943(1),-,-,-,-,-,-,-,-
CG Domicile,ST,Chhattisgarh,"Raipur IMS, Raipur",ANAESTHESIOLOGY,"₹9,84,500*","₹67,000",1,"₹25,00,000",650,-,962(1),-,-,-,-,-,-,-,-
CG Domicile,ST,Chhattisgarh,"Lakhi Ram Agrawal, Raigarh",ANATOMY,"₹20,000*","₹67,500",2*,"₹50,00,000*",650,-,971(1),-,-,-,-,-,-,-,-
CG Domicile,UR,Chhattisgarh,"SSIMS, Bhilai",ANATOMY,"₹8,48,200*","₹67,000",1,"₹10,00,000",896,-,980(3),-,-,-,-,-,-,-,-
CG Other State-NRI,UR,Chhattisgarh,"SSIMS, Bhilai",ORTHOPAEDICS,Info not available*,"₹67,000",1,"₹10,00,000",896,-,1006(1),-,-,-,-,-,-,-,-
CG Other State-NRI,UR,Chhattisgarh,"SSIMS, Bhilai",GENERAL MEDICINE,Info not available*,"₹67,000",1,"₹10,00,000",896,-,-,421(1),1042(1),-,-,-,-,-,-
Other State,UR,Chhattisgarh,"SSIMS, Bhilai",PHARMACOLOGY,"₹8,48,200*","₹67,000",1,"₹10,00,000",896,-,1046(1),-,-,-,-,-,-,-,-
Other State,UR,Chhattisgarh,"SSIMS, Bhilai",BIOCHEMISTRY,"₹8,48,200*","₹67,000",1,"₹10,00,000",896,-,1064(2),-,-,-,-,-,-,-,-
Other State,UR,Chhattisgarh,"Raipur IMS, Raipur",PHARMACOLOGY,"₹7,92,600*","₹67,000",1,"₹25,00,000",650,-,1066(1),-,-,-,-,-,-,-,-