Quota,Category,State,Institute,Course,Fee,Stipend Year 1,Bond Years,Bond Penalty,Beds,CR 2023 1,CR 2023 2,CR 2023 3,CR 2023 4,CR 2024 1,CR 2024 2,CR 2024 3,CR 2024 4,CR 2024 5,CR 2024 6
JK Govt Quota,OM,Jammu and Kashmir,"Sher-I-Kashmir, Srinagar",GENERAL MEDICINE,"₹11,000*","₹82,000",0*,₹0*,Info Not Available,84(12),59(3),-,-,168(9),34(2),40(2),20(1),-,-
JK Govt Quota,OM,Jammu and Kashmir,"Govt Med Coll, Srinagar",GENERAL MEDICINE,"₹35,750*","₹59,500",0*,₹0*,2150,147(14),81(4),-,-,186(6),53(4),67(2),-,-,-
JK Govt Quota,OM,Jammu and Kashmir,"Sher-I-Kashmir, Srinagar",OBG,"₹11,000*","₹82,000",0*,₹0*,Info Not Available,182(3),-,-,-,67(1),-,79(1),98(1),-,-
JK Govt Quota,OM,Jammu and Kashmir,"Gove Med Coll, Jammu",GENERAL MEDICINE,"₹25,000*","₹59,500",0*,₹0*,1700,131(7),89(3),-,-,54(3),60(1),83(3),100(1),139(1),-
JK Govt Quota,OM,Jammu and Kashmir,"Govt Med Coll, Srinagar",OBG,"₹35,750*","₹59,500",0*,₹0*,2150,199(12),114(2),123(2),-,80(5),95(1),97(1),146(1),-,-
JK Govt Quota,SP,Jammu and Kashmir,"Govt Med Coll, Srinagar",OBG,"₹35,750*","₹59,500",0*,₹0*,2150,-,-,-,-,-,88(1),101(1),-,-,-
JK Govt Quota,OM,Jammu and Kashmir,"Gove Med Coll, Jammu",OBG,"₹25,000*","₹59,500",0*,₹0*,1700,187(8),122(3),-,-,177(5),103(2),108(2),-,-,-
JK Govt Quota,JKPM,Jammu and Kashmir,"Gove Med Coll, Jammu",OBG,"₹25,000*","₹59,500",0*,₹0*,1700,-,-,-,-,-,-,111(1),-,-,-
JK Govt Quota,OM,Jammu and Kashmir,"Govt Med Coll, Srinagar",PAEDIATRICS,"₹35,750*","₹59,500",0*,₹0*,2150,190(8),116(4),118(1),-,60(2),109(3),118(1),129(1),-,-
JK Govt Quota,OM,Jammu and Kashmir,"Gove Med Coll, Jammu",PAEDIATRICS,"₹25,000*","₹59,500",0*,₹0*,1700,143(5),80(1),-,-,130(4),111(2),122(1),124(1),-,-
JK Priv-Hindu Min.,HM,Jammu and Kashmir,"ASCOMS, Jammu",GENERAL MEDICINE,"₹12,15,000*","₹45,560",0,₹0,507,-,265(1),-,-,-,234(1),127(1),-,-,-
JK Govt Quota,OM,Jammu and Kashmir,"Govt Med Coll, Srinagar",GENERAL SURGERY,"₹35,750*","₹59,500",0*,₹0*,2150,192(6),161(3),-,-,95(4),121(3),135(1),141(1),-,-
JK Govt Quota,OM,Jammu and Kashmir,"Sher-I-Kashmir, Srinagar",PSYCHIATRY,"₹11,000*","₹82,000",0*,₹0*,Info Not Available,-,-,-,-,103(1),212(1),169(1),-,-,-
JK Govt Quota,OM,Jammu and Kashmir,"Govt Med Coll, Srinagar",ORTHOPAEDICS,"₹35,750*","₹59,500",0*,₹0*,2150,158(4),177(3),179(2),-,121(3),181(3),185(1),191(1),-,-
JK Govt Quota,OM,Jammu and Kashmir,"Sher-I-Kashmir, Srinagar",OPHTHALMOLOGY,"₹11,000*","₹82,000",0*,₹0*,Info Not Available,116(1),149(1),-,-,92(1),203(1),212(1),-,-,-
JK Govt Quota,OM,Jammu and Kashmir,"Gove Med Coll, Jammu",GENERAL SURGERY,"₹25,000*","₹59,500",0*,₹0*,1700,139(6),-,153(1),-,115(4),148(5),229(3),204(2),248(2),305(1)
JK Govt Quota,OM,Jammu and Kashmir,"Gove Med Coll, Jammu",ORTHOPAEDICS,"₹25,000*","₹59,500",0*,₹0*,1700,174(5),176(1),183(2),-,126(3),176(2),244(1),249(1),-,-
JK Govt Quota,OM,Jammu and Kashmir,"Sher-I-Kashmir, Srinagar",ANAESTHESIOLOGY,"₹11,000*","₹82,000",0*,₹0*,Info Not Available,184(2),183(1),266(4),-,161(4),-,272(4),-,392(1),-
JK Govt Quota,OM,Jammu and Kashmir,"Gove Med Coll, Jammu",OPHTHALMOLOGY,"₹25,000*","₹59,500",0*,₹0*,1700,201(2),225(1),268(1),-,178(2),-,294(2),336(2),-,-
JK Govt Quota,OM,Jammu and Kashmir,"Govt Med Coll, Srinagar",ENT,"₹35,750*","₹59,500",0*,₹0*,2150,193(2),198(2),-,-,-,-,331(1),-,-,-
JK Govt Quota,OM,Jammu and Kashmir,"Govt Med Coll, Srinagar",ANAESTHESIOLOGY,"₹35,750*","₹59,500",0*,₹0*,2150,164(1),213(1),288(5),303(2),196(5),232(3),340(3),398(2),441(1),-
JK Govt Quota,OM,Jammu and Kashmir,"Gove Med Coll, Jammu",ENT,"₹25,000*","₹59,500",0*,₹0*,1700,163(2),214(1),240(1),-,176(3),230(2),345(3),-,-,-
JK Govt Quota,OM,Jammu and Kashmir,"Gove Med Coll, Jammu",ANAESTHESIOLOGY,"₹25,000*","₹59,500",0*,₹0*,1700,156(2),-,277(2),-,189(3),-,348(1),242(1),447(1),-
JK Govt Quota,ST-II,Jammu and Kashmir,"Gove Med Coll, Jammu",DERMATOLOGY,"₹25,000*","₹59,500",0*,₹0*,1700,-,-,-,-,243(2),199(1),349(1),-,-,-
JK Priv-Govt Quota,OM,Jammu and Kashmir,"ASCOMS, Jammu",OPHTHALMOLOGY,"₹12,15,000*","₹45,560",0,₹0,507,370(2),385(1),458(1),-,432(1),-,416(1),-,-,-
JK Priv-Hindu Min.,HM,Jammu and Kashmir,"ASCOMS, Jammu",OBG,"₹12,15,000*","₹45,560",0,₹0,507,-,276(1),-,-,-,198(1),432(1),-,-,-
JK Govt Quota,ST-II,Jammu and Kashmir,"Gove Med Coll, Jammu",PAEDIATRICS,"₹25,000*","₹59,500",0*,₹0*,1700,-,-,-,-,349(1),-,484(1),-,-,-
JK Priv-Govt Quota,OM,Jammu and Kashmir,"ASCOMS, Jammu",PSYCHIATRY,"₹12,15,000*","₹45,560",0,₹0,507,427(1),362(1),-,-,341(1),366(1),500(1),-,-,-
JK Priv-Govt Quota,OM,Jammu and Kashmir,"ASCOMS, Jammu",ANAESTHESIOLOGY,"₹12,15,000*","₹45,560",0,₹0,507,347(2),505(2),-,-,457(2),544(2),507(1),-,-,-
JK Govt Quota,SC,Jammu and Kashmir,"Gove Med Coll, Jammu",GENERAL SURGERY,"₹25,000*","₹59,500",0*,₹0*,1700,547(3),836(2),906(1),-,397(1),478(1),532(1),638(1),-,-
JK Govt Quota,ST-II,Jammu and Kashmir,"Govt Med Coll, Srinagar",PAEDIATRICS,"₹35,750*","₹59,500",0*,₹0*,2150,-,-,-,-,364(2),409(2),570(2),-,-,-
JK Priv-Govt Quota,OM,Jammu and Kashmir,"ASCOMS, Jammu",ENT,"₹12,15,000*","₹45,560",0,₹0,507,450(1),543(1),-,-,458(1),-,576(1),577(1),-,-
JK Priv-Hindu Min.,HM,Jammu and Kashmir,"ASCOMS, Jammu",OPHTHALMOLOGY,"₹12,15,000*","₹45,560",0,₹0,507,-,456(1),663(1),-,-,440(1),591(1),486(1),-,-
JK Govt Quota,ST-II,Jammu and Kashmir,"Govt Med Coll, Srinagar",PATHOLOGY,"₹35,750*","₹59,500",0*,₹0*,2150,-,-,-,-,1018(1),-,624(1),-,-,-
JK Govt Quota,ALC/IB,Jammu and Kashmir,"Gove Med Coll, Jammu",PHYSIOLOGY,"₹25,000*","₹59,500",0*,₹0*,1700,-,-,-,-,-,-,732(1),-,-,-
JK Priv-NRI,NRI,Jammu and Kashmir,"ASCOMS, Jammu",PAEDIATRICS,"₹21,97,500*","₹45,560",0,₹0,507,-,664(1),917(1),-,-,698(1),749(1),-,-,-
JK Priv-Govt Quota,OM,Jammu and Kashmir,"ASCOMS, Jammu",PATHOLOGY,"₹12,15,000*","₹45,560",0,₹0,507,649(2),861(1),1011(1),-,656(2),968(2),767(1),-,-,-
JK Govt Quota,STK,Jammu and Kashmir,"Govt Med Coll, Srinagar",GENERAL SURGERY,"₹35,750*","₹59,500",0*,₹0*,2150,210(1),749(1),-,-,477(1),694(1),798(1),-,-,-
JK Govt Quota,ST-II,Jammu and Kashmir,"Sher-I-Kashmir, Srinagar",ANAESTHESIOLOGY,"₹11,000*","₹82,000",0*,₹0*,Info Not Available,-,-,-,-,752(2),-,860(1),-,-,-
JK Govt Quota,ST-I,Jammu and Kashmir,"Gove Med Coll, Jammu",ORTHOPAEDICS,"₹25,000*","₹59,500",0*,₹0*,1700,-,-,-,-,502(1),-,920(1),-,-,-
JK Govt Quota,ST-II,Jammu and Kashmir,"Gove Med Coll, Jammu",OPHTHALMOLOGY,"₹25,000*","₹59,500",0*,₹0*,1700,-,-,-,-,623(2),-,927(1),-,-,-
JK Govt Quota,ST-II,Jammu and Kashmir,"Gove Med Coll, Jammu",GENERAL SURGERY,"₹25,000*","₹59,500",0*,₹0*,1700,-,-,-,-,452(3),419(1),944(2),-,-,-
JK Govt Quota,ST-II,Jammu and Kashmir,"Gove Med Coll, Jammu",ANAESTHESIOLOGY,"₹25,000*","₹59,500",0*,₹0*,1700,-,-,-,-,444(1),-,963(1),-,-,-
JK Govt Quota,ALC/IB,Jammu and Kashmir,"Gove Med Coll, Jammu",ANAESTHESIOLOGY,"₹25,000*","₹59,500",0*,₹0*,1700,719(3),892(1),-,-,759(3),-,982(1),-,-,-
JK Govt Quota,SC,Jammu and Kashmir,"Gove Med Coll, Jammu",OPHTHALMOLOGY,"₹25,000*","₹59,500",0*,₹0*,1700,579(1),-,-,-,363(1),-,985(1),-,-,-
JK Priv-NRI,NRI,Jammu and Kashmir,"ASCOMS, Jammu",OBG,"₹21,97,500*","₹45,560",0,₹0,507,-,680(1),-,-,-,745(1),993(1),-,-,-
JK Govt Quota,ALC/IB,Jammu and Kashmir,"Gove Med Coll, Jammu",OPHTHALMOLOGY,"₹25,000*","₹59,500",0*,₹0*,1700,372(1),688(1),-,-,558(1),975(1),1014(1),-,-,-
JK Govt Quota,STL,Jammu and Kashmir,"Govt Med Coll, Srinagar",GENERAL SURGERY,"₹35,750*","₹59,500",0*,₹0*,2150,-,-,-,-,455(1),-,1054(1),-,-,-
JK Govt Quota,ST-II,Jammu and Kashmir,"Govt Med Coll, Srinagar",ANAESTHESIOLOGY,"₹35,750*","₹59,500",0*,₹0*,2150,-,-,-,-,955(3),-,1071(1),-,-,-
JK Govt Quota,ST-I,Jammu and Kashmir,"Govt Med Coll, Srinagar",ANAESTHESIOLOGY,"₹35,750*","₹59,500",0*,₹0*,2150,-,-,-,-,962(2),996(1),1079(2),-,-,-
JK Priv-Mgmt Quota,MQ,Jammu and Kashmir,"ASCOMS, Jammu",PATHOLOGY,"₹12,15,000*","₹45,560",0,₹0,507,674(1),-,-,-,711(1),1023(1),1094(1),-,-,-
JK Govt Quota,SC,Jammu and Kashmir,"Govt Med Coll, Srinagar",ANAESTHESIOLOGY,"₹35,750*","₹59,500",0*,₹0*,2150,860(4),536(1),-,-,947(4),978(2),1095(4),-,-,-
JK Govt Quota,ST-I,Jammu and Kashmir,"Gove Med Coll, Jammu",IHBT,"₹25,000*","₹59,500",0*,₹0*,1700,-,-,-,-,992(1),-,1106(1),-,-,-
JK Govt Quota,ST-II,Jammu and Kashmir,"Gove Med Coll, Jammu",PATHOLOGY,"₹25,000*","₹59,500",0*,₹0*,1700,-,-,-,-,1042(2),1017(1),1118(1),-,-,-
JK Priv-Hindu Min.,HM,Jammu and Kashmir,"ASCOMS, Jammu",PATHOLOGY,"₹12,15,000*","₹45,560",0,₹0,507,-,-,983(1),-,-,-,1126(1),-,-,-
JK Govt Quota,STK,Jammu and Kashmir,"Sher-I-Kashmir, Srinagar",ORTHOPAEDICS,"₹11,000*","₹82,000",0*,₹0*,Info Not Available,-,-,-,-,490(1),793(1),1139(1),-,-,-
JK Govt Quota,ST-I,Jammu and Kashmir,"Sher-I-Kashmir, Srinagar",PATHOLOGY,"₹11,000*","₹82,000",0*,₹0*,Info Not Available,-,-,-,-,1049(2),-,1153(2),-,-,-
JK Priv-Govt Quota,OM,Jammu and Kashmir,"ASCOMS, Jammu",BIOCHEMISTRY,"₹12,15,000*","₹45,560",0,₹0,507,-,-,-,-,61(1),-,1164(1),-,-,-
JK Priv-Govt Quota,OM,Jammu and Kashmir,"ASCOMS, Jammu",MICROBIOLOGY,"₹12,15,000*","₹45,560",0,₹0,507,814(2),-,-,-,786(2),-,1175(2),1171(1),-,-
JK Govt Quota,SC,Jammu and Kashmir,"Gove Med Coll, Jammu",PATHOLOGY,"₹25,000*","₹59,500",0*,₹0*,1700,897(1),-,-,-,1071(3),-,1178(1),-,-,-
JK Govt Quota,SC,Jammu and Kashmir,"Gove Med Coll, Jammu",IHBT,"₹25,000*","₹59,500",0*,₹0*,1700,-,-,-,-,1076(1),-,1187(1),-,-,-
JK Priv-Hindu Min.,HM,Jammu and Kashmir,"ASCOMS, Jammu",MICROBIOLOGY,"₹12,15,000*","₹45,560",0,₹0,507,-,-,-,-,-,-,1198(1),-,-,-
JK Govt Quota,STL,Jammu and Kashmir,"Sher-I-Kashmir, Srinagar",ANAESTHESIOLOGY,"₹11,000*","₹82,000",0*,₹0*,Info Not Available,-,-,-,-,701(1),882(1),1204(1),-,-,-
JK Govt Quota,CDP,Jammu and Kashmir,"Gove Med Coll, Jammu",RADIO DIAGNOSIS,"₹25,000*","₹59,500",0*,₹0*,1700,-,-,-,-,10(1),-,-,-,-,-
JK Govt Quota,JKPM,Jammu and Kashmir,"Sher-I-Kashmir, Srinagar",PAEDIATRICS,"₹11,000*","₹82,000",0*,₹0*,Info Not Available,-,-,-,-,46(1),-,-,-,-,-
JK Govt Quota,JKPM,Jammu and Kashmir,"Govt Med Coll, Srinagar",DERMATOLOGY,"₹35,750*","₹59,500",0*,₹0*,2150,-,-,-,-,-,46(1),-,-,-,-
JK Govt Quota,JKPM,Jammu and Kashmir,"Govt Med Coll, Srinagar",OBG,"₹35,750*","₹59,500",0*,₹0*,2150,-,-,-,-,51(1),-,-,-,-,-
JK Govt Quota,OM,Jammu and Kashmir,"Gove Med Coll, Jammu",RADIO DIAGNOSIS,"₹25,000*","₹59,500",0*,₹0*,1700,52(6),17(1),-,-,56(5),25(3),-,38(1),-,-
JK Govt Quota,OM,Jammu and Kashmir,"Gove Med Coll, Jammu",DERMATOLOGY,"₹25,000*","₹59,500",0*,₹0*,1700,120(4),76(1),-,-,32(1),63(1),-,-,-,-
JK Govt Quota,JKPM,Jammu and Kashmir,"Govt Med Coll, Srinagar",PAEDIATRICS,"₹35,750*","₹59,500",0*,₹0*,2150,-,-,-,-,66(1),-,-,-,-,-
JK Govt Quota,JKPM,Jammu and Kashmir,"Sher-I-Kashmir, Srinagar",GENERAL SURGERY,"₹11,000*","₹82,000",0*,₹0*,Info Not Available,-,-,-,-,-,66(1),-,-,-,-
JK Govt Quota,SP,Jammu and Kashmir,"Gove Med Coll, Jammu",GENERAL SURGERY,"₹25,000*","₹59,500",0*,₹0*,1700,-,-,-,-,70(1),-,-,-,-,-
JK Govt Quota,OM,Jammu and Kashmir,"Govt Med Coll, Srinagar",TBRD,"₹35,750*","₹59,500",0*,₹0*,2150,159(2),-,-,-,50(1),75(1),-,-,-,-
JK Priv-Govt Quota,OM,Jammu and Kashmir,"ASCOMS, Jammu",RADIO DIAGNOSIS,"₹12,15,000*","₹45,560",0,₹0,507,109(1),129(1),-,-,78(1),-,-,-,-,-
JK Govt Quota,OM,Jammu and Kashmir,"Sher-I-Kashmir, Srinagar",PAEDIATRICS,"₹11,000*","₹82,000",0*,₹0*,Info Not Available,146(3),97(2),90(1),-,48(1),81(2),-,-,-,-
JK Priv-Hindu Min.,HM,Jammu and Kashmir,"ASCOMS, Jammu",RADIO DIAGNOSIS,"₹12,15,000*","₹45,560",0,₹0,507,-,171(1),-,-,-,82(1),-,-,-,-
JK Govt Quota,SP,Jammu and Kashmir,"Gove Med Coll, Jammu",OBG,"₹25,000*","₹59,500",0*,₹0*,1700,-,-,-,-,88(1),-,-,-,-,-
JK Govt Quota,OM,Jammu and Kashmir,"Sher-I-Kashmir, Srinagar",RADIO DIAGNOSIS,"₹11,000*","₹82,000",0*,₹0*,Info Not Available,38(8),-,-,-,96(8),-,-,-,-,-
JK Govt Quota,OM,Jammu and Kashmir,"Sher-I-Kashmir, Srinagar",GENERAL SURGERY,"₹11,000*","₹82,000",0*,₹0*,Info Not Available,123(5),126(2),136(1),-,71(3),117(2),-,-,-,-
JK Govt Quota,OM,Jammu and Kashmir,"Govt Med Coll, Srinagar",DDVL,"₹28,188*","₹59,500",0*,₹0*,2150,-,-,-,-,152(1),-,-,-,-,-
JK Govt Quota,OM,Jammu and Kashmir,"Govt Med Coll, Srinagar",RADIO DIAGNOSIS,"₹35,750*","₹59,500",0*,₹0*,2150,74(8),35(2),-,-,155(8),32(4),-,-,-,-
JK Govt Quota,SP,Jammu and Kashmir,"Govt Med Coll, Srinagar",ENT,"₹35,750*","₹59,500",0*,₹0*,2150,-,-,-,-,169(1),-,-,-,-,-
JK Govt Quota,OM,Jammu and Kashmir,"Sher-I-Kashmir, Srinagar",ORTHOPAEDICS,"₹11,000*","₹82,000",0*,₹0*,Info Not Available,161(1),164(1),-,-,117(1),170(1),-,-,-,-
JK Priv-Govt Quota,OM,Jammu and Kashmir,"ASCOMS, Jammu",OBG,"₹12,15,000*","₹45,560",0,₹0,507,130(2),250(2),-,-,190(2),-,-,-,-,-
JK Govt Quota,OM,Jammu and Kashmir,"Govt Med Coll, Srinagar",DERMATOLOGY,"₹35,750*","₹59,500",0*,₹0*,2150,60(2),55(1),-,-,197(2),38(1),-,62(1),-,-
JK Govt Quota,STK,Jammu and Kashmir,"Sher-I-Kashmir, Srinagar",DERMATOLOGY,"₹11,000*","₹82,000",0*,₹0*,Info Not Available,-,-,-,-,201(1),-,-,-,-,-
JK Govt Quota,ST-II,Jammu and Kashmir,"Sher-I-Kashmir, Srinagar",GENERAL MEDICINE,"₹11,000*","₹82,000",0*,₹0*,Info Not Available,-,-,-,-,208(1),-,-,-,-,-
JK Govt Quota,ST-I,Jammu and Kashmir,"Govt Med Coll, Srinagar",DERMATOLOGY,"₹35,750*","₹59,500",0*,₹0*,2150,-,-,-,-,215(1),-,-,-,-,-
JK Govt Quota,EWS,Jammu and Kashmir,"Gove Med Coll, Jammu",GENERAL MEDICINE,"₹25,000*","₹59,500",0*,₹0*,1700,-,-,-,-,220(1),-,-,-,-,-
JK Priv-Govt Quota,OM,Jammu and Kashmir,"ASCOMS, Jammu",GENERAL MEDICINE,"₹12,15,000*","₹45,560",0,₹0,507,188(2),244(1),-,-,213(2),226(1),-,-,-,-
JK Govt Quota,OM,Jammu and Kashmir,"Govt Med Coll, Srinagar",PSYCHIATRY,"₹35,750*","₹59,500",0*,₹0*,2150,127(3),173(1),213(1),-,94(2),228(2),-,-,-,-
JK Govt Quota,ST-I,Jammu and Kashmir,"Gove Med Coll, Jammu",DERMATOLOGY,"₹25,000*","₹59,500",0*,₹0*,1700,-,-,-,-,239(1),-,-,-,-,-
JK Govt Quota,ST-II,Jammu and Kashmir,"Gove Med Coll, Jammu",GENERAL MEDICINE,"₹25,000*","₹59,500",0*,₹0*,1700,-,-,-,-,241(1),-,-,-,-,-
JK Govt Quota,ST-I,Jammu and Kashmir,"Govt Med Coll, Srinagar",GENERAL MEDICINE,"₹35,750*","₹59,500",0*,₹0*,2150,-,-,-,-,262(1),-,-,-,-,-
JK Govt Quota,RBA,Jammu and Kashmir,"Govt Med Coll, Srinagar",GENERAL MEDICINE,"₹35,750*","₹59,500",0*,₹0*,2150,-,-,-,-,267(4),-,-,-,-,-
JK Govt Quota,OM,Jammu and Kashmir,"Govt Med Coll, Srinagar",OPHTHALMOLOGY,"₹35,750*","₹59,500",0*,₹0*,2150,170(3),193(1),-,-,182(3),174(1),-,269(1),-,-
JK Govt Quota,SP,Jammu and Kashmir,"Govt Med Coll, Srinagar",ANAESTHESIOLOGY,"₹35,750*","₹59,500",0*,₹0*,2150,327(1),-,-,-,-,273(1),-,-,-,-
JK Govt Quota,RBA,Jammu and Kashmir,"Gove Med Coll, Jammu",GENERAL MEDICINE,"₹25,000*","₹59,500",0*,₹0*,1700,-,-,-,-,275(1),-,-,-,-,-
JK Govt Quota,RBA,Jammu and Kashmir,"Sher-I-Kashmir, Srinagar",OBG,"₹11,000*","₹82,000",0*,₹0*,Info Not Available,-,-,-,-,282(2),-,-,-,-,-
JK Govt Quota,OBC,Jammu and Kashmir,"Sher-I-Kashmir, Srinagar",PAEDIATRICS,"₹11,000*","₹82,000",0*,₹0*,Info Not Available,-,-,-,-,291(1),-,-,-,-,-
JK Priv-Govt Quota,OM,Jammu and Kashmir,"ASCOMS, Jammu",PAEDIATRICS,"₹12,15,000*","₹45,560",0,₹0,507,286(2),-,-,-,234(2),296(2),-,-,-,-
JK Govt Quota,RBA,Jammu and Kashmir,"Sher-I-Kashmir, Srinagar",PAEDIATRICS,"₹11,000*","₹82,000",0*,₹0*,Info Not Available,-,-,-,-,297(1),-,-,-,-,-
JK Govt Quota,RBA,Jammu and Kashmir,"Govt Med Coll, Srinagar",TBRD,"₹35,750*","₹59,500",0*,₹0*,2150,-,-,-,-,303(1),-,-,-,-,-
JK Govt Quota,RBA,Jammu and Kashmir,"Gove Med Coll, Jammu",PAEDIATRICS,"₹25,000*","₹59,500",0*,₹0*,1700,220(1),-,-,-,304(1),-,-,-,-,-
JK Priv-Hindu Min.,HM,Jammu and Kashmir,"ASCOMS, Jammu",PAEDIATRICS,"₹12,15,000*","₹45,560",0,₹0,507,-,354(1),-,-,-,310(1),-,-,-,-
JK Govt Quota,EWS,Jammu and Kashmir,"Gove Med Coll, Jammu",OBG,"₹25,000*","₹59,500",0*,₹0*,1700,-,-,-,-,313(1),-,-,-,-,-
JK Priv-Govt Quota,OM,Jammu and Kashmir,"ASCOMS, Jammu",GENERAL SURGERY,"₹12,15,000*","₹45,560",0,₹0,507,297(2),357(1),-,-,300(2),316(1),-,-,-,-
JK Govt Quota,CDP,Jammu and Kashmir,"Gove Med Coll, Jammu",ANAESTHESIOLOGY,"₹25,000*","₹59,500",0*,₹0*,1700,257(2),-,-,-,338(1),-,-,-,-,-
JK Govt Quota,OBC,Jammu and Kashmir,"Gove Med Coll, Jammu",OBG,"₹25,000*","₹59,500",0*,₹0*,1700,-,-,-,-,352(2),-,-,-,-,-
JK Priv-Hindu Min.,HM,Jammu and Kashmir,"ASCOMS, Jammu",GENERAL SURGERY,"₹12,15,000*","₹45,560",0,₹0,507,-,366(1),-,-,-,336(1),-,355(1),-,-
JK Govt Quota,ST-I,Jammu and Kashmir,"Sher-I-Kashmir, Srinagar",ORTHOPAEDICS,"₹11,000*","₹82,000",0*,₹0*,Info Not Available,-,-,-,-,365(1),-,-,-,-,-
JK Govt Quota,RBA,Jammu and Kashmir,"Govt Med Coll, Srinagar",PAEDIATRICS,"₹35,750*","₹59,500",0*,₹0*,2150,-,-,-,-,372(4),-,-,-,-,-
JK Govt Quota,SC,Jammu and Kashmir,"Gove Med Coll, Jammu",OBG,"₹25,000*","₹59,500",0*,₹0*,1700,278(1),355(1),423(1),-,374(1),-,-,-,-,-
JK Govt Quota,SC,Jammu and Kashmir,"Govt Med Coll, Srinagar",OBG,"₹35,750*","₹59,500",0*,₹0*,2150,-,-,-,-,381(1),-,-,-,-,-
JK Govt Quota,RBA,Jammu and Kashmir,"Govt Med Coll, Srinagar",GENERAL SURGERY,"₹35,750*","₹59,500",0*,₹0*,2150,-,-,-,-,387(1),-,-,-,-,-
JK Govt Quota,RBA,Jammu and Kashmir,"Govt Med Coll, Srinagar",OBG,"₹35,750*","₹59,500",0*,₹0*,2150,219(1),-,-,-,388(3),-,-,-,-,-
JK Govt Quota,ALC/IB,Jammu and Kashmir,"Gove Med Coll, Jammu",ORTHOPAEDICS,"₹25,000*","₹59,500",0*,₹0*,1700,247(1),-,-,-,390(1),-,-,-,-,-
JK Govt Quota,ST-II,Jammu and Kashmir,"Govt Med Coll, Srinagar",OBG,"₹35,750*","₹59,500",0*,₹0*,2150,-,-,-,-,318(3),401(1),-,-,-,-
JK Govt Quota,RBA,Jammu and Kashmir,"Sher-I-Kashmir, Srinagar",PSYCHIATRY,"₹11,000*","₹82,000",0*,₹0*,Info Not Available,-,-,-,-,404(1),-,-,-,-,-
JK Govt Quota,RBA,Jammu and Kashmir,"Govt Med Coll, Srinagar",ORTHOPAEDICS,"₹35,750*","₹59,500",0*,₹0*,2150,-,-,-,-,405(2),-,-,-,-,-
JK Govt Quota,OBC,Jammu and Kashmir,"Sher-I-Kashmir, Srinagar",GENERAL SURGERY,"₹11,000*","₹82,000",0*,₹0*,Info Not Available,-,-,-,-,406(1),-,-,-,-,-
JK Govt Quota,RBA,Jammu and Kashmir,"Gove Med Coll, Jammu",GENERAL SURGERY,"₹25,000*","₹59,500",0*,₹0*,1700,-,-,-,-,414(2),-,-,-,-,-
JK Govt Quota,ALC/IB,Jammu and Kashmir,"Gove Med Coll, Jammu",GENERAL SURGERY,"₹25,000*","₹59,500",0*,₹0*,1700,509(2),633(1),-,-,417(1),-,-,-,-,-
JK Govt Quota,RBA,Jammu and Kashmir,"Sher-I-Kashmir, Srinagar",GENERAL SURGERY,"₹11,000*","₹82,000",0*,₹0*,Info Not Available,-,-,-,-,421(5),426(1),-,-,-,-
JK Priv-Mgmt Quota,MQ,Jammu and Kashmir,"ASCOMS, Jammu",PSYCHIATRY,"₹12,15,000*","₹45,560",0,₹0,507,-,-,-,-,442(1),-,-,-,-,-
JK Govt Quota,OBC,Jammu and Kashmir,"Govt Med Coll, Srinagar",GENERAL SURGERY,"₹35,750*","₹59,500",0*,₹0*,2150,-,-,-,-,467(1),-,-,-,-,-
JK Govt Quota,OM,Jammu and Kashmir,"Sher-I-Kashmir, Srinagar",HOSPITAL ADMINISTRATION,"₹11,000*","₹82,000",0*,₹0*,Info Not Available,-,-,580(2),-,-,-,-,469(1),-,-
JK Govt Quota,OBC,Jammu and Kashmir,"Gove Med Coll, Jammu",GENERAL MEDICINE,"₹25,000*","₹59,500",0*,₹0*,1700,-,-,-,-,274(1),475(1),-,-,-,-
JK Govt Quota,STK,Jammu and Kashmir,"Govt Med Coll, Srinagar",OBG,"₹35,750*","₹59,500",0*,₹0*,2150,-,-,-,-,317(1),477(1),-,-,-,-
JK Priv-Mgmt Quota,MQ,Jammu and Kashmir,"ASCOMS, Jammu",ANAESTHESIOLOGY,"₹12,15,000*","₹45,560",0,₹0,507,389(1),516(1),-,-,486(1),-,-,-,-,-
JK Govt Quota,ST-I,Jammu and Kashmir,"Gove Med Coll, Jammu",PAEDIATRICS,"₹25,000*","₹59,500",0*,₹0*,1700,-,-,-,-,306(1),492(1),-,-,-,-
JK Priv-Mgmt Quota,MQ,Jammu and Kashmir,"ASCOMS, Jammu",ENT,"₹12,15,000*","₹45,560",0,₹0,507,455(1),589(1),-,-,507(1),-,-,-,-,-
JK Govt Quota,STK,Jammu and Kashmir,"Govt Med Coll, Srinagar",GENERAL MEDICINE,"₹35,750*","₹59,500",0*,₹0*,2150,-,-,-,-,260(1),514(1),-,-,-,-
JK Priv-Hindu Min.,HM,Jammu and Kashmir,"ASCOMS, Jammu",PSYCHIATRY,"₹12,15,000*","₹45,560",0,₹0,507,-,549(1),-,-,-,524(1),-,-,-,-
JK Govt Quota,STL,Jammu and Kashmir,"Govt Med Coll, Srinagar",OBG,"₹35,750*","₹59,500",0*,₹0*,2150,-,-,-,-,371(1),535(1),-,-,-,-
JK Govt Quota,EWS,Jammu and Kashmir,"Govt Med Coll, Srinagar",PSYCHIATRY,"₹35,750*","₹59,500",0*,₹0*,2150,-,-,-,-,547(1),-,-,-,-,-
JK Govt Quota,OM,Jammu and Kashmir,"Gove Med Coll, Jammu",PATHOLOGY,"₹25,000*","₹59,500",0*,₹0*,1700,-,-,533(3),-,-,-,-,550(2),-,-
JK Govt Quota,EWS,Jammu and Kashmir,"Govt Med Coll, Srinagar",ORTHOPAEDICS,"₹35,750*","₹59,500",0*,₹0*,2150,-,-,-,-,559(1),-,-,-,-,-
JK Priv-Hindu Min.,HM,Jammu and Kashmir,"ASCOMS, Jammu",ANAESTHESIOLOGY,"₹12,15,000*","₹45,560",0,₹0,507,-,600(1),-,-,-,581(1),-,-,-,-
JK Govt Quota,OM,Jammu and Kashmir,"Sher-I-Kashmir, Srinagar",PATHOLOGY,"₹11,000*","₹82,000",0*,₹0*,Info Not Available,-,-,-,-,-,-,-,590(2),-,-
JK Govt Quota,OBC,Jammu and Kashmir,"Gove Med Coll, Jammu",ANAESTHESIOLOGY,"₹25,000*","₹59,500",0*,₹0*,1700,-,-,-,-,592(2),-,-,-,-,-
JK Govt Quota,EWS,Jammu and Kashmir,"Sher-I-Kashmir, Srinagar",RADIATION ONCOLOGY,"₹11,000*","₹82,000",0*,₹0*,Info Not Available,-,-,-,-,594(1),-,-,-,-,-
JK Govt Quota,CDP,Jammu and Kashmir,"Gove Med Coll, Jammu",PATHOLOGY,"₹25,000*","₹59,500",0*,₹0*,1700,-,-,-,-,-,-,-,605(1),-,-
JK Govt Quota,ST-I,Jammu and Kashmir,"Govt Med Coll, Srinagar",GENERAL SURGERY,"₹35,750*","₹59,500",0*,₹0*,2150,-,-,-,-,382(1),628(1),-,-,-,-
JK Govt Quota,ST-I,Jammu and Kashmir,"Sher-I-Kashmir, Srinagar",ANAESTHESIOLOGY,"₹11,000*","₹82,000",0*,₹0*,Info Not Available,-,-,-,-,632(1),-,-,-,-,-
JK Priv-NRI,NRI,Jammu and Kashmir,"ASCOMS, Jammu",GENERAL MEDICINE,"₹21,97,500*","₹45,560",0,₹0,507,-,642(1),-,-,-,641(1),-,-,-,-
JK Govt Quota,OM,Jammu and Kashmir,"Govt Med Coll, Srinagar",PATHOLOGY,"₹35,750*","₹59,500",0*,₹0*,2150,-,-,474(4),-,-,-,-,647(4),-,-
JK Govt Quota,STK,Jammu and Kashmir,"Govt Med Coll, Srinagar",PSYCHIATRY,"₹35,750*","₹59,500",0*,₹0*,2150,-,-,-,-,651(1),-,-,-,-,-
JK Govt Quota,OBC,Jammu and Kashmir,"Gove Med Coll, Jammu",ENT,"₹25,000*","₹59,500",0*,₹0*,1700,-,-,-,-,654(3),-,-,-,-,-
JK Govt Quota,OM,Jammu and Kashmir,"Sher-I-Kashmir, Srinagar",SPM,"₹11,000*","₹82,000",0*,₹0*,Info Not Available,-,-,485(1),-,-,-,-,659(1),-,-
JK Govt Quota,OM,Jammu and Kashmir,"Gove Med Coll, Jammu",IHBT,"₹25,000*","₹59,500",0*,₹0*,1700,-,-,400(1),-,-,-,-,690(2),-,-
JK Govt Quota,OBC,Jammu and Kashmir,"Govt Med Coll, Srinagar",RADIATION ONCOLOGY,"₹35,750*","₹59,500",0*,₹0*,2150,-,-,-,-,706(1),-,-,-,-,-
JK Govt Quota,SC,Jammu and Kashmir,"Gove Med Coll, Jammu",ORTHOPAEDICS,"₹25,000*","₹59,500",0*,₹0*,1700,395(2),423(1),644(1),-,552(1),713(1),-,-,-,-
JK Govt Quota,SC,Jammu and Kashmir,"Govt Med Coll, Srinagar",ENT,"₹35,750*","₹59,500",0*,₹0*,2150,-,-,-,-,731(2),-,-,-,-,-
JK Govt Quota,SC,Jammu and Kashmir,"Govt Med Coll, Srinagar",OPHTHALMOLOGY,"₹35,750*","₹59,500",0*,₹0*,2150,-,-,-,-,737(1),-,-,-,-,-
JK Govt Quota,ST-II,Jammu and Kashmir,"Govt Med Coll, Srinagar",PSYCHIATRY,"₹35,750*","₹59,500",0*,₹0*,2150,-,-,-,-,751(1),-,-,-,-,-
JK Govt Quota,OM,Jammu and Kashmir,"Govt Med Coll, Srinagar",SPM,"₹35,750*","₹59,500",0*,₹0*,2150,-,-,628(4),-,-,-,-,754(4),-,-
JK Govt Quota,ST-I,Jammu and Kashmir,"Govt Med Coll, Srinagar",OPHTHALMOLOGY,"₹35,750*","₹59,500",0*,₹0*,2150,-,-,-,-,769(1),770(1),-,-,-,-
JK Priv-NRI,NRI,Jammu and Kashmir,"ASCOMS, Jammu",GENERAL SURGERY,"₹21,97,500*","₹45,560",0,₹0,507,-,-,965(1),-,-,777(1),-,-,-,-
JK Govt Quota,OBC,Jammu and Kashmir,"Govt Med Coll, Srinagar",PSYCHIATRY,"₹35,750*","₹59,500",0*,₹0*,2150,-,-,-,-,791(1),-,-,-,-,-
JK Govt Quota,OM,Jammu and Kashmir,"Gove Med Coll, Jammu",SPM,"₹25,000*","₹59,500",0*,₹0*,1700,-,-,846(2),-,-,-,-,799(2),-,-
JK Govt Quota,OM,Jammu and Kashmir,"Sher-I-Kashmir, Srinagar",DIHBT,"₹11,000*","₹82,000",0*,₹0*,Info Not Available,472(1),-,879(1),-,-,-,-,801(1),-,-
JK Govt Quota,SC,Jammu and Kashmir,"Sher-I-Kashmir, Srinagar",ANAESTHESIOLOGY,"₹11,000*","₹82,000",0*,₹0*,Info Not Available,807(1),-,-,-,807(2),714(1),-,-,-,-
JK Govt Quota,OM,Jammu and Kashmir,"Sher-I-Kashmir, Srinagar",MICROBIOLOGY,"₹11,000*","₹82,000",0*,₹0*,Info Not Available,-,-,569(2),-,-,-,-,811(2),-,-
JK Govt Quota,OBC,Jammu and Kashmir,"Sher-I-Kashmir, Srinagar",ANAESTHESIOLOGY,"₹11,000*","₹82,000",0*,₹0*,Info Not Available,-,-,-,-,818(1),-,-,-,-,-
JK Govt Quota,ST-II,Jammu and Kashmir,"Govt Med Coll, Srinagar",OPHTHALMOLOGY,"₹35,750*","₹59,500",0*,₹0*,2150,-,-,-,-,649(1),822(1),-,-,-,-
JK Govt Quota,ST-I,Jammu and Kashmir,"Sher-I-Kashmir, Srinagar",OPHTHALMOLOGY,"₹11,000*","₹82,000",0*,₹0*,Info Not Available,-,-,-,-,492(1),828(1),-,-,-,-
JK Govt Quota,OBC,Jammu and Kashmir,"Gove Med Coll, Jammu",ORTHOPAEDICS,"₹25,000*","₹59,500",0*,₹0*,1700,-,-,-,-,475(2),829(1),-,-,-,-
JK Govt Quota,ALC/IB,Jammu and Kashmir,"Govt Med Coll, Srinagar",ANAESTHESIOLOGY,"₹35,750*","₹59,500",0*,₹0*,2150,892(1),903(1),-,-,832(1),-,-,-,-,-
JK Priv-Govt Quota,OM,Jammu and Kashmir,"ASCOMS, Jammu",PHARMACOLOGY,"₹12,15,000*","₹45,560",0,₹0,507,856(2),-,-,-,837(2),-,-,-,-,-
JK Priv-Mgmt Quota,MQ,Jammu and Kashmir,"ASCOMS, Jammu",PHARMACOLOGY,"₹12,15,000*","₹45,560",0,₹0,507,870(1),-,-,-,850(1),-,-,-,-,-
JK Govt Quota,OBC,Jammu and Kashmir,"Sher-I-Kashmir, Srinagar",HOSPITAL ADMINISTRATION,"₹11,000*","₹82,000",0*,₹0*,Info Not Available,-,-,-,-,867(1),-,-,-,-,-
JK Govt Quota,CDP,Jammu and Kashmir,"Sher-I-Kashmir, Srinagar",RADIATION ONCOLOGY,"₹11,000*","₹82,000",0*,₹0*,Info Not Available,-,-,-,-,880(1),-,-,-,-,-
JK Govt Quota,EWS,Jammu and Kashmir,"Govt Med Coll, Srinagar",ANAESTHESIOLOGY,"₹35,750*","₹59,500",0*,₹0*,2150,-,-,-,-,920(1),-,-,-,-,-
JK Govt Quota,OM,Jammu and Kashmir,"Govt Med Coll, Srinagar",MICROBIOLOGY,"₹35,750*","₹59,500",0*,₹0*,2150,-,-,881(7),-,-,-,-,929(7),-,-
JK Govt Quota,STL,Jammu and Kashmir,"Sher-I-Kashmir, Srinagar",GENERAL SURGERY,"₹11,000*","₹82,000",0*,₹0*,Info Not Available,-,-,-,-,164(1),932(1),-,-,-,-
JK Govt Quota,OM,Jammu and Kashmir,"Gove Med Coll, Jammu",MICROBIOLOGY,"₹25,000*","₹59,500",0*,₹0*,1700,-,-,884(1),-,-,-,-,945(1),-,-
JK Priv-NRI,NRI,Jammu and Kashmir,"ASCOMS, Jammu",OPHTHALMOLOGY,"₹21,97,500*","₹45,560",0,₹0,507,-,-,-,-,-,954(1),-,-,-,-
JK Govt Quota,ST-I,Jammu and Kashmir,"Gove Med Coll, Jammu",PATHOLOGY,"₹25,000*","₹59,500",0*,₹0*,1700,-,-,-,-,966(1),-,-,-,-,-
JK Priv-Govt Quota,OM,Jammu and Kashmir,"ASCOMS, Jammu",ANATOMY,"₹12,15,000*","₹45,560",0,₹0,507,751(2),-,-,-,983(2),-,-,-,-,-
JK Govt Quota,OM,Jammu and Kashmir,"Govt Med Coll, Srinagar",PHARMACOLOGY,"₹35,750*","₹59,500",0*,₹0*,2150,-,-,899(3),-,-,-,-,994(3),-,-
JK Govt Quota,ST-II,Jammu and Kashmir,"Sher-I-Kashmir, Srinagar",HOSPITAL ADMINISTRATION,"₹11,000*","₹82,000",0*,₹0*,Info Not Available,-,-,-,-,1017(1),-,-,-,-,-
JK Govt Quota,SC,Jammu and Kashmir,"Gove Med Coll, Jammu",SPM,"₹25,000*","₹59,500",0*,₹0*,1700,-,-,-,-,-,1026(1),-,-,-,-
JK Govt Quota,STL,Jammu and Kashmir,"Govt Med Coll, Srinagar",ORTHOPAEDICS,"₹35,750*","₹59,500",0*,₹0*,2150,-,-,-,-,617(2),1027(2),-,-,-,-
JK Priv-Mgmt Quota,MQ,Jammu and Kashmir,"ASCOMS, Jammu",ANATOMY,"₹12,15,000*","₹45,560",0,₹0,507,887(1),-,-,-,1037(1),-,-,-,-,-
JK Govt Quota,SC,Jammu and Kashmir,"Govt Med Coll, Srinagar",GENERAL SURGERY,"₹35,750*","₹59,500",0*,₹0*,2150,-,-,-,-,478(1),637(1),-,1040(1),-,-
JK Priv-Govt Quota,OM,Jammu and Kashmir,"ASCOMS, Jammu",PHYSIOLOGY,"₹12,15,000*","₹45,560",0,₹0,507,-,-,980(1),-,1050(2),-,-,-,-,-
JK Priv-Hindu Min.,HM,Jammu and Kashmir,"ASCOMS, Jammu",ENT,"₹12,15,000*","₹45,560",0,₹0,507,-,658(1),715(1),-,-,577(1),-,853(1),1053(1),-
JK Govt Quota,SC,Jammu and Kashmir,"Sher-I-Kashmir, Srinagar",HOSPITAL ADMINISTRATION,"₹11,000*","₹82,000",0*,₹0*,Info Not Available,-,-,-,-,1059(1),-,-,-,-,-
JK Priv-Mgmt Quota,MQ,Jammu and Kashmir,"ASCOMS, Jammu",PHYSIOLOGY,"₹12,15,000*","₹45,560",0,₹0,507,-,-,-,-,1061(1),-,-,-,-,-
JK Govt Quota,OBC,Jammu and Kashmir,"Gove Med Coll, Jammu",PATHOLOGY,"₹25,000*","₹59,500",0*,₹0*,1700,-,-,-,-,1079(1),-,-,-,-,-
JK Govt Quota,OM,Jammu and Kashmir,"Gove Med Coll, Jammu",PHARMACOLOGY,"₹25,000*","₹59,500",0*,₹0*,1700,-,-,963(2),-,-,-,-,1083(3),-,-
JK Govt Quota,OM,Jammu and Kashmir,"Govt Med Coll, Srinagar",PHYSIOLOGY,"₹35,750*","₹59,500",0*,₹0*,2150,-,-,931(4),-,69(1),-,-,1085(4),-,-
JK Govt Quota,ST-II,Jammu and Kashmir,"Sher-I-Kashmir, Srinagar",PATHOLOGY,"₹11,000*","₹82,000",0*,₹0*,Info Not Available,-,-,-,-,1085(1),-,-,-,-,-
JK Govt Quota,OM,Jammu and Kashmir,"Govt Med Coll, Srinagar",ANATOMY,"₹35,750*","₹59,500",0*,₹0*,2150,-,-,1017(6),1025(3),-,-,-,1115(6),1123(1),-
JK Govt Quota,OBC,Jammu and Kashmir,"Govt Med Coll, Srinagar",ANAESTHESIOLOGY,"₹35,750*","₹59,500",0*,₹0*,2150,-,-,-,-,928(2),-,-,-,-,1139(1)
JK Govt Quota,OM,Jammu and Kashmir,"Gove Med Coll, Jammu",PHYSIOLOGY,"₹25,000*","₹59,500",0*,₹0*,1700,-,-,981(3),-,-,-,-,1146(3),-,-
JK Govt Quota,OM,Jammu and Kashmir,"Gove Med Coll, Jammu",ANATOMY,"₹25,000*","₹59,500",0*,₹0*,1700,-,-,1033(1),-,-,-,-,1180(3),-,-
JK Priv-Mgmt Quota,MQ,Jammu and Kashmir,"ASCOMS, Jammu",BIOCHEMISTRY,"₹12,15,000*","₹45,560",0,₹0,507,-,-,-,-,-,-,-,-,-,1213(1)
JK Govt Quota,STL,Jammu and Kashmir,"Govt Med Coll, Srinagar",DERMATOLOGY,"₹35,750*","₹59,500",0*,₹0*,2150,42(1),-,-,-,-,-,-,-,-,-
JK Govt Quota,OM,Jammu and Kashmir,"Sher-I-Kashmir, Srinagar",DERMATOLOGY,"₹11,000*","₹82,000",0*,₹0*,Info Not Available,61(1),-,-,-,-,-,-,-,-,-
JK Govt Quota,RBA,Jammu and Kashmir,"Gove Med Coll, Jammu",OBG,"₹25,000*","₹59,500",0*,₹0*,1700,205(1),-,-,-,-,-,-,-,-,-
JK Govt Quota,OSC,Jammu and Kashmir,"Govt Med Coll, Srinagar",OBG,"₹35,750*","₹59,500",0*,₹0*,2150,212(1),-,-,-,-,-,-,-,-,-
JK Govt Quota,CDP,Jammu and Kashmir,"Gove Med Coll, Jammu",ENT,"₹25,000*","₹59,500",0*,₹0*,1700,231(2),-,-,-,-,-,-,-,-,-
JK Govt Quota,EWS,Jammu and Kashmir,"Govt Med Coll, Srinagar",OBG,"₹35,750*","₹59,500",0*,₹0*,2150,273(1),-,-,-,-,-,-,-,-,-
JK Govt Quota,RBA,Jammu and Kashmir,"Gove Med Coll, Jammu",OPHTHALMOLOGY,"₹25,000*","₹59,500",0*,₹0*,1700,229(1),274(1),-,-,-,-,-,-,-,-
JK Govt Quota,RBA,Jammu and Kashmir,"Sher-I-Kashmir, Srinagar",ANAESTHESIOLOGY,"₹11,000*","₹82,000",0*,₹0*,Info Not Available,281(3),229(1),-,-,-,-,-,-,-,-
JK Govt Quota,OM,Jammu and Kashmir,"Sher-I-Kashmir, Srinagar",RADIATION ONCOLOGY,"₹11,000*","₹82,000",0*,₹0*,Info Not Available,-,-,294(1),-,-,-,-,-,-,-
JK Govt Quota,RBA,Jammu and Kashmir,"Gove Med Coll, Jammu",ANAESTHESIOLOGY,"₹25,000*","₹59,500",0*,₹0*,1700,329(1),-,-,-,-,-,-,-,-,-
JK Govt Quota,PSP,Jammu and Kashmir,"Govt Med Coll, Srinagar",ORTHOPAEDICS,"₹35,750*","₹59,500",0*,₹0*,2150,341(1),-,-,-,-,-,-,-,-,-
JK Govt Quota,OSC,Jammu and Kashmir,"Govt Med Coll, Srinagar",OPHTHALMOLOGY,"₹35,750*","₹59,500",0*,₹0*,2150,388(1),-,-,-,-,-,-,-,-,-
JK Govt Quota,RBA,Jammu and Kashmir,"Govt Med Coll, Srinagar",ANAESTHESIOLOGY,"₹35,750*","₹59,500",0*,₹0*,2150,443(8),300(2),-,-,-,-,-,-,-,-
JK Govt Quota,OSC,Jammu and Kashmir,"Sher-I-Kashmir, Srinagar",ORTHOPAEDICS,"₹11,000*","₹82,000",0*,₹0*,Info Not Available,459(1),-,-,-,-,-,-,-,-,-
JK Govt Quota,CDP,Jammu and Kashmir,"Sher-I-Kashmir, Srinagar",PATHOLOGY,"₹11,000*","₹82,000",0*,₹0*,Info Not Available,-,471(1),-,-,-,-,-,-,-,-
JK Govt Quota,ALC/IB,Jammu and Kashmir,"Sher-I-Kashmir, Srinagar",PSYCHIATRY,"₹11,000*","₹82,000",0*,₹0*,Info Not Available,493(1),-,-,-,-,-,-,-,-,-
JK Govt Quota,CDP,Jammu and Kashmir,"Govt Med Coll, Srinagar",PATHOLOGY,"₹35,750*","₹59,500",0*,₹0*,2150,499(1),530(1),-,-,-,-,-,-,-,-
JK Govt Quota,OSC,Jammu and Kashmir,"Govt Med Coll, Srinagar",GENERAL SURGERY,"₹35,750*","₹59,500",0*,₹0*,2150,557(2),-,-,-,-,-,-,-,-,-
JK Govt Quota,STK,Jammu and Kashmir,"Govt Med Coll, Srinagar",ENT,"₹35,750*","₹59,500",0*,₹0*,2150,569(1),-,-,-,-,-,-,-,-,-
JK Govt Quota,PSP,Jammu and Kashmir,"Gove Med Coll, Jammu",ANAESTHESIOLOGY,"₹25,000*","₹59,500",0*,₹0*,1700,577(1),-,-,-,-,-,-,-,-,-
JK Govt Quota,RBA,Jammu and Kashmir,"Sher-I-Kashmir, Srinagar",RADIATION ONCOLOGY,"₹11,000*","₹82,000",0*,₹0*,Info Not Available,596(2),-,-,-,-,-,-,-,-,-
JK Govt Quota,STK,Jammu and Kashmir,"Govt Med Coll, Srinagar",OPHTHALMOLOGY,"₹35,750*","₹59,500",0*,₹0*,2150,555(2),603(1),-,-,-,-,-,-,-,-
JK Govt Quota,RBA,Jammu and Kashmir,"Gove Med Coll, Jammu",PATHOLOGY,"₹25,000*","₹59,500",0*,₹0*,1700,610(1),534(1),-,-,-,-,-,-,-,-
JK Govt Quota,PSP,Jammu and Kashmir,"Gove Med Coll, Jammu",ENT,"₹25,000*","₹59,500",0*,₹0*,1700,617(1),-,-,-,-,-,-,-,-,-
JK Govt Quota,SC,Jammu and Kashmir,"Sher-I-Kashmir, Srinagar",ORTHOPAEDICS,"₹11,000*","₹82,000",0*,₹0*,Info Not Available,406(1),627(1),-,-,-,-,-,-,-,-
JK Govt Quota,ST,Jammu and Kashmir,"Gove Med Coll, Jammu",OPHTHALMOLOGY,"₹25,000*","₹59,500",0*,₹0*,1700,572(1),628(1),-,-,-,-,-,-,-,-
JK Govt Quota,ST,Jammu and Kashmir,"Gove Med Coll, Jammu",PAEDIATRICS,"₹25,000*","₹59,500",0*,₹0*,1700,200(1),466(1),635(1),-,-,-,-,-,-,-
JK Govt Quota,STL,Jammu and Kashmir,"Gove Med Coll, Jammu",ENT,"₹25,000*","₹59,500",0*,₹0*,1700,637(1),-,-,-,-,-,-,-,-,-
JK Govt Quota,SC,Jammu and Kashmir,"Sher-I-Kashmir, Srinagar",RADIATION ONCOLOGY,"₹11,000*","₹82,000",0*,₹0*,Info Not Available,645(1),-,-,-,-,-,-,-,-,-
JK Govt Quota,SC,Jammu and Kashmir,"Govt Med Coll, Srinagar",PSYCHIATRY,"₹35,750*","₹59,500",0*,₹0*,2150,591(2),645(1),-,-,-,-,-,-,-,-
JK Govt Quota,PSP-P,Jammu and Kashmir,"Govt Med Coll, Srinagar",PSYCHIATRY,"₹35,750*","₹59,500",0*,₹0*,2150,647(1),-,-,-,-,-,-,-,-,-
JK Govt Quota,SP,Jammu and Kashmir,"Gove Med Coll, Jammu",PATHOLOGY,"₹25,000*","₹59,500",0*,₹0*,1700,651(2),571(1),-,-,-,-,-,-,-,-
JK Govt Quota,ST,Jammu and Kashmir,"Sher-I-Kashmir, Srinagar",GENERAL SURGERY,"₹11,000*","₹82,000",0*,₹0*,Info Not Available,466(1),512(1),681(1),-,-,-,-,-,-,-
JK Govt Quota,RBA,Jammu and Kashmir,"Sher-I-Kashmir, Srinagar",PATHOLOGY,"₹11,000*","₹82,000",0*,₹0*,Info Not Available,681(2),622(2),180(1),-,-,-,-,-,-,-
JK Govt Quota,ST,Jammu and Kashmir,"Govt Med Coll, Srinagar",ORTHOPAEDICS,"₹35,750*","₹59,500",0*,₹0*,2150,535(1),-,706(1),-,-,-,-,-,-,-
JK Govt Quota,RBA,Jammu and Kashmir,"Sher-I-Kashmir, Srinagar",SPM,"₹11,000*","₹82,000",0*,₹0*,Info Not Available,740(1),-,-,-,-,-,-,-,-,-
JK Govt Quota,PSP,Jammu and Kashmir,"Govt Med Coll, Srinagar",ANAESTHESIOLOGY,"₹35,750*","₹59,500",0*,₹0*,2150,745(1),-,-,-,-,-,-,-,-,-
JK Govt Quota,RBA,Jammu and Kashmir,"Govt Med Coll, Srinagar",RADIATION ONCOLOGY,"₹35,750*","₹59,500",0*,₹0*,2150,457(1),-,763(1),-,-,-,-,-,-,-
JK Govt Quota,RBA,Jammu and Kashmir,"Gove Med Coll, Jammu",SPM,"₹25,000*","₹59,500",0*,₹0*,1700,-,781(1),-,-,-,-,-,-,-,-
JK Govt Quota,EWS,Jammu and Kashmir,"Sher-I-Kashmir, Srinagar",ANAESTHESIOLOGY,"₹11,000*","₹82,000",0*,₹0*,Info Not Available,790(1),-,-,-,-,-,-,-,-,-
JK Govt Quota,EWS,Jammu and Kashmir,"Govt Med Coll, Srinagar",GENERAL SURGERY,"₹35,750*","₹59,500",0*,₹0*,2150,-,790(1),-,-,-,-,-,-,-,-
JK Govt Quota,SC,Jammu and Kashmir,"Sher-I-Kashmir, Srinagar",GENERAL SURGERY,"₹11,000*","₹82,000",0*,₹0*,Info Not Available,296(2),792(2),-,-,-,-,-,-,-,-
JK Govt Quota,ST,Jammu and Kashmir,"Govt Med Coll, Srinagar",ANAESTHESIOLOGY,"₹35,750*","₹59,500",0*,₹0*,2150,805(2),794(1),-,-,-,-,-,-,-,-
JK Govt Quota,ST,Jammu and Kashmir,"Gove Med Coll, Jammu",ANAESTHESIOLOGY,"₹25,000*","₹59,500",0*,₹0*,1700,628(1),805(1),-,-,-,-,-,-,-,-
JK Govt Quota,STK,Jammu and Kashmir,"Sher-I-Kashmir, Srinagar",GENERAL SURGERY,"₹11,000*","₹82,000",0*,₹0*,Info Not Available,369(1),838(1),-,-,-,-,-,-,-,-
JK Govt Quota,EWS,Jammu and Kashmir,"Gove Med Coll, Jammu",GENERAL SURGERY,"₹25,000*","₹59,500",0*,₹0*,1700,-,-,887(1),-,-,-,-,-,-,-
JK Govt Quota,OSC,Jammu and Kashmir,"Gove Med Coll, Jammu",PATHOLOGY,"₹25,000*","₹59,500",0*,₹0*,1700,895(1),-,-,-,-,-,-,-,-,-
JK Govt Quota,STL,Jammu and Kashmir,"Govt Med Coll, Srinagar",ENT,"₹35,750*","₹59,500",0*,₹0*,2150,506(1),900(1),-,-,-,-,-,-,-,-
JK Govt Quota,SC,Jammu and Kashmir,"Gove Med Coll, Jammu",PHARMACOLOGY,"₹25,000*","₹59,500",0*,₹0*,1700,901(1),-,-,-,-,-,-,-,-,-
JK Govt Quota,ST,Jammu and Kashmir,"Sher-I-Kashmir, Srinagar",ANAESTHESIOLOGY,"₹11,000*","₹82,000",0*,₹0*,Info Not Available,794(4),902(1),-,-,-,-,-,-,-,-
JK Govt Quota,ALC/IB,Jammu and Kashmir,"Gove Med Coll, Jammu",SPM,"₹25,000*","₹59,500",0*,₹0*,1700,903(1),-,-,-,-,-,-,-,-,-
JK Govt Quota,SC,Jammu and Kashmir,"Govt Med Coll, Srinagar",ORTHOPAEDICS,"₹35,750*","₹59,500",0*,₹0*,2150,545(2),640(1),920(1),-,-,-,-,-,-,-
JK Priv-NRI,NRI,Jammu and Kashmir,"ASCOMS, Jammu",PSYCHIATRY,"₹21,97,500*","₹45,560",0,₹0,507,-,-,933(1),-,-,-,-,-,-,-
JK Govt Quota,RBA,Jammu and Kashmir,"Sher-I-Kashmir, Srinagar",HOSPITAL ADMINISTRATION,"₹11,000*","₹82,000",0*,₹0*,Info Not Available,267(1),-,952(1),-,-,-,-,-,-,-
JK Govt Quota,OSC,Jammu and Kashmir,"Gove Med Coll, Jammu",IHBT,"₹25,000*","₹59,500",0*,₹0*,1700,-,-,964(1),-,-,-,-,-,-,-
JK Govt Quota,SC,Jammu and Kashmir,"Gove Med Coll, Jammu",PHYSIOLOGY,"₹25,000*","₹59,500",0*,₹0*,1700,-,-,1003(1),-,-,-,-,-,-,-
JK Govt Quota,STK,Jammu and Kashmir,"Govt Med Coll, Srinagar",DDVL,"₹28,188*","₹59,500",0*,₹0*,2150,603(1),-,1019(1),-,-,-,-,-,-,-
JK Govt Quota,RBA,Jammu and Kashmir,"Sher-I-Kashmir, Srinagar",MICROBIOLOGY,"₹11,000*","₹82,000",0*,₹0*,Info Not Available,-,-,1027(1),-,-,-,-,-,-,-