Quota,Category,State,Institute,Course,Fee,Stipend Year 1,Bond Years,Bond Penalty,Beds,CR 2023 1
RIMS Grad-Sikkim,UR,Manipur,"RIMS, Imphal",OPHTHALMOLOGY,"₹5,000*","₹1,06,380",1*,"₹20,00,000*",1074,1(1)
RIMS Spons-Megha.,ST,Manipur,"RIMS, Imphal",GENERAL MEDICINE,"₹5,000*","₹1,06,380",0*,₹0*,1074,1(1)
RIMS Spons-Sikkim,SC,Manipur,"RIMS, Imphal",OBG,"₹5,000*","₹1,06,380",0*,₹0*,1074,1(1)
RIMS Grad-Nagal.,ST,Manipur,"RIMS, Imphal",OBG,"₹5,000*","₹1,06,380",1*,"₹20,00,000*",1074,1(1)
RIMS Spons-Tripura,UR,Manipur,"RIMS, Imphal",OPHTHALMOLOGY,"₹5,000*","₹1,06,380",0*,₹0*,1074,1(1)
RIMS Grad-Megha.,ST,Manipur,"RIMS, Imphal",GENERAL MEDICINE,"₹5,000*","₹1,06,380",1*,"₹20,00,000*",1074,1(1)
RIMS Spons-Mizor.,ST,Manipur,"RIMS, Imphal",RADIO DIAGNOSIS,"₹5,000*","₹1,06,380",0*,₹0*,1074,1(1)
RIMS Grad-Manip.,OBC,Manipur,"RIMS, Imphal",PAEDIATRICS,"₹5,000*","₹1,06,380",1*,"₹20,00,000*",1074,1(1)
RIMS Grad-AIQGrad,UR,Manipur,"RIMS, Imphal",DERMATOLOGY,"₹5,000*","₹1,06,380",1*,"₹20,00,000*",1074,1(1)
RIMS Spons-Nagal.,ST,Manipur,"RIMS, Imphal",GENERAL MEDICINE,"₹5,000*","₹1,06,380",0*,₹0*,1074,1(1)
RIMS Grad-Aru.Pra,ST,Manipur,"RIMS, Imphal",GENERAL MEDICINE,"₹5,000*","₹1,06,380",1*,"₹20,00,000*",1074,1(1)
RIMS Grad-Aru.Pra,ST,Manipur,"RIMS, Imphal",ENT,"₹5,000*","₹1,06,380",1*,"₹20,00,000*",1074,2(1)
RIMS Grad-Sikkim,OBC,Manipur,"RIMS, Imphal",ANAESTHESIOLOGY,"₹5,000*","₹1,06,380",1*,"₹20,00,000*",1074,2(1)
RIMS Spons-Tripura,ST,Manipur,"RIMS, Imphal",PAEDIATRICS,"₹5,000*","₹1,06,380",0*,₹0*,1074,2(1)
RIMS Grad-Manip.,OBC,Manipur,"RIMS, Imphal",GENERAL MEDICINE,"₹5,000*","₹1,06,380",1*,"₹20,00,000*",1074,2(1)
RIMS Grad-Nagal.,ST,Manipur,"RIMS, Imphal",GENERAL SURGERY,"₹5,000*","₹1,06,380",1*,"₹20,00,000*",1074,2(1)
RIMS Spons-Sikkim,OBC,Manipur,"RIMS, Imphal",ANAESTHESIOLOGY,"₹5,000*","₹1,06,380",0*,₹0*,1074,2(1)
RIMS Grad-Tripura,UR,Manipur,"RIMS, Imphal",ORTHOPAEDICS,"₹5,000*","₹1,06,380",1*,"₹20,00,000*",1074,2(1)
RIMS Spons-Nagal.,ST,Manipur,"RIMS, Imphal",OBG,"₹5,000*","₹1,06,380",0*,₹0*,1074,2(1)
RIMS Spons-Mizor.,ST,Manipur,"RIMS, Imphal",GENERAL MEDICINE,"₹5,000*","₹1,06,380",0*,₹0*,1074,2(1)
RIMS Grad-Mizor.,ST,Manipur,"RIMS, Imphal",OBG,"₹5,000*","₹1,06,380",1*,"₹20,00,000*",1074,2(1)
RIMS Grad-Megha.,ST,Manipur,"RIMS, Imphal",GENERAL SURGERY,"₹5,000*","₹1,06,380",1*,"₹20,00,000*",1074,3(1)
RIMS Grad-Mizor.,ST,Manipur,"RIMS, Imphal",GENERAL SURGERY,"₹5,000*","₹1,06,380",1*,"₹20,00,000*",1074,3(1)
RIMS Spons-Megha.,ST,Manipur,"RIMS, Imphal",ANAESTHESIOLOGY,"₹5,000*","₹1,06,380",0*,₹0*,1074,3(1)
RIMS Spons-Tripura,ST,Manipur,"RIMS, Imphal",GENERAL MEDICINE,"₹5,000*","₹1,06,380",0*,₹0*,1074,3(1)
RIMS Spons-Nagal.,ST,Manipur,"RIMS, Imphal",ENT,"₹5,000*","₹1,06,380",0*,₹0*,1074,3(1)
RIMS Spons-Aru.Pra,ST,Manipur,"RIMS, Imphal",ORTHOPAEDICS,"₹5,000*","₹1,06,380",0*,₹0*,1074,4(1)
RIMS Spons-Nagal.,ST,Manipur,"RIMS, Imphal",ANAESTHESIOLOGY,"₹5,000*","₹1,06,380",0*,₹0*,1074,4(1)
RIMS Spons-Tripura,ST,Manipur,"RIMS, Imphal",ANAESTHESIOLOGY,"₹5,000*","₹1,06,380",0*,₹0*,1074,4(1)
RIMS Grad-Tripura,OBC,Manipur,"RIMS, Imphal",ANAESTHESIOLOGY,"₹5,000*","₹1,06,380",1*,"₹20,00,000*",1074,5(1)
RIMS Spons-Nagal.,ST,Manipur,"RIMS, Imphal",RADIATION ONCOLOGY,"₹5,000*","₹1,06,380",0*,₹0*,1074,5(1)
RIMS Open-BenfStates,UR,Manipur,"RIMS, Imphal",RADIO DIAGNOSIS,"₹5,000*","₹1,06,380",1*,"₹20,00,000*",1074,5(2)
RIMS Spons-Megha.,ST,Manipur,"RIMS, Imphal",OBG,"₹5,000*","₹1,06,380",0*,₹0*,1074,5(1)
RIMS Spons-Manip.,OBC M,Manipur,"RIMS, Imphal",ORTHOPAEDICS,"₹5,000*","₹1,06,380",0*,₹0*,1074,5(1)
RIMS Grad-AIQGrad,OBC,Manipur,"RIMS, Imphal",GENERAL SURGERY,"₹5,000*","₹1,06,380",1*,"₹20,00,000*",1074,6(1)
RIMS Spons-Megha.,ST,Manipur,"RIMS, Imphal",GENERAL SURGERY,"₹5,000*","₹1,06,380",0*,₹0*,1074,6(1)
RIMS Spons-Aru.Pra,ST,Manipur,"RIMS, Imphal",ANAESTHESIOLOGY,"₹5,000*","₹1,06,380",0*,₹0*,1074,6(1)
RIMS Spons-Manip.,ST,Manipur,"RIMS, Imphal",OBG,"₹5,000*","₹1,06,380",0*,₹0*,1074,7(1)
RIMS Spons-Manip.,SC,Manipur,"RIMS, Imphal",GENERAL SURGERY,"₹5,000*","₹1,06,380",0*,₹0*,1074,10(1)
RIMS Spons-Megha.,ST,Manipur,"RIMS, Imphal",PSYCHIATRY,"₹5,000*","₹1,06,380",0*,₹0*,1074,10(1)
RIMS Spons-Manip.,OBC M,Manipur,"RIMS, Imphal",PMR,"₹5,000*","₹1,06,380",0*,₹0*,1074,11(1)
NonRIMS-NEGrad,OBC,Manipur,"RIMS, Imphal",OPHTHALMOLOGY,"₹5,000*","₹1,06,380",1*,"₹20,00,000*",1074,11(1)
RIMS Spons-Megha.,ST,Manipur,"RIMS, Imphal",ORTHOPAEDICS,"₹5,000*","₹1,06,380",0*,₹0*,1074,11(1)
RIMS Open-BenfStates,OBC,Manipur,"RIMS, Imphal",TBRD,"₹5,000*","₹1,06,380",1*,"₹20,00,000*",1074,14(2)
RIMS Spons-Manip.,ST,Manipur,"RIMS, Imphal",PATHOLOGY,"₹5,000*","₹1,06,380",0*,₹0*,1074,21(1)
RIMS Spons-Megha.,ST,Manipur,"RIMS, Imphal",SPM,"₹5,000*","₹1,06,380",0*,₹0*,1074,21(1)
RIMS Spons-Manip.,ST,Manipur,"RIMS, Imphal",ANAESTHESIOLOGY,"₹5,000*","₹1,06,380",0*,₹0*,1074,22(1)
RIMS Open-BenfStates,OBC,Manipur,"RIMS, Imphal",ANAESTHESIOLOGY,"₹5,000*","₹1,06,380",1*,"₹20,00,000*",1074,28(2)
NonRIMS-NEGrad,UR,Manipur,"RIMS, Imphal",PATHOLOGY,"₹5,000*","₹1,06,380",0*,₹0*,1074,32(1)
NonRIMS-NEGrad,OBC,Manipur,"RIMS, Imphal",PHYSIOLOGY,"₹5,000*","₹1,06,380",0*,₹0*,1074,48(1)
NonRIMS-NEGrad,OBC,Manipur,"RIMS, Imphal",PHYSIOLOGY,"₹5,000*","₹1,06,380",0*,₹0*,1074,48(1)
RIMS Spons-Manip.,ST,Manipur,"RIMS, Imphal",TRANSFUSION MEDICINE,-,-,-,-,1074,57(1)
NonRIMS-NEGrad,OBC,Manipur,"RIMS, Imphal",MICROBIOLOGY,"₹5,000*","₹1,06,380",0*,₹0*,1074,60(1)
NonRIMS-NEGrad,OBC,Manipur,"RIMS, Imphal",BIOCHEMISTRY,"₹5,000*","₹1,06,380",0*,₹0*,1074,62(1)