Quota,Category,State,Institute,Course,Fee,Stipend Year 1,Bond Years,Bond Penalty,Beds,CR 2023 1,CR 2023 2,CR 2023 3,CR 2023 4,CR 2024 1,CR 2024 2,CR 2024 3,CR 2024 4,CR 2024 5
Tripura Govt Quota,UR,Tripura,"Agartala Med Coll, Agartala",FORENSIC MEDICINE,"₹1,50,000*","₹55,200*",1*,"₹35,00,000*",580,-,-,-,41(1),-,-,74(1),-,-
Tripura Govt Quota,ST,Tripura,"Agartala Med Coll, Agartala",ORTHOPAEDICS,"₹1,50,000*","₹55,200*",1*,"₹50,00,000*",580,52(1),-,-,-,58(1),60(1),75(1),-,-
Tripura Govt Quota,UR,Tripura,"Tripura Med Coll, Agartala",PATHOLOGY,"₹15,00,000*","₹55,200",3*,"₹50,00,000*",490,-,-,-,-,115(1),-,76(1),-,-
Tripura Govt Quota,UR,Tripura,"Agartala Med Coll, Agartala",BIOCHEMISTRY,"₹1,50,000*","₹55,200*",1*,"₹35,00,000*",580,50(1),43(1),-,49(1),99(1),-,79(1),55(1),-
Tripura Govt Quota,ST,Tripura,"Agartala Med Coll, Agartala",ANAESTHESIOLOGY,"₹1,50,000*","₹55,200*",1*,"₹50,00,000*",580,56(1),33(1),42(1),-,98(1),84(1),81(1),-,-
Tripura DNB Serv,UR,Tripura,"IGM Hospital, Agartala",DGO(NBEMS),"₹1,25,000","₹42,000*",Info Not Available,Info not available,Info Not Available,46(1),-,38(2),-,76(1),-,82(1),-,-
Tripura Govt Quota,UR,Tripura,"Agartala Med Coll, Agartala",SPM,"₹1,50,000*","₹55,200*",1*,"₹35,00,000*",580,23(1),32(1),-,40(1),63(1),-,83(2),54(2),4(1)
Tripura DNB Serv,UR,Tripura,"IGM Hospital, Agartala",DFAM(NBEMS),"₹1,25,000","₹42,000*",Info Not Available,Info not available,Info Not Available,-,-,48(2),-,-,-,84(1),-,-
Tripura DNB Serv,UR,Tripura,"IGM Hospital, Agartala",DO(NBEMS),"₹1,25,000","₹42,000*",Info Not Available,Info not available,Info Not Available,-,-,39(1),-,-,-,85(1),-,-
Tripura DNB Serv,ST,Tripura,"IGM Hospital, Agartala",DO(NBEMS),"₹1,25,000","₹42,000*",Info Not Available,Info not available,Info Not Available,-,-,-,-,-,-,95(1),-,-
Tripura Govt Quota,UR,Tripura,"Agartala Med Coll, Agartala",PHYSIOLOGY,"₹1,50,000*","₹55,200*",1*,"₹35,00,000*",580,-,-,-,-,-,-,97(1),-,-
Tripura DNB Serv,SC,Tripura,"IGM Hospital, Agartala",DCH(NBEMS),"₹1,25,000","₹42,000*",Info Not Available,Info not available,Info Not Available,-,-,-,-,-,-,100(1),-,-
Tripura DNB Serv,ST,Tripura,"IGM Hospital, Agartala",DGO(NBEMS),"₹1,25,000","₹42,000*",Info Not Available,Info not available,Info Not Available,-,-,43(1),-,-,-,102(1),-,-
Tripura Govt Quota,UR,Tripura,"Agartala Med Coll, Agartala",ANATOMY,"₹1,50,000*","₹55,200*",1*,"₹35,00,000*",580,73(1),-,-,-,111(1),-,107(1),-,-
Tripura Govt Quota,UR,Tripura,"Agartala Med Coll, Agartala",GENERAL MEDICINE,"₹1,50,000*","₹55,200*",1*,"₹50,00,000*",580,7(3),-,-,-,2(2),2(1),-,-,-
Tripura Govt Quota,UR,Tripura,"Agartala Med Coll, Agartala",RADIO DIAGNOSIS,"₹1,50,000*","₹55,200*",1*,"₹50,00,000*",580,4(2),1(1),3(1),-,4(1),3(1),-,-,-
Tripura DNB Serv,SC,Tripura,"IGM Hospital, Agartala",DFAM(NBEMS),"₹1,25,000","₹42,000*",Info Not Available,Info not available,Info Not Available,-,-,-,-,-,-,-,-,5(1)
Tripura Mgmt Quota,UR,Tripura,"Tripura Med Coll, Agartala",PHARMACOLOGY,"₹8,00,000*","₹55,200",3*,"₹50,00,000*",490,-,-,-,-,-,-,-,-,6(1)
Tripura Govt Quota,UR,Tripura,"Agartala Med Coll, Agartala",PAEDIATRICS,"₹1,50,000*","₹55,200*",1*,"₹50,00,000*",580,2(1),-,-,-,6(1),7(1),-,-,-
Tripura DNB Serv,ST,Tripura,"IGM Hospital, Agartala",DFAM(NBEMS),"₹1,25,000","₹42,000*",Info Not Available,Info not available,Info Not Available,-,-,51(1),-,-,-,-,-,7(1)
Tripura Govt Quota,UR,Tripura,"Agartala Med Coll, Agartala",OBG,"₹1,50,000*","₹55,200*",1*,"₹50,00,000*",580,9(1),-,-,-,3(1),8(1),-,-,-
Tripura Govt Quota,EWS,Tripura,"Agartala Med Coll, Agartala",GENERAL MEDICINE,"₹1,50,000*","₹55,200*",1*,"₹50,00,000*",580,-,-,-,-,7(1),14(1),-,-,-
Tripura Govt Quota,EWS,Tripura,"Agartala Med Coll, Agartala",OBG,"₹1,50,000*","₹55,200*",1*,"₹50,00,000*",580,-,-,-,-,24(1),25(1),-,-,-
Tripura Govt Quota,UR,Tripura,"Agartala Med Coll, Agartala",ENT,"₹1,50,000*","₹55,200*",1*,"₹50,00,000*",580,16(1),6(1),-,-,19(1),31(1),-,-,-
Tripura Govt Quota,UR,Tripura,"Agartala Med Coll, Agartala",PSYCHIATRY,"₹1,50,000*","₹55,200*",1*,"₹50,00,000*",580,20(1),-,-,-,30(1),32(1),-,-,-
Tripura Govt Quota,SC,Tripura,"Agartala Med Coll, Agartala",GENERAL MEDICINE,"₹1,50,000*","₹55,200*",1*,"₹50,00,000*",580,30(1),10(1),-,-,29(2),33(2),-,-,-
Tripura Govt Quota,SC,Tripura,"Agartala Med Coll, Agartala",OBG,"₹1,50,000*","₹55,200*",1*,"₹50,00,000*",580,32(1),-,-,-,35(1),36(1),-,-,-
Tripura Govt Quota,SC,Tripura,"Agartala Med Coll, Agartala",RADIO DIAGNOSIS,"₹1,50,000*","₹55,200*",1*,"₹50,00,000*",580,-,-,-,-,8(1),37(1),-,-,-
Tripura Mgmt Quota,UR,Tripura,"Tripura Med Coll, Agartala",ENT,"₹18,65,000*","₹55,200",3*,"₹50,00,000*",490,69(1),47(1),-,-,-,-,-,43(1),-
Tripura Govt Quota,UR,Tripura,"Agartala Med Coll, Agartala",RADIATION ONCOLOGY,"₹1,50,000*","₹55,200*",1*,"₹50,00,000*",580,-,-,-,-,46(1),34(1),-,-,-
Tripura Govt Quota,ST,Tripura,"Agartala Med Coll, Agartala",GENERAL MEDICINE,"₹1,50,000*","₹55,200*",1*,"₹50,00,000*",580,38(1),24(1),-,-,47(1),35(1),-,-,-
Tripura Mgmt Quota,UR,Tripura,"Tripura Med Coll, Agartala",GENERAL MEDICINE,"₹23,65,500*","₹55,200",3*,"₹50,00,000*",490,-,-,-,-,49(1),-,-,-,-
Tripura Govt Quota,ST,Tripura,"Agartala Med Coll, Agartala",OBG,"₹1,50,000*","₹55,200*",1*,"₹50,00,000*",580,-,-,-,-,51(1),-,-,-,-
Tripura Govt Quota,UR,Tripura,"Tripura Med Coll, Agartala",GENERAL MEDICINE,"₹23,65,500*","₹55,200",3*,"₹50,00,000*",490,-,-,-,-,32(1),55(1),-,-,-
Tripura Govt Quota,EWS,Tripura,"Agartala Med Coll, Agartala",OPHTHALMOLOGY,"₹1,50,000*","₹55,200*",1*,"₹50,00,000*",580,-,-,-,-,39(1),57(1),-,-,-
Tripura Govt Quota,UR,Tripura,"Tripura Med Coll, Agartala",OPHTHALMOLOGY,"₹18,65,000*","₹55,200",3*,"₹50,00,000*",490,-,-,-,-,-,-,-,57(1),-
Tripura Govt Quota,UR,Tripura,"Agartala Med Coll, Agartala",PATHOLOGY,"₹1,50,000*","₹55,200*",1*,"₹35,00,000*",580,-,-,-,-,59(1),-,-,-,-
Tripura Govt Quota,SC,Tripura,"Agartala Med Coll, Agartala",PATHOLOGY,"₹1,50,000*","₹55,200*",1*,"₹35,00,000*",580,61(1),-,-,-,-,-,-,63(1),-
Tripura Govt Quota,UR,Tripura,"Tripura Med Coll, Agartala",ENT,"₹18,65,000*","₹55,200",3*,"₹50,00,000*",490,71(1),-,-,-,73(1),-,-,-,-
Tripura Mgmt Quota,UR,Tripura,"Tripura Med Coll, Agartala",OPHTHALMOLOGY,"₹18,65,000*","₹55,200",3*,"₹50,00,000*",490,-,-,-,-,60(1),83(1),-,-,-
Tripura DNB Serv,UR,Tripura,"IGM Hospital, Agartala",DCH(NBEMS),"₹1,25,000","₹42,000*",Info Not Available,Info not available,Info Not Available,51(1),-,-,-,88(1),-,-,-,-
Tripura Govt Quota,ST,Tripura,"Agartala Med Coll, Agartala",PSYCHIATRY,"₹1,50,000*","₹55,200*",1*,"₹50,00,000*",580,-,-,-,-,97(1),-,-,-,-
Tripura Govt Quota,ST,Tripura,"Agartala Med Coll, Agartala",RADIATION ONCOLOGY,"₹1,50,000*","₹55,200*",1*,"₹50,00,000*",580,-,-,-,-,110(1),82(1),-,-,-
Tripura Govt Quota,UR,Tripura,"Agartala Med Coll, Agartala",PHARMACOLOGY,"₹1,50,000*","₹55,200*",1*,"₹35,00,000*",580,-,-,-,55(1),119(1),-,-,-,-
Tripura Govt Quota,SC,Tripura,"Agartala Med Coll, Agartala",BIOCHEMISTRY,"₹1,50,000*","₹55,200*",1*,"₹35,00,000*",580,78(1),-,-,-,138(1),-,-,-,-
Tripura Govt Quota,ST,Tripura,"Tripura Med Coll, Agartala",OPHTHALMOLOGY,"₹18,65,000*","₹55,200",3*,"₹50,00,000*",490,-,-,-,-,142(1),-,-,-,-
Tripura Govt Quota,SC,Tripura,"Agartala Med Coll, Agartala",PHARMACOLOGY,"₹1,50,000*","₹55,200*",1*,"₹35,00,000*",580,-,-,-,-,144(1),-,-,-,-
Tripura Govt Quota,ST,Tripura,"Agartala Med Coll, Agartala",SPM,"₹1,50,000*","₹55,200*",1*,"₹35,00,000*",580,-,-,-,-,146(1),-,-,-,-
Tripura Govt Quota,ST,Tripura,"Agartala Med Coll, Agartala",MICROBIOLOGY,"₹1,50,000*","₹55,200*",1*,"₹35,00,000*",580,-,-,47(1),-,149(1),103(1),-,-,-
Tripura Govt Quota,ST,Tripura,"Agartala Med Coll, Agartala",PHYSIOLOGY,"₹1,50,000*","₹55,200*",1*,"₹35,00,000*",580,-,-,-,-,151(1),-,-,-,-
Tripura Govt Quota,UR,Tripura,"Agartala Med Coll, Agartala",OPHTHALMOLOGY,"₹1,50,000*","₹55,200*",1*,"₹50,00,000*",580,15(1),-,25(1),-,-,-,-,-,-
Tripura Govt Quota,SC,Tripura,"Agartala Med Coll, Agartala",ORTHOPAEDICS,"₹1,50,000*","₹55,200*",1*,"₹50,00,000*",580,33(1),-,-,-,-,-,-,-,-
Tripura Govt Quota,ST,Tripura,"Agartala Med Coll, Agartala",RADIO DIAGNOSIS,"₹1,50,000*","₹55,200*",1*,"₹50,00,000*",580,39(1),-,-,-,-,-,-,-,-
Tripura Govt Quota,SC,Tripura,"Agartala Med Coll, Agartala",GENERAL SURGERY,"₹1,50,000*","₹55,200*",1*,"₹50,00,000*",580,43(1),-,-,-,-,-,-,-,-
Tripura DNB Serv,SC,Tripura,"IGM Hospital, Agartala",DO(NBEMS),"₹1,25,000","₹42,000*",Info Not Available,Info not available,Info Not Available,-,-,45(1),-,-,-,-,-,-
Tripura Govt Quota,ST,Tripura,"Agartala Med Coll, Agartala",OPHTHALMOLOGY,"₹1,50,000*","₹55,200*",1*,"₹50,00,000*",580,47(1),28(1),46(1),-,-,-,-,-,-
Tripura Mgmt Quota,ST,Tripura,"Tripura Med Coll, Agartala",GENERAL MEDICINE,"₹23,65,500*","₹55,200",3*,"₹50,00,000*",490,-,-,54(1),-,-,-,-,-,-
Tripura Govt Quota,ST,Tripura,"Agartala Med Coll, Agartala",ENT,"₹1,50,000*","₹55,200*",1*,"₹50,00,000*",580,54(1),31(1),40(1),-,-,-,-,-,-
Tripura Govt Quota,UR-EWS,Tripura,"Agartala Med Coll, Agartala",PATHOLOGY,"₹1,50,000*","₹55,200*",1*,"₹35,00,000*",580,-,-,56(1),-,-,-,-,-,-
Tripura Govt Quota,SC,Assam,"Lokopriya (LGBRIMH),Tezpur",PSYCHIATRY,-,-,-,-,336,58(1),-,-,-,-,-,-,-,-
Tripura DNB Serv,ST,Tripura,"IGM Hospital, Agartala",DCH(NBEMS),"₹1,25,000","₹42,000*",Info Not Available,Info not available,Info Not Available,63(1),37(1),-,50(1),-,-,-,-,-
Tripura Mgmt Quota,SC,Tripura,"Tripura Med Coll, Agartala",GENERAL MEDICINE,"₹23,65,500*","₹55,200",3*,"₹50,00,000*",490,66(1),-,-,-,-,-,-,-,-
Tripura Govt Quota,SC,Tripura,"Agartala Med Coll, Agartala",RADIATION ONCOLOGY,"₹1,50,000*","₹55,200*",1*,"₹50,00,000*",580,67(1),36(1),-,-,-,-,-,-,-
Tripura Govt Quota,UR,Tripura,"Tripura Med Coll, Agartala",PHARMACOLOGY,"₹8,00,000*","₹55,200",3*,"₹50,00,000*",490,68(1),-,-,-,-,-,-,-,-
Tripura Govt Quota,ST,Tripura,"Agartala Med Coll, Agartala",FORENSIC MEDICINE,"₹1,50,000*","₹55,200*",1*,"₹35,00,000*",580,79(1),-,52(1),-,-,-,-,-,-
Tripura Govt Quota,SC,Tripura,"Agartala Med Coll, Agartala",SPM,"₹1,50,000*","₹55,200*",1*,"₹35,00,000*",580,80(1),-,53(1),44(1),-,-,-,-,-